Rk,Player,Pos,Age,Tm,G,GS,MP,FG,FGA,FG%,3P,3PA,3P%,2P,2PA,2P%,eFG%,FT,FTA,FT%,ORB,DRB,TRB,AST,STL,BLK,TOV,PF,PTS
1,Precious Achiuwa\achiupr01,C,22,TOR,46,23,23.3,3.1,7.3,.421,0.3,1.2,.291,2.7,6.1,.447,.445,0.9,1.6,.569,2.2,4.7,7.0,1.2,0.5,0.6,1.0,2.0,7.4
2,Steven Adams\adamsst01,C,28,MEM,54,53,25.9,2.7,5.0,.541,0.0,0.0,,2.7,5.0,.541,.541,1.6,2.8,.567,4.5,5.1,9.6,3.2,0.9,0.7,1.6,1.8,7.0
3,Bam Adebayo\adebaba01,C,24,MIA,32,32,33.0,7.1,13.4,.527,0.0,0.1,.000,7.1,13.3,.531,.527,4.5,5.9,.767,2.8,7.3,10.1,3.5,1.6,0.6,3.0,3.1,18.7
4,Santi Aldama\aldamsa01,PF,21,MEM,27,0,10.3,1.4,3.6,.381,0.1,1.4,.103,1.2,2.1,.569,.402,0.4,0.7,.600,0.9,1.5,2.4,0.5,0.1,0.3,0.3,1.0,3.3
5,LaMarcus Aldridge\aldrila01,C,36,BRK,36,11,22.9,5.8,10.4,.555,0.3,1.1,.316,5.4,9.3,.582,.571,1.6,1.9,.853,1.5,4.1,5.6,0.9,0.4,1.1,0.9,1.8,13.4
6,Nickeil Alexander-Walker\alexani01,SG,23,TOT,51,19,25.8,4.6,12.4,.375,1.9,6.0,.311,2.8,6.4,.434,.450,1.4,1.9,.722,0.7,2.5,3.2,2.7,0.8,0.4,1.7,1.7,12.5
6,Nickeil Alexander-Walker\alexani01,SG,23,NOP,50,19,26.3,4.7,12.6,.375,1.9,6.1,.311,2.8,6.5,.434,.450,1.4,1.9,.722,0.7,2.6,3.3,2.8,0.8,0.4,1.7,1.8,12.8
6,Nickeil Alexander-Walker\alexani01,SG,23,UTA,1,0,1.0,0.0,0.0,,0.0,0.0,,0.0,0.0,,,0.0,0.0,,0.0,0.0,0.0,0.0,0.0,0.0,0.0,0.0,0.0
7,Grayson Allen\allengr01,SG,26,MIL,47,46,28.1,4.0,9.5,.427,2.5,6.4,.393,1.5,3.0,.500,.561,1.0,1.2,.857,0.6,2.9,3.4,1.5,0.8,0.3,0.6,1.4,11.6
8,Jarrett Allen\allenja01,C,23,CLE,49,49,32.6,6.6,9.9,.665,0.0,0.2,.100,6.6,9.7,.676,.666,3.0,4.3,.700,3.6,7.5,11.1,1.8,0.8,1.3,1.7,1.8,16.2
9,Jose Alvarado\alvarjo01,PG,23,NOP,29,1,12.9,2.0,4.7,.434,0.6,1.9,.321,1.4,2.8,.513,.500,0.6,0.8,.696,0.3,1.1,1.4,2.0,1.0,0.1,0.4,1.3,5.2
10,Justin Anderson\anderju01,SF,28,TOT,6,0,12.8,1.0,3.2,.316,0.5,2.5,.200,0.5,0.7,.750,.395,1.0,1.2,.857,0.3,1.3,1.7,1.5,0.3,0.2,0.5,1.5,3.5
10,Justin Anderson\anderju01,SF,28,CLE,3,0,15.7,1.3,2.7,.500,0.7,2.0,.333,0.7,0.7,1.000,.625,1.0,1.3,.750,0.0,2.0,2.0,2.0,0.3,0.0,0.7,1.3,4.3
10,Justin Anderson\anderju01,SF,28,IND,3,0,10.0,0.7,3.7,.182,0.3,3.0,.111,0.3,0.7,.500,.227,1.0,1.0,1.000,0.7,0.7,1.3,1.0,0.3,0.3,0.3,1.7,2.7
11,Kyle Anderson\anderky01,PF,28,MEM,45,8,22.2,3.1,7.2,.435,0.6,1.7,.333,2.6,5.5,.467,.475,1.0,1.6,.653,1.0,4.4,5.4,2.7,1.1,0.6,1.0,1.6,7.9
12,Giannis Antetokounmpo\antetgi01,PF,27,MIL,47,47,32.5,9.9,18.3,.541,1.1,3.9,.298,8.8,14.5,.605,.572,8.0,11.1,.718,1.8,9.4,11.2,6.0,1.0,1.4,3.3,3.2,29.0
13,Thanasis Antetokounmpo\antetth01,SF,29,MIL,34,5,10.4,1.2,2.5,.477,0.0,0.3,.091,1.2,2.2,.533,.483,0.4,0.7,.625,0.9,1.4,2.3,0.6,0.4,0.3,0.6,1.7,2.9
14,Carmelo Anthony\anthoca01,PF,37,LAL,50,3,26.5,4.6,10.5,.437,2.3,5.9,.392,2.3,4.6,.496,.548,2.0,2.4,.824,0.8,3.3,4.2,1.0,0.7,0.8,0.9,2.2,13.4
15,Cole Anthony\anthoco01,PG,21,ORL,44,44,33.3,6.0,15.3,.395,2.2,6.5,.338,3.8,8.8,.437,.467,3.5,4.1,.851,0.6,5.2,5.8,6.0,0.9,0.3,2.9,2.6,17.8
16,OG Anunoby\anunoog01,SF,24,TOR,40,40,37.2,6.8,15.5,.439,2.5,7.0,.356,4.3,8.5,.507,.519,2.0,2.6,.743,1.7,4.1,5.7,2.7,1.6,0.6,1.8,3.0,18.0
17,Trevor Ariza\arizatr01,SF,36,LAL,19,8,19.3,1.3,3.7,.352,1.0,3.1,.328,0.3,0.7,.462,.486,0.4,0.6,.583,0.3,3.1,3.4,1.2,0.5,0.2,0.5,0.9,4.0
18,D.J. Augustin\augusdj01,PG,34,HOU,34,2,15.0,1.6,4.0,.404,1.1,2.8,.406,0.5,1.2,.400,.548,1.0,1.1,.868,0.2,1.0,1.2,2.2,0.3,0.0,1.3,0.5,5.4
19,Deni Avdija\avdijde01,SF,21,WAS,55,6,23.0,2.7,6.2,.442,0.9,2.8,.303,1.9,3.4,.556,.510,1.1,1.5,.750,0.6,4.2,4.8,1.6,0.8,0.6,0.8,2.3,7.4
20,Joel Ayayi\ayayijo01,SG,21,WAS,7,0,2.9,0.1,0.9,.167,0.0,0.1,.000,0.1,0.7,.200,.167,0.0,0.0,,0.1,0.3,0.4,0.6,0.0,0.0,0.0,0.0,0.3
21,Deandre Ayton\aytonde01,C,23,PHO,35,35,29.1,7.2,11.1,.645,0.1,0.2,.250,7.1,10.9,.654,.648,2.0,2.8,.722,2.7,7.6,10.3,1.5,0.8,0.7,1.6,2.3,16.4
22,Udoka Azubuike\azubuud01,C,22,UTA,14,6,12.1,2.1,2.9,.725,0.0,0.0,,2.1,2.9,.725,.725,0.3,0.6,.444,1.0,3.2,4.2,0.0,0.1,0.8,0.9,1.6,4.4
23,Marvin Bagley III\baglema01,PF,22,SAC,30,17,21.9,3.8,8.2,.463,0.5,2.1,.242,3.3,6.1,.538,.494,1.2,1.6,.745,2.2,4.9,7.2,0.6,0.3,0.4,0.7,1.7,9.3
24,LaMelo Ball\ballla01,PG,20,CHO,51,51,32.4,7.2,16.8,.427,2.7,7.3,.373,4.5,9.6,.467,.507,3.1,3.5,.867,1.6,5.4,7.0,7.5,1.6,0.4,3.1,3.1,20.1
25,Lonzo Ball\balllo01,PG,24,CHI,35,35,34.6,4.6,10.9,.423,3.1,7.4,.423,1.5,3.5,.423,.567,0.6,0.8,.750,1.0,4.4,5.4,5.1,1.8,0.9,2.3,2.4,13.0
26,Mo Bamba\bambamo01,C,23,ORL,47,45,26.3,4.0,8.5,.470,1.3,3.7,.351,2.7,4.8,.563,.546,0.9,1.1,.800,2.1,5.9,8.0,1.3,0.6,1.9,1.3,2.5,10.1
27,Desmond Bane\banede01,SF,23,MEM,54,54,30.1,6.6,14.3,.463,2.8,6.8,.415,3.8,7.5,.506,.561,1.7,1.9,.900,0.6,3.9,4.5,2.5,1.2,0.5,1.6,2.5,17.8
28,Dalano Banton\bantoda01,SF,22,TOR,45,1,11.9,1.5,3.5,.415,0.2,0.9,.262,1.2,2.6,.470,.450,0.4,0.7,.625,0.6,1.6,2.2,1.6,0.5,0.2,1.0,1.2,3.6
29,Cat Barber\barbeca01,PG,27,ATL,3,0,4.3,0.0,1.3,.000,0.0,0.0,,0.0,1.3,.000,.000,0.0,1.3,.000,0.3,0.7,1.0,1.0,0.0,0.0,0.3,0.3,0.0
30,Harrison Barnes\barneha02,PF,29,SAC,53,53,33.7,5.2,11.2,.467,2.0,4.9,.411,3.2,6.4,.510,.556,4.7,5.7,.827,1.1,5.0,6.1,2.5,0.7,0.2,1.6,1.3,17.2
31,Scottie Barnes\barnesc01,PF,20,TOR,47,47,35.8,5.8,12.2,.475,0.9,2.7,.317,5.0,9.6,.519,.510,2.3,3.1,.736,2.5,5.1,7.6,3.4,1.0,0.8,1.9,2.8,14.7
32,RJ Barrett\barrerj01,SF,21,NYK,48,48,33.1,6.4,15.5,.412,2.0,5.6,.354,4.4,9.8,.445,.476,3.2,4.6,.695,0.9,4.8,5.7,2.6,0.5,0.3,2.0,2.0,18.0
33,Will Barton\bartowi01,SG,31,DEN,49,49,32.6,5.9,13.2,.445,2.3,6.2,.377,3.6,7.0,.504,.533,1.3,1.7,.771,0.7,4.3,5.0,4.1,0.9,0.5,1.9,1.6,15.4
34,Paris Bass\basspa01,SF,26,PHO,2,0,3.5,1.0,3.0,.333,0.0,1.0,.000,1.0,2.0,.500,.333,1.0,1.0,1.000,1.0,1.0,2.0,0.0,0.5,0.0,1.0,1.0,3.0
35,Charles Bassey\bassech01,PF,21,PHI,22,0,7.3,1.3,2.0,.651,0.0,0.2,.000,1.3,1.8,.718,.651,0.4,0.5,.727,0.9,1.8,2.7,0.3,0.2,0.8,0.4,1.4,2.9
36,Keita Bates-Diop\bateske01,SF,26,SAS,43,12,16.5,2.2,4.3,.500,0.3,1.0,.333,1.8,3.3,.549,.538,0.7,1.0,.690,1.1,2.9,4.0,0.6,0.5,0.3,0.7,1.0,5.3
37,Nicolas Batum\batumni01,PF,33,LAC,37,32,24.8,3.1,6.5,.485,1.9,4.7,.405,1.2,1.8,.697,.632,0.4,0.6,.667,0.5,3.9,4.3,1.5,1.0,0.7,0.8,1.4,8.6
38,Kent Bazemore\bazemke01,SF,32,LAL,31,14,14.7,1.3,3.8,.328,0.7,2.1,.354,0.5,1.7,.296,.424,0.4,0.5,.765,0.3,1.5,1.7,0.9,0.6,0.2,0.3,1.8,3.7
39,Darius Bazley\bazleda01,PF,21,OKC,51,35,27.0,3.6,8.9,.400,1.0,3.5,.294,2.5,5.4,.469,.458,1.6,2.3,.696,1.2,5.5,6.6,1.3,0.8,1.2,1.3,1.0,9.7
40,Bradley Beal\bealbr01,SG,28,WAS,40,40,36.0,8.7,19.3,.451,1.6,5.3,.300,7.1,14.0,.508,.492,4.2,5.1,.833,1.0,3.8,4.7,6.6,0.9,0.4,3.4,2.4,23.2
41,Malik Beasley\beaslma01,SG,25,MIN,57,10,25.7,4.4,11.5,.381,2.9,8.2,.359,1.4,3.3,.435,.509,0.6,0.7,.762,0.4,2.6,3.0,1.5,0.5,0.2,0.6,1.2,12.2
42,Jordan Bell\belljo01,C,27,CHI,1,0,2.0,0.0,0.0,,0.0,0.0,,0.0,0.0,,,0.0,0.0,,1.0,0.0,1.0,0.0,1.0,0.0,0.0,2.0,0.0
43,DeAndre' Bembry\bembrde01,SF,27,BRK,48,20,19.8,2.5,4.4,.568,0.3,0.8,.417,2.2,3.7,.599,.603,0.4,0.7,.600,0.8,2.4,3.2,1.3,1.0,0.5,0.6,2.2,5.8
44,Dāvis Bertāns\bertada01,PF,29,WAS,34,0,14.7,1.8,5.0,.351,1.4,4.2,.319,0.4,0.8,.519,.485,0.8,0.9,.933,0.2,1.6,1.8,0.5,0.3,0.2,0.4,1.6,5.7
45,Patrick Beverley\beverpa01,PG,33,MIN,38,34,26.1,3.1,7.7,.406,1.4,4.1,.340,1.7,3.6,.482,.497,1.4,1.9,.722,1.1,3.3,4.4,4.9,1.1,0.9,1.2,2.9,9.0
46,Saddiq Bey\beysa01,SF,22,DET,56,56,33.5,5.4,14.1,.385,2.5,7.4,.339,2.9,6.7,.436,.474,2.4,2.9,.833,1.4,4.4,5.7,2.7,0.9,0.2,1.3,1.7,15.7
47,Khem Birch\birchkh01,C,29,TOR,29,7,18.7,1.9,3.8,.486,0.0,0.3,.000,1.9,3.6,.524,.486,1.1,1.5,.750,2.3,2.2,4.5,1.2,0.8,0.4,0.6,1.6,4.9
48,Goga Bitadze\bitadgo01,C,22,IND,34,7,11.4,1.8,4.1,.442,0.2,1.4,.174,1.6,2.7,.576,.471,0.9,1.4,.625,1.4,1.4,2.8,0.7,0.4,0.7,0.8,1.8,4.7
49,Bismack Biyombo\biyombi01,C,29,PHO,17,3,18.1,3.5,5.6,.615,0.0,0.0,,3.5,5.6,.615,.615,1.6,3.0,.529,2.7,3.6,6.4,0.8,0.5,0.8,0.8,2.3,8.5
50,Nemanja Bjelica\bjeline01,C,33,GSW,51,0,15.4,2.3,5.1,.448,0.8,2.3,.336,1.5,2.7,.543,.525,0.9,1.3,.682,0.9,3.2,4.0,1.9,0.6,0.3,1.1,1.6,6.2
51,Eric Bledsoe\bledser01,PG,32,LAC,54,29,25.2,3.6,8.7,.421,0.9,3.0,.313,2.7,5.6,.479,.475,1.6,2.2,.761,0.5,2.9,3.4,4.2,1.3,0.4,2.1,1.6,9.9
52,Keljin Blevins\blevike01,SF,26,POR,12,0,6.1,0.8,1.9,.391,0.5,1.2,.429,0.3,0.8,.333,.522,0.0,0.2,.000,0.2,0.5,0.7,0.3,0.0,0.0,0.5,0.4,2.0
53,Bogdan Bogdanović\bogdabo01,SG,29,ATL,38,26,28.8,4.8,11.2,.424,2.4,6.6,.369,2.3,4.6,.503,.533,1.1,1.4,.827,0.3,3.5,3.8,2.9,0.9,0.2,1.1,2.1,13.1
54,Bojan Bogdanović\bogdabo02,PF,32,UTA,54,54,31.0,6.1,13.3,.454,2.4,6.4,.376,3.6,6.9,.527,.544,3.3,3.8,.868,0.8,3.6,4.4,1.7,0.5,0.0,1.7,1.7,17.8
55,Bol Bol\bolbo01,PF,22,DEN,14,0,5.8,1.1,1.9,.556,0.1,0.3,.250,1.0,1.6,.609,.574,0.1,0.4,.400,0.3,1.1,1.4,0.4,0.1,0.1,0.3,0.3,2.4
56,Leandro Bolmaro\bolmale01,SF,21,MIN,25,2,7.5,0.4,1.3,.281,0.1,0.5,.167,0.3,0.8,.350,.313,0.3,0.4,.889,0.6,0.8,1.4,0.4,0.2,0.0,0.5,0.8,1.1
57,Isaac Bonga\bongais01,SF,22,TOR,13,0,5.1,0.2,1.0,.231,0.1,0.3,.250,0.2,0.7,.222,.269,0.3,0.5,.667,0.3,0.2,0.5,0.2,0.5,0.2,0.2,0.8,0.8
58,Devin Booker\bookede01,SG,25,PHO,49,49,33.9,9.3,20.8,.447,2.7,7.2,.369,6.6,13.6,.487,.510,4.3,5.0,.861,0.8,4.5,5.3,4.4,1.0,0.3,2.3,2.5,25.5
59,Brandon Boston Jr.\bostobr01,SG,20,LAC,39,0,15.5,2.4,6.6,.363,0.7,2.3,.289,1.7,4.3,.404,.414,1.2,1.4,.855,0.3,2.0,2.4,0.9,0.5,0.3,0.7,0.9,6.6
60,Chris Boucher\bouchch01,PF,29,TOR,53,8,20.1,3.2,7.0,.461,0.8,2.7,.283,2.4,4.2,.576,.516,1.9,2.5,.769,2.1,3.7,5.8,0.3,0.7,1.0,0.6,2.2,9.1
61,James Bouknight\bouknja01,SG,21,CHO,27,0,10.7,1.8,5.0,.353,0.6,1.8,.347,1.1,3.2,.356,.415,1.0,1.1,.871,0.8,1.0,1.7,0.8,0.2,0.0,0.4,1.0,5.2
62,Avery Bradley\bradlav01,SG,31,LAL,49,42,23.8,2.5,6.1,.411,1.4,3.6,.381,1.1,2.5,.455,.523,0.2,0.3,.857,0.6,1.8,2.3,0.8,0.9,0.2,0.7,1.9,6.6
63,Tony Bradley\bradlto01,C,24,CHI,43,7,11.3,1.4,2.5,.585,0.0,0.0,,1.4,2.5,.585,.585,0.3,0.5,.667,1.3,2.4,3.7,0.5,0.2,0.7,0.6,1.3,3.2
64,Ignas Brazdeikis\brazdig01,SF,23,ORL,27,0,8.9,1.0,2.7,.356,0.4,1.3,.294,0.6,1.4,.410,.425,0.4,0.5,.786,0.4,0.9,1.3,0.7,0.3,0.0,0.3,0.9,2.7
65,Mikal Bridges\bridgmi01,SF,25,PHO,56,56,34.7,5.3,9.9,.528,1.4,3.8,.373,3.8,6.2,.623,.599,1.3,1.5,.867,1.0,3.2,4.2,2.2,1.2,0.4,0.8,1.9,13.2
66,Miles Bridges\bridgmi02,PF,23,CHO,56,56,35.9,7.4,15.3,.482,1.8,5.8,.307,5.6,9.4,.591,.541,3.2,4.0,.800,1.2,5.9,7.0,3.6,1.1,0.9,1.9,2.6,19.7
67,Oshae Brissett\brissos01,SF,23,IND,45,3,19.9,2.4,6.0,.410,0.9,2.7,.344,1.5,3.2,.466,.489,1.2,1.8,.659,1.5,3.2,4.7,0.8,0.6,0.4,0.8,1.5,7.0
68,Malcolm Brogdon\brogdma01,PG,29,IND,28,28,33.4,6.6,14.7,.448,1.6,5.4,.307,4.9,9.3,.529,.504,3.8,4.4,.861,0.9,4.3,5.1,5.9,0.9,0.4,2.2,2.0,18.5
69,Armoni Brooks\brookar01,SG,23,HOU,41,8,16.8,2.1,6.1,.347,1.6,5.2,.300,0.6,0.9,.605,.474,0.4,0.5,.842,0.3,1.7,2.0,1.2,0.5,0.2,0.6,1.5,6.2
70,Dillon Brooks\brookdi01,SF,26,MEM,21,20,28.0,6.9,16.2,.426,1.6,4.8,.327,5.3,11.4,.469,.475,3.0,3.4,.889,0.8,2.5,3.3,2.7,1.3,0.2,1.8,3.3,18.4
71,Bruce Brown\brownbr01,SF,25,BRK,47,20,20.5,2.6,5.3,.480,0.3,0.8,.316,2.3,4.5,.509,.504,0.7,1.0,.717,1.2,3.0,4.2,1.2,0.9,0.5,0.7,2.3,6.1
72,Charlie Brown Jr.\brownch02,SG,24,TOT,18,2,9.2,0.5,2.0,.250,0.1,0.7,.083,0.4,1.3,.333,.264,0.4,0.4,.875,0.8,0.9,1.7,0.3,0.5,0.2,0.3,1.0,1.4
72,Charlie Brown Jr.\brownch02,SG,24,DAL,3,0,5.0,0.3,1.7,.200,0.0,1.0,.000,0.3,0.7,.500,.200,0.0,0.0,,0.0,0.3,0.3,0.3,0.7,0.3,0.0,0.7,0.7
72,Charlie Brown Jr.\brownch02,SG,24,PHI,15,2,10.1,0.5,2.1,.258,0.1,0.6,.111,0.5,1.5,.318,.274,0.5,0.5,.875,0.9,1.1,2.0,0.3,0.5,0.2,0.3,1.1,1.6
73,Chaundee Brown Jr.\brownch05,SG-SF,23,TOT,5,2,20.8,2.0,6.4,.313,1.2,3.6,.333,0.8,2.8,.286,.406,1.0,1.2,.833,0.2,3.0,3.2,0.8,0.4,0.0,0.2,1.4,6.2
73,Chaundee Brown Jr.\brownch05,SF,23,LAL,2,0,10.5,0.5,3.5,.143,0.0,1.5,.000,0.5,2.0,.250,.143,0.0,0.0,,0.0,1.0,1.0,0.0,0.0,0.0,0.5,0.0,1.0
73,Chaundee Brown Jr.\brownch05,SG,23,ATL,3,2,27.7,3.0,8.3,.360,2.0,5.0,.400,1.0,3.3,.300,.480,1.7,2.0,.833,0.3,4.3,4.7,1.3,0.7,0.0,0.0,2.3,9.7
74,Greg Brown III\browngr01,SF,20,POR,26,0,7.3,1.3,2.8,.446,0.2,0.8,.190,1.1,2.0,.547,.473,0.7,1.1,.607,0.7,1.2,1.8,0.3,0.3,0.3,0.3,0.9,3.3
75,Jaylen Brown\brownja02,SF,25,BOS,44,44,34.4,8.5,18.8,.455,2.6,7.6,.342,6.0,11.2,.530,.524,3.8,4.9,.776,0.8,5.8,6.6,3.2,1.1,0.3,2.9,2.5,23.5
76,Moses Brown\brownmo01,C,22,DAL,26,1,6.5,1.0,1.9,.540,0.0,0.0,,1.0,1.9,.540,.540,1.0,1.7,.628,0.6,1.7,2.3,0.0,0.1,0.3,0.5,1.1,3.1
77,Sterling Brown\brownst02,SG,26,DAL,36,3,14.3,1.4,3.6,.398,0.8,2.2,.342,0.7,1.4,.490,.504,0.3,0.3,.909,0.6,2.9,3.5,0.8,0.3,0.1,0.6,1.2,3.9
78,Troy Brown Jr.\browntr01,SF,22,CHI,46,6,17.8,1.8,4.3,.405,0.7,2.1,.327,1.1,2.2,.480,.485,0.4,0.5,.760,0.7,2.7,3.5,1.1,0.6,0.1,0.5,1.1,4.6
79,Jalen Brunson\brunsja01,PG,25,DAL,56,38,31.9,6.4,12.8,.502,1.1,3.1,.357,5.4,9.8,.547,.545,2.1,2.6,.808,0.5,3.3,3.8,5.4,0.9,0.1,1.7,1.9,16.1
80,Thomas Bryant\bryanth01,C,24,WAS,13,6,16.8,3.1,6.2,.494,0.7,2.0,.346,2.4,4.2,.564,.549,1.0,1.3,.765,1.2,2.5,3.7,0.8,0.5,0.5,0.7,1.7,7.8
81,Shaq Buchanan\buchash01,PG,25,MEM,2,0,5.0,0.5,2.0,.250,0.0,1.0,.000,0.5,1.0,.500,.250,0.0,0.0,,0.5,0.5,1.0,1.0,0.5,0.0,1.0,0.5,1.0
82,Reggie Bullock\bullore01,SF,30,DAL,49,18,25.3,2.8,6.8,.415,1.9,5.2,.363,0.9,1.6,.582,.554,0.6,0.7,.857,0.4,3.0,3.4,1.0,0.5,0.1,0.5,1.4,8.2
83,Trey Burke\burketr01,PG,29,DAL,32,0,10.8,2.2,5.3,.415,0.7,2.2,.333,1.5,3.2,.471,.482,0.5,0.5,.941,0.1,0.8,0.9,1.4,0.3,0.0,0.7,1.0,5.7
84,Alec Burks\burksal01,SG,30,NYK,56,21,26.6,3.3,8.6,.383,1.8,4.5,.392,1.6,4.2,.373,.484,2.7,3.3,.826,0.6,3.8,4.4,2.6,1.1,0.3,1.0,2.4,11.1
85,Jared Butler\butleja02,SG,21,UTA,27,1,7.8,1.3,3.3,.409,0.6,1.7,.362,0.7,1.5,.463,.506,0.3,0.4,.583,0.1,0.7,0.9,1.1,0.3,0.3,0.8,1.0,3.6
86,Jimmy Butler\butleji01,SF,32,MIA,38,38,33.8,7.2,14.6,.491,0.4,1.8,.206,6.8,12.8,.531,.504,7.0,7.8,.893,1.9,4.3,6.2,6.0,1.8,0.4,2.1,1.4,21.7
87,Devontae Cacok\cacokde01,PF,25,SAS,10,0,8.0,1.6,2.3,.696,0.0,0.0,,1.6,2.3,.696,.696,0.4,0.7,.571,0.5,2.5,3.0,0.2,0.5,0.7,0.2,1.1,3.6
88,Kentavious Caldwell-Pope\caldwke01,SG,28,WAS,52,52,29.3,4.1,10.0,.407,1.9,5.1,.367,2.2,4.8,.448,.501,1.3,1.4,.893,0.5,3.0,3.4,1.7,1.1,0.4,1.2,1.7,11.3
89,Facundo Campazzo\campafa01,PG,30,DEN,53,4,20.3,1.9,5.1,.379,1.1,3.3,.320,0.9,1.8,.485,.482,1.1,1.3,.800,0.4,1.5,1.9,3.7,1.1,0.4,1.2,2.0,6.0
90,Vlatko Čančar\cancavl01,PF,24,DEN,14,1,10.9,1.6,2.8,.564,0.5,0.9,.583,1.1,1.9,.556,.654,0.6,0.9,.750,0.4,1.2,1.6,0.9,0.1,0.2,0.6,0.9,4.3
91,Clint Capela\capelca01,C,27,ATL,48,47,28.1,4.9,8.3,.588,0.0,0.0,.000,4.9,8.3,.589,.588,1.1,2.4,.466,3.8,8.4,12.2,1.4,0.7,1.3,0.6,2.3,10.9
92,Vernon Carey Jr.\careyve01,C,20,TOT,5,1,3.6,0.6,1.2,.500,0.0,0.0,,0.6,1.2,.500,.500,0.4,0.6,.667,0.6,0.4,1.0,0.0,0.2,0.0,0.2,0.2,1.6
92,Vernon Carey Jr.\careyve01,C,20,CHO,4,1,4.3,0.8,1.5,.500,0.0,0.0,,0.8,1.5,.500,.500,0.5,0.8,.667,0.8,0.5,1.3,0.0,0.3,0.0,0.3,0.3,2.0
92,Vernon Carey Jr.\careyve01,C,20,WAS,1,0,1.0,0.0,0.0,,0.0,0.0,,0.0,0.0,,,0.0,0.0,,0.0,0.0,0.0,0.0,0.0,0.0,0.0,0.0,0.0
93,Jevon Carter\carteje01,PG,26,BRK,43,1,11.7,1.2,3.6,.331,0.9,2.6,.339,0.3,1.0,.310,.455,0.1,0.2,.750,0.2,1.2,1.4,1.0,0.3,0.2,0.5,1.0,3.4
94,Wendell Carter Jr.\cartewe01,C,22,ORL,49,48,29.3,5.3,10.4,.505,1.1,3.6,.318,4.1,6.8,.603,.560,2.2,3.1,.706,2.0,8.1,10.2,2.6,0.6,0.7,1.7,2.6,13.9
95,Alex Caruso\carusal01,SG,27,CHI,28,9,27.7,2.8,6.5,.429,1.1,3.1,.345,1.7,3.4,.505,.511,1.7,2.1,.814,0.9,3.0,3.9,3.9,1.9,0.4,1.4,2.4,8.4
96,Willie Cauley-Stein\caulewi01,C,28,DAL,18,2,9.8,0.9,1.9,.457,0.1,0.1,.500,0.8,1.8,.455,.471,0.1,0.1,.500,0.7,1.4,2.1,0.5,0.3,0.2,0.4,0.9,1.9
97,Ahmad Caver\caverah01,PG,25,IND,1,0,1.0,1.0,1.0,1.000,0.0,0.0,,1.0,1.0,1.000,1.000,0.0,0.0,,0.0,0.0,0.0,0.0,0.0,0.0,0.0,0.0,2.0
98,Justin Champagnie\champju01,SF,20,TOR,30,0,8.4,1.0,2.0,.483,0.3,0.7,.409,0.7,1.3,.526,.558,0.3,0.3,1.000,1.2,0.9,2.1,0.3,0.2,0.1,0.2,1.1,2.5
99,Zylan Cheatham\cheatzy01,SF,26,UTA,1,0,5.0,0.0,3.0,.000,0.0,2.0,.000,0.0,1.0,.000,.000,0.0,0.0,,0.0,0.0,0.0,0.0,0.0,0.0,0.0,0.0,0.0
100,Chris Chiozza\chiozch01,PG,26,GSW,26,1,10.7,0.7,2.5,.292,0.6,1.7,.372,0.1,0.8,.136,.415,0.0,0.0,1.000,0.3,0.8,1.2,1.8,0.3,0.0,0.8,0.9,2.1
101,Marquese Chriss\chrisma01,PF,24,DAL,23,0,11.1,2.1,4.4,.475,0.3,0.9,.333,1.8,3.5,.513,.510,0.5,0.8,.632,1.0,2.5,3.5,0.5,0.5,0.4,0.7,2.1,5.0
102,Josh Christopher\chrisjo01,SG,20,HOU,47,2,16.6,2.9,6.1,.467,0.8,2.4,.339,2.0,3.7,.549,.533,1.0,1.4,.766,0.7,1.4,2.0,1.7,0.8,0.1,1.4,1.1,7.6
103,Gary Clark\clarkga01,PF,27,NOP,24,1,11.2,0.9,2.5,.361,0.8,2.1,.373,0.1,0.4,.300,.516,0.3,0.3,.750,0.6,2.0,2.7,0.3,0.4,0.3,0.2,0.6,2.9
104,Brandon Clarke\clarkbr01,PF,25,MEM,43,1,19.0,4.4,6.8,.651,0.1,0.4,.222,4.3,6.4,.679,.658,1.4,2.0,.698,2.0,3.3,5.3,1.5,0.5,1.1,0.5,1.7,10.3
105,Jordan Clarkson\clarkjo01,SG,29,UTA,53,1,26.5,5.6,14.0,.402,2.5,8.0,.318,3.1,6.0,.513,.493,1.7,2.1,.827,0.8,2.7,3.4,2.4,0.7,0.2,1.6,1.9,15.5
106,Nic Claxton\claxtni01,C,22,BRK,25,18,21.2,4.0,6.2,.639,0.0,0.0,,4.0,6.2,.639,.639,1.2,2.1,.566,2.2,3.4,5.6,0.8,0.5,1.1,0.7,2.2,9.1
107,Amir Coffey\coffeam01,SG,24,LAC,45,20,22.1,2.8,6.1,.458,1.4,3.6,.391,1.4,2.5,.553,.573,1.4,1.6,.890,0.5,2.6,3.0,1.6,0.5,0.2,0.5,1.3,8.4
108,John Collins\collijo01,PF,24,ATL,50,50,31.3,6.5,12.1,.537,1.2,3.2,.388,5.3,8.9,.591,.588,2.5,3.2,.794,1.8,6.1,7.9,1.9,0.6,1.1,1.1,3.1,16.8
109,Zach Collins\colliza01,PF,24,SAS,3,0,16.0,2.7,6.3,.421,0.7,1.0,.667,2.0,5.3,.375,.474,0.7,1.3,.500,2.3,3.7,6.0,2.7,1.0,0.0,1.7,2.3,6.7
110,Darren Collison\collida01,PG,34,LAL,3,0,12.3,0.7,2.3,.286,0.0,1.0,.000,0.7,1.3,.500,.286,0.0,0.0,,0.0,1.3,1.3,0.7,0.3,0.0,0.3,1.7,1.3
111,Mike Conley\conlemi01,PG,34,UTA,50,50,28.4,4.9,11.0,.446,2.5,5.8,.423,2.5,5.2,.473,.558,1.9,2.3,.835,0.6,2.5,3.1,5.2,1.2,0.3,1.7,1.8,14.2
112,Pat Connaughton\connapa01,SG,29,MIL,54,18,27.0,3.6,7.7,.467,2.3,5.7,.407,1.3,2.0,.639,.618,0.6,0.7,.811,0.7,3.7,4.4,1.2,0.9,0.3,0.6,1.4,10.1
113,Tyler Cook\cookty01,PF,24,CHI,19,2,10.3,1.2,1.9,.611,0.0,0.0,,1.2,1.9,.611,.611,1.1,1.6,.645,0.8,1.9,2.7,0.2,0.2,0.2,0.4,1.4,3.4
114,Sharife Cooper\coopesh01,PG,20,ATL,11,0,3.2,0.3,1.3,.214,0.1,0.5,.167,0.2,0.7,.250,.250,0.0,0.0,,0.0,0.5,0.5,0.5,0.0,0.0,0.5,0.1,0.6
115,Petr Cornelie\cornepe01,PF,26,DEN,13,0,2.9,0.4,1.2,.333,0.1,0.6,.125,0.3,0.5,.571,.367,0.2,0.3,.750,0.5,0.5,1.1,0.2,0.1,0.1,0.3,0.5,1.1
116,DeMarcus Cousins\couside01,C,31,TOT,23,5,15.9,2.8,6.9,.409,0.7,2.7,.262,2.1,4.3,.500,.459,1.8,2.3,.778,1.6,4.4,6.0,1.1,0.9,0.4,1.3,2.8,8.2
116,DeMarcus Cousins\couside01,C,31,MIL,17,5,16.9,3.2,6.9,.466,0.8,2.8,.271,2.5,4.1,.600,.521,1.8,2.2,.816,1.4,4.4,5.8,1.1,0.9,0.5,0.9,2.7,9.1
116,DeMarcus Cousins\couside01,C,31,DEN,6,0,13.2,1.7,6.8,.244,0.5,2.2,.231,1.2,4.7,.250,.280,1.8,2.7,.688,2.0,4.7,6.7,1.2,0.7,0.3,2.3,3.0,5.7
117,Robert Covington\covinro01,PF-SF,31,TOT,52,40,28.9,2.7,6.9,.388,1.6,4.7,.343,1.1,2.2,.483,.504,0.7,0.9,.822,0.9,4.7,5.6,1.3,1.5,1.3,1.2,2.7,7.7
117,Robert Covington\covinro01,PF,31,POR,48,40,29.8,2.7,7.0,.381,1.6,4.8,.343,1.0,2.2,.462,.499,0.6,0.8,.833,0.9,4.9,5.7,1.4,1.5,1.3,1.2,2.8,7.6
117,Robert Covington\covinro01,SF,31,LAC,4,0,18.5,3.0,6.3,.480,1.3,3.8,.333,1.8,2.5,.700,.580,1.8,2.3,.778,1.0,2.8,3.8,0.5,1.0,0.8,1.3,2.5,9.0
118,Torrey Craig\craigto01,SF,31,TOT,52,14,20.3,2.6,5.6,.462,0.9,2.7,.340,1.7,2.9,.577,.545,0.5,0.7,.771,1.1,2.7,3.8,1.2,0.5,0.4,0.8,1.8,6.6
118,Torrey Craig\craigto01,SF,31,IND,51,14,20.3,2.5,5.5,.456,0.9,2.7,.333,1.6,2.8,.573,.537,0.5,0.7,.771,1.2,2.7,3.8,1.1,0.5,0.4,0.8,1.9,6.5
118,Torrey Craig\craigto01,SF,31,PHO,1,0,23.0,6.0,9.0,.667,2.0,3.0,.667,4.0,6.0,.667,.778,0.0,0.0,,0.0,3.0,3.0,4.0,2.0,0.0,1.0,0.0,14.0
119,Jae Crowder\crowdja01,PF,31,PHO,46,46,28.3,3.1,7.8,.396,1.8,5.3,.337,1.3,2.6,.517,.510,1.0,1.2,.830,0.4,4.9,5.3,1.5,1.2,0.5,0.8,2.4,9.0
120,Jarrett Culver\culveja01,SG,22,MEM,26,0,9.1,1.5,3.5,.424,0.4,1.2,.323,1.1,2.3,.475,.478,0.4,0.8,.524,0.3,1.1,1.5,1.0,0.5,0.1,0.4,1.0,3.8
121,Jarron Cumberland\cumbeja01,SG,24,POR,3,0,4.0,0.3,0.7,.500,0.0,0.3,.000,0.3,0.3,1.000,.500,0.0,0.0,,0.3,0.7,1.0,0.3,0.0,0.0,0.0,0.7,0.7
122,Cade Cunningham\cunnica01,PG,20,DET,42,42,31.8,6.0,15.0,.397,2.0,6.2,.330,3.9,8.8,.444,.465,1.8,2.0,.860,0.9,4.5,5.5,5.2,1.3,0.7,3.5,2.9,15.7
123,Seth Curry\curryse01,SG,31,PHI,45,45,34.8,5.7,11.7,.485,2.2,5.6,.400,3.5,6.2,.561,.580,1.4,1.6,.877,0.4,3.0,3.4,4.0,0.8,0.2,1.9,2.2,15.0
124,Stephen Curry\curryst01,PG,33,GSW,52,52,34.8,8.3,19.6,.422,4.7,12.4,.376,3.6,7.3,.500,.541,4.4,4.8,.917,0.6,4.8,5.4,6.4,1.4,0.4,3.3,2.1,25.7
125,Anthony Davis\davisan02,C,28,LAL,36,36,35.6,9.3,17.4,.534,0.3,1.8,.169,9.0,15.6,.576,.542,4.4,6.3,.707,2.9,7.1,9.9,2.9,1.2,2.3,2.1,2.6,23.3
126,Ed Davis\davised01,C,32,CLE,19,3,7.5,0.5,0.7,.643,0.0,0.0,,0.5,0.7,.643,.643,0.2,0.4,.375,0.4,1.9,2.3,0.3,0.2,0.4,0.3,1.4,1.1
127,Terence Davis\daviste02,SG,24,SAC,30,11,17.9,3.8,8.9,.423,1.6,5.0,.329,2.1,3.9,.542,.515,1.2,1.5,.818,0.4,2.8,3.1,1.3,0.8,0.4,1.1,2.3,10.4
128,Gabriel Deck\deckga01,PF,26,OKC,7,0,8.0,1.1,2.0,.571,0.3,0.6,.500,0.9,1.4,.600,.643,0.0,0.0,,0.1,0.7,0.9,0.7,0.1,0.0,0.3,0.3,2.6
129,Dewayne Dedmon\dedmode01,C,32,MIA,50,15,16.4,2.6,4.5,.580,0.3,0.6,.516,2.3,3.9,.591,.616,1.1,1.4,.778,1.8,4.3,6.1,0.7,0.4,0.5,1.1,2.4,6.6
130,Sam Dekker\dekkesa01,PF,27,TOR,1,0,1.0,0.0,0.0,,0.0,0.0,,0.0,0.0,,,0.0,0.0,,0.0,0.0,0.0,0.0,0.0,0.0,0.0,0.0,0.0
131,Javin DeLaurier\delauja01,C,23,MIL,1,0,3.0,0.0,0.0,,0.0,0.0,,0.0,0.0,,,0.0,0.0,,0.0,1.0,1.0,0.0,1.0,0.0,0.0,1.0,0.0
132,DeMar DeRozan\derozde01,PF,32,CHI,53,53,35.5,10.1,19.7,.512,0.6,1.8,.337,9.5,17.8,.530,.528,6.9,8.1,.862,0.8,4.4,5.2,5.1,0.9,0.3,2.3,2.2,27.7
133,Mamadi Diakite\diakima01,PF,25,OKC,13,3,14.5,1.9,3.6,.532,0.0,0.4,.000,1.9,3.2,.595,.532,0.5,0.8,.545,1.3,3.2,4.5,0.2,0.4,0.7,0.5,2.5,4.3
134,Cheick Diallo\diallch01,C,25,DET,3,0,10.3,1.0,2.7,.375,0.0,0.0,,1.0,2.7,.375,.375,1.7,2.0,.833,1.3,2.7,4.0,0.0,0.3,0.0,0.3,2.0,3.7
135,Hamidou Diallo\diallha01,SG,23,DET,49,29,22.7,4.6,9.3,.500,0.4,1.7,.244,4.2,7.6,.556,.522,1.5,2.4,.632,1.2,3.7,4.9,1.2,1.2,0.3,1.0,2.6,11.2
136,Gorgui Dieng\dienggo01,C,32,ATL,36,3,9.1,1.3,2.6,.479,0.6,1.4,.423,0.6,1.2,.548,.596,0.5,0.7,.708,0.9,2.2,3.0,0.8,0.3,0.4,0.5,1.3,3.6
137,Spencer Dinwiddie\dinwisp01,PG,28,WAS,44,44,30.2,4.2,11.2,.376,1.6,5.1,.310,2.6,6.0,.432,.447,2.6,3.3,.811,0.8,3.9,4.7,5.8,0.6,0.2,1.7,2.4,12.6
138,Donte DiVincenzo\divindo01,SG,25,TOT,18,0,20.0,2.3,7.1,.323,1.2,4.5,.272,1.1,2.6,.413,.409,1.4,1.6,.862,1.1,2.4,3.4,1.9,0.7,0.2,1.6,1.5,7.2
138,Donte DiVincenzo\divindo01,SG,25,MIL,17,0,20.1,2.3,6.9,.331,1.2,4.4,.284,1.1,2.6,.409,.419,1.4,1.6,.852,1.1,2.5,3.5,1.7,0.6,0.2,1.6,1.5,7.2
138,Donte DiVincenzo\divindo01,SG,25,SAC,1,0,19.0,2.0,9.0,.222,1.0,7.0,.143,1.0,2.0,.500,.278,2.0,2.0,1.000,1.0,1.0,2.0,5.0,1.0,0.0,0.0,1.0,7.0
139,Luka Dončić\doncilu01,PG,22,DAL,42,42,35.3,9.7,21.4,.452,2.7,8.2,.329,7.0,13.2,.527,.514,5.2,7.0,.733,0.9,8.2,9.0,9.1,1.2,0.5,4.4,2.4,27.2
140,Luguentz Dort\dortlu01,SF,22,OKC,51,51,32.6,5.7,14.2,.404,2.5,7.7,.332,3.2,6.6,.487,.493,3.2,3.7,.843,0.7,3.4,4.2,1.7,0.9,0.4,1.7,2.9,17.2
141,Ayo Dosunmu\dosunay01,SG,22,CHI,52,18,25.4,3.2,6.0,.527,0.9,2.3,.419,2.2,3.8,.592,.605,0.7,1.1,.661,0.3,2.4,2.7,3.0,0.7,0.3,1.2,2.2,8.0
142,Damyean Dotson\dotsoda01,SG,27,NYK,2,0,10.5,1.0,2.0,.500,0.0,0.5,.000,1.0,1.5,.667,.500,0.0,0.0,,0.0,1.0,1.0,0.5,0.0,0.0,0.0,0.0,2.0
143,Devon Dotson\dotsode01,PG,22,CHI,11,0,7.7,1.0,2.1,.478,0.2,0.8,.222,0.8,1.3,.643,.522,0.5,0.8,.556,0.1,0.7,0.8,1.4,0.1,0.0,0.5,1.0,2.6
144,Sekou Doumbouya\doumbse01,PF,21,LAL,2,0,8.0,2.5,4.0,.625,0.5,1.0,.500,2.0,3.0,.667,.688,1.5,2.0,.750,1.0,2.0,3.0,0.0,1.5,1.0,1.0,0.5,7.0
145,Jeff Dowtin\dowtije01,PG,24,TOT,5,0,6.2,0.6,1.4,.429,0.0,0.4,.000,0.6,1.0,.600,.429,0.0,0.0,,0.2,1.2,1.4,0.6,0.0,0.2,0.2,0.4,1.2
145,Jeff Dowtin\dowtije01,PG,24,GSW,4,0,7.0,0.8,1.5,.500,0.0,0.3,.000,0.8,1.3,.600,.500,0.0,0.0,,0.3,1.5,1.8,0.8,0.0,0.3,0.3,0.5,1.5
145,Jeff Dowtin\dowtije01,PG,24,MIL,1,0,3.0,0.0,1.0,.000,0.0,1.0,.000,0.0,0.0,,.000,0.0,0.0,,0.0,0.0,0.0,0.0,0.0,0.0,0.0,0.0,0.0
146,PJ Dozier\doziepj01,SG,25,DEN,18,0,18.9,2.0,5.5,.364,0.8,2.7,.313,1.2,2.8,.412,.439,0.6,0.7,.769,0.8,2.7,3.5,1.6,0.6,0.3,0.7,1.8,5.4
147,Goran Dragić\dragigo01,PG,35,TOR,5,2,18.0,2.6,6.8,.382,0.8,2.8,.286,1.8,4.0,.450,.441,2.0,2.0,1.000,0.4,2.4,2.8,1.8,1.0,0.2,0.2,1.6,8.0
148,Andre Drummond\drumman01,C,28,PHI,49,12,18.4,2.6,4.9,.538,0.0,0.0,.000,2.6,4.8,.542,.538,0.9,1.7,.512,2.8,6.1,8.8,2.0,1.1,0.9,1.6,2.5,6.1
149,Chris Duarte\duartch01,SG,24,IND,50,38,28.7,5.0,11.5,.435,1.7,4.8,.364,3.3,6.7,.485,.510,1.7,2.1,.792,0.7,3.4,4.1,2.2,1.0,0.2,1.7,1.7,13.4
150,David Duke Jr.\dukeda01,PG,22,BRK,17,7,17.0,2.0,5.5,.366,0.5,1.8,.258,1.5,3.6,.419,.409,0.9,1.1,.842,1.7,1.9,3.6,0.9,0.7,0.4,0.5,1.8,5.4
151,Kevin Durant\duranke01,PF,33,BRK,36,36,36.5,10.5,20.3,.520,1.9,5.0,.372,8.7,15.3,.568,.566,6.3,7.1,.894,0.6,6.9,7.4,5.8,0.8,0.9,3.0,1.9,29.3
152,Jaime Echenique\echenja01,C,24,WAS,1,0,3.0,0.0,0.0,,0.0,0.0,,0.0,0.0,,,0.0,0.0,,0.0,0.0,0.0,0.0,0.0,0.0,0.0,0.0,0.0
153,Anthony Edwards\edwaran01,SG,20,MIN,51,51,35.0,8.1,18.3,.441,3.2,8.8,.362,4.9,9.5,.513,.527,3.1,3.9,.794,0.9,3.9,4.8,3.7,1.5,0.7,2.8,2.3,22.4
154,Kessler Edwards\edwarke02,SF,21,BRK,25,18,25.6,2.8,6.7,.417,1.2,3.4,.345,1.6,3.4,.488,.503,0.3,0.4,.800,1.1,3.3,4.4,0.6,0.9,0.7,1.1,2.1,7.1
155,Rob Edwards\edwarro01,SG,25,OKC,2,0,5.5,0.5,2.0,.250,0.5,2.0,.250,0.0,0.0,,.375,0.0,0.0,,0.0,1.5,1.5,0.0,0.0,0.0,0.5,0.0,1.5
156,CJ Elleby\ellebcj01,SF,21,POR,33,5,14.1,1.6,3.9,.408,0.5,1.7,.304,1.1,2.2,.486,.473,0.5,0.6,.850,0.8,2.0,2.8,1.1,0.5,0.2,0.5,1.5,4.2
157,Wayne Ellington\ellinwa01,SG,34,LAL,34,9,19.3,2.1,5.4,.399,1.9,4.9,.392,0.2,0.5,.471,.577,0.1,0.1,.800,0.3,1.4,1.7,0.7,0.5,0.1,0.4,1.0,6.3
158,Joel Embiid\embiijo01,C,27,PHI,44,44,33.0,9.6,19.5,.492,1.3,3.7,.362,8.3,15.8,.523,.527,9.0,11.1,.814,2.0,9.1,11.2,4.5,1.0,1.5,2.9,2.6,29.5
159,James Ennis III\ennisja01,SF,31,TOT,7,0,8.0,1.6,3.4,.458,0.4,1.1,.375,1.1,2.3,.500,.521,0.6,0.7,.800,0.7,1.0,1.7,0.4,0.3,0.3,0.3,0.7,4.1
159,James Ennis III\ennisja01,SF,31,BRK,2,0,7.0,1.0,3.5,.286,0.5,1.0,.500,0.5,2.5,.200,.357,0.0,0.0,,1.0,1.5,2.5,0.0,0.5,0.5,0.0,0.0,2.5
159,James Ennis III\ennisja01,SF,31,LAC,2,0,14.0,3.5,5.5,.636,1.0,2.0,.500,2.5,3.5,.714,.727,2.0,2.0,1.000,1.0,1.5,2.5,0.0,0.5,0.5,0.5,2.0,10.0
159,James Ennis III\ennisja01,SF,31,DEN,3,0,4.7,0.7,2.0,.333,0.0,0.7,.000,0.7,1.3,.500,.333,0.0,0.3,.000,0.3,0.3,0.7,1.0,0.0,0.0,0.3,0.3,1.3
160,Drew Eubanks\eubandr01,C,24,SAS,49,9,12.1,1.7,3.2,.528,0.0,0.2,.125,1.7,3.1,.550,.531,1.2,1.6,.747,1.3,2.7,4.0,1.0,0.3,0.6,0.9,1.2,4.7
161,Tacko Fall\fallta01,C,26,CLE,11,1,5.4,0.5,1.1,.417,0.0,0.0,,0.5,1.1,.417,.417,0.2,0.6,.286,0.6,1.5,2.1,0.2,0.0,0.5,0.3,0.3,1.1
162,Derrick Favors\favorde01,C,30,OKC,36,17,16.8,2.4,4.7,.506,0.1,0.4,.133,2.3,4.3,.542,.512,0.4,0.6,.636,1.6,3.3,4.8,0.7,0.4,0.3,0.2,1.6,5.2
163,Bruno Fernando\fernabr01,C,23,BOS,20,0,2.9,0.4,0.7,.500,0.1,0.1,1.000,0.3,0.7,.462,.536,0.2,0.3,.800,0.4,0.4,0.8,0.2,0.0,0.2,0.3,0.3,1.0
164,Dorian Finney-Smith\finnedo01,PF,28,DAL,56,56,32.7,3.7,8.5,.435,1.8,5.1,.360,1.8,3.4,.548,.543,0.8,1.2,.682,1.6,3.3,4.8,1.9,1.2,0.5,1.1,2.3,10.0
165,Malik Fitts\fittsma01,PF,24,UTA,7,0,5.0,0.3,1.3,.222,0.3,0.6,.500,0.0,0.7,.000,.333,0.0,0.0,,0.0,1.4,1.4,0.0,0.0,0.0,0.3,0.4,0.9
166,Malachi Flynn\flynnma01,PG,23,TOR,32,1,9.1,1.2,3.2,.373,0.5,1.6,.308,0.7,1.6,.440,.451,0.2,0.3,.667,0.2,0.9,1.1,1.0,0.4,0.1,0.3,1.0,3.1
167,Bryn Forbes\forbebr01,SG,28,TOT,53,1,17.5,3.3,7.7,.426,1.6,3.8,.409,1.7,3.9,.444,.528,1.0,1.1,.898,0.1,1.4,1.5,1.1,0.4,0.1,0.8,1.2,9.1
167,Bryn Forbes\forbebr01,SG,28,SAS,40,1,16.9,3.2,7.4,.432,1.6,3.8,.417,1.6,3.6,.448,.539,1.1,1.2,.898,0.1,1.5,1.6,1.0,0.4,0.1,0.8,1.1,9.1
167,Bryn Forbes\forbebr01,SG,28,DEN,13,0,19.3,3.5,8.6,.411,1.5,4.0,.385,2.0,4.6,.433,.500,0.7,0.8,.900,0.2,1.2,1.3,1.2,0.2,0.1,0.6,1.8,9.3
168,Aleem Ford\fordal03,SF,24,ORL,5,0,14.8,1.2,4.0,.300,0.4,3.0,.133,0.8,1.0,.800,.350,0.0,0.0,,0.4,2.6,3.0,0.4,0.2,0.0,0.8,1.4,2.8
169,Trent Forrest\forretr01,PG,23,UTA,44,4,12.2,1.3,2.4,.538,0.1,0.4,.235,1.2,2.0,.598,.558,0.6,0.8,.794,0.4,1.3,1.7,1.5,0.5,0.1,0.8,0.7,3.3
170,Evan Fournier\fournev01,SG,29,NYK,55,55,29.2,5.1,12.1,.422,2.9,7.4,.394,2.2,4.8,.466,.542,1.0,1.5,.713,0.5,2.4,2.9,1.8,0.9,0.3,1.4,2.1,14.2
171,De'Aaron Fox\foxde01,PG,24,SAC,46,46,34.3,8.0,17.4,.461,1.0,3.7,.263,7.0,13.7,.514,.489,4.4,5.9,.752,0.5,3.4,3.9,5.1,1.2,0.4,2.8,2.9,21.4
172,Tim Frazier\fraziti01,PG,31,ORL,10,3,20.0,1.3,4.3,.302,0.6,1.7,.353,0.7,2.6,.269,.372,0.5,0.9,.556,0.5,1.4,1.9,3.3,0.3,0.1,1.3,2.4,3.7
173,Enes Freedom\kanteen01,C,29,BOS,35,1,11.7,1.5,2.8,.526,0.1,0.1,.400,1.4,2.6,.533,.536,0.7,0.8,.857,1.7,2.8,4.6,0.2,0.1,0.4,0.6,1.2,3.7
174,Wenyen Gabriel\gabriwe01,PF,24,TOT,7,0,6.7,0.7,1.9,.385,0.3,0.7,.400,0.4,1.1,.375,.462,0.3,0.6,.500,0.7,1.4,2.1,0.3,0.1,0.3,0.4,1.6,2.0
174,Wenyen Gabriel\gabriwe01,PF,24,BRK,1,0,1.0,0.0,0.0,,0.0,0.0,,0.0,0.0,,,0.0,0.0,,0.0,1.0,1.0,0.0,0.0,0.0,0.0,0.0,0.0
174,Wenyen Gabriel\gabriwe01,PF,24,LAC,6,0,7.7,0.8,2.2,.385,0.3,0.8,.400,0.5,1.3,.375,.462,0.3,0.7,.500,0.8,1.5,2.3,0.3,0.2,0.3,0.5,1.8,2.3
175,Daniel Gafford\gaffoda01,C,23,WAS,48,46,20.6,3.8,5.6,.678,0.0,0.0,,3.8,5.6,.678,.678,1.4,1.8,.756,2.3,3.8,6.0,1.0,0.4,1.5,0.9,2.4,8.9
176,Danilo Gallinari\gallida01,PF,33,ATL,45,2,23.2,3.2,7.8,.415,1.6,4.0,.391,1.7,3.8,.441,.516,2.2,2.4,.918,0.6,3.8,4.4,1.4,0.4,0.2,0.6,1.4,10.2
177,Langston Galloway\gallola01,SG,30,TOT,7,0,15.3,0.9,3.7,.231,0.3,2.3,.125,0.6,1.4,.400,.269,0.0,0.0,,0.4,2.1,2.6,1.7,0.1,0.0,0.9,1.0,2.0
177,Langston Galloway\gallola01,SG,30,BRK,4,0,14.5,1.3,3.3,.385,0.5,2.0,.250,0.8,1.3,.600,.462,0.0,0.0,,0.3,1.8,2.0,1.3,0.0,0.0,1.3,1.3,3.0
177,Langston Galloway\gallola01,SG,30,MIL,3,0,16.3,0.3,4.3,.077,0.0,2.7,.000,0.3,1.7,.200,.077,0.0,0.0,,0.7,2.7,3.3,2.3,0.3,0.0,0.3,0.7,0.7
178,Darius Garland\garlada01,PG,22,CLE,46,46,34.6,7.7,16.2,.474,2.5,6.7,.377,5.1,9.4,.544,.553,2.2,2.4,.909,0.5,2.8,3.3,8.0,1.2,0.1,3.7,1.7,20.1
179,Marcus Garrett\garrema01,SG,23,MIA,12,0,10.7,0.4,1.8,.238,0.1,0.3,.250,0.3,1.4,.235,.262,0.2,0.4,.400,0.8,1.2,1.9,0.6,0.4,0.3,0.2,1.3,1.1
180,Usman Garuba\garubus01,PF,19,HOU,15,0,7.0,0.5,1.6,.333,0.1,0.9,.154,0.4,0.7,.545,.375,0.1,0.1,.500,0.6,1.7,2.3,0.5,0.5,0.4,0.2,0.6,1.3
181,Luka Garza\garzalu01,C,23,DET,29,5,11.7,1.9,4.3,.444,0.5,1.4,.341,1.4,2.9,.494,.500,0.9,1.4,.643,1.7,1.3,3.0,0.6,0.3,0.1,0.6,1.7,5.2
182,Rudy Gay\gayru01,PF,35,UTA,35,1,20.0,3.1,7.3,.418,1.4,4.1,.340,1.7,3.2,.518,.514,1.4,1.8,.790,1.0,3.6,4.6,1.1,0.6,0.3,0.9,1.9,8.9
183,Paul George\georgpa01,SF,31,LAC,26,26,35.5,9.0,21.4,.421,2.7,8.3,.323,6.3,13.0,.484,.484,4.0,4.5,.880,0.4,6.7,7.1,5.5,2.0,0.4,4.2,2.5,24.7
184,Taj Gibson\gibsota01,C,36,NYK,37,4,18.2,1.5,2.8,.533,0.2,0.6,.381,1.3,2.3,.571,.571,0.7,0.9,.758,1.6,2.8,4.4,0.7,0.4,0.8,0.6,2.8,3.9
185,Josh Giddey\giddejo01,SG,19,OKC,51,51,31.2,5.0,12.1,.415,1.0,4.0,.257,4.0,8.1,.492,.457,1.0,1.4,.722,1.7,5.9,7.7,6.2,0.9,0.4,3.1,1.6,12.0
186,Shai Gilgeous-Alexander\gilgesh01,PG,23,OKC,43,43,34.6,7.8,18.3,.424,1.6,5.6,.278,6.2,12.7,.488,.466,5.6,6.9,.811,0.7,4.0,4.7,5.5,1.1,0.8,2.4,2.3,22.7
187,Anthony Gill\gillan01,PF,29,WAS,23,0,7.2,1.1,1.6,.676,0.2,0.3,.625,0.9,1.3,.690,.743,0.7,0.9,.714,0.5,0.8,1.3,0.4,0.1,0.1,0.3,1.3,3.0
188,Freddie Gillespie\gillefr01,PF,24,ORL,9,2,13.2,1.0,2.4,.409,0.0,0.1,.000,1.0,2.3,.429,.409,0.3,0.8,.429,1.4,2.6,4.0,0.6,0.3,1.0,0.6,2.0,2.3
189,Rudy Gobert\goberru01,C,29,UTA,42,42,32.5,5.6,8.0,.707,0.0,0.0,.000,5.6,7.9,.712,.707,4.7,6.8,.690,3.7,11.4,15.1,1.2,0.8,2.3,1.8,2.7,16.0
190,Brandon Goodwin\goodwbr01,PG,26,CLE,16,3,15.9,2.1,5.3,.388,0.8,2.0,.375,1.3,3.3,.396,.459,0.4,0.9,.500,0.4,1.9,2.4,3.1,1.0,0.0,1.1,1.4,5.3
191,Jordan Goodwin\goodwjo01,SG,23,WAS,2,0,3.0,0.0,1.5,.000,0.0,0.5,.000,0.0,1.0,.000,.000,0.0,0.0,,0.0,0.5,0.5,0.0,0.0,0.0,0.0,0.5,0.0
192,Aaron Gordon\gordoaa01,PF,26,DEN,51,51,31.8,5.7,10.9,.519,1.2,3.5,.333,4.5,7.4,.607,.573,2.2,3.0,.735,1.7,4.0,5.7,2.6,0.7,0.5,1.7,1.9,14.7
193,Eric Gordon\gordoer01,SG,33,HOU,45,34,29.5,5.0,10.2,.491,2.2,5.2,.427,2.8,5.0,.558,.600,1.9,2.6,.757,0.3,1.7,2.0,3.0,0.5,0.4,2.0,1.0,14.2
194,Devonte' Graham\grahade01,PG,26,NOP,52,52,31.1,4.4,12.2,.361,2.9,8.3,.345,1.5,3.9,.394,.478,1.7,2.0,.845,0.5,2.0,2.5,4.5,1.0,0.2,1.6,1.5,13.3
195,Jerami Grant\grantje01,PF,27,DET,31,31,32.3,6.3,15.3,.411,1.7,5.2,.321,4.6,10.1,.457,.465,4.7,5.7,.835,0.7,3.7,4.5,2.6,0.9,1.1,2.0,2.2,19.0
196,Hassani Gravett\graveha01,PG,25,ORL,8,3,21.4,2.3,4.8,.474,1.4,3.3,.423,0.9,1.5,.583,.618,0.4,0.5,.750,0.1,2.5,2.6,2.5,0.6,0.1,1.1,1.6,6.3
197,Danny Green\greenda02,SF,34,PHI,38,24,23.4,2.3,5.6,.407,1.8,4.7,.385,0.5,0.9,.514,.568,0.2,0.3,.900,0.5,2.0,2.5,1.0,1.1,0.8,0.9,1.6,6.6
198,Draymond Green\greendr01,PF,31,GSW,34,34,29.9,3.2,5.9,.537,0.4,1.2,.286,2.8,4.7,.604,.567,1.2,2.0,.597,1.1,6.4,7.6,7.4,1.4,1.2,3.1,2.8,7.9
199,Jalen Green\greenja05,SG,19,HOU,40,40,30.3,4.8,12.6,.381,1.8,6.1,.295,3.0,6.5,.462,.452,3.0,3.6,.828,0.4,2.9,3.3,2.4,0.6,0.2,2.3,1.5,14.4
200,JaMychal Green\greenja01,PF,31,DEN,43,7,14.8,2.3,5.0,.453,0.6,2.2,.255,1.7,2.8,.608,.509,1.1,1.3,.860,1.0,2.7,3.7,0.8,0.7,0.4,0.9,2.2,6.2
201,Javonte Green\greenja02,SF,28,CHI,40,29,23.8,2.8,5.1,.541,0.5,1.4,.316,2.3,3.7,.628,.585,1.5,1.8,.819,1.6,2.7,4.2,1.1,0.9,0.6,0.6,2.1,7.5
202,Jeff Green\greenje02,C,35,DEN,52,40,24.6,3.7,7.3,.511,0.8,2.3,.328,3.0,5.0,.597,.563,2.1,2.6,.828,0.6,2.6,3.2,1.2,0.3,0.4,0.9,2.2,10.4
203,Josh Green\greenjo02,SG,21,DAL,42,0,14.0,1.8,3.5,.507,0.2,0.8,.294,1.5,2.7,.570,.541,0.6,0.8,.714,0.7,1.4,2.1,1.3,0.7,0.2,0.5,1.6,4.4
204,Blake Griffin\griffbl01,PF,32,BRK,45,24,18.8,2.6,6.2,.416,0.6,2.8,.230,2.0,3.4,.568,.468,1.1,1.5,.735,1.2,3.3,4.6,2.1,0.6,0.3,0.5,1.8,7.0
205,Quentin Grimes\grimequ01,SG,21,NYK,37,4,16.9,2.1,5.0,.419,1.6,4.0,.399,0.5,1.0,.500,.578,0.3,0.5,.647,0.5,1.3,1.8,1.0,0.7,0.2,0.6,1.4,6.1
206,Kyle Guy\guyky01,SG,24,MIA,15,0,11.7,1.7,4.0,.433,0.9,2.3,.400,0.8,1.7,.480,.550,0.5,0.7,.700,0.1,0.7,0.9,1.1,0.5,0.1,0.8,0.8,4.9
207,Rui Hachimura\hachiru01,PF,23,WAS,16,0,18.3,3.2,7.1,.451,0.9,2.1,.441,2.3,4.9,.456,.518,1.1,1.4,.773,0.4,3.2,3.6,1.1,0.5,0.3,0.8,0.9,8.4
208,Tyrese Haliburton\halibty01,SG-PG,21,TOT,53,53,34.7,5.4,11.6,.462,2.2,5.1,.422,3.2,6.5,.493,.554,1.7,2.0,.841,0.8,3.2,3.9,7.6,1.7,0.6,2.3,1.4,14.6
208,Tyrese Haliburton\halibty01,SG,21,SAC,51,51,34.5,5.3,11.5,.457,2.0,4.9,.413,3.2,6.5,.491,.546,1.7,2.0,.837,0.8,3.1,3.9,7.4,1.7,0.7,2.3,1.4,14.3
208,Tyrese Haliburton\halibty01,PG,21,IND,2,2,40.0,8.0,14.5,.552,5.0,9.0,.556,3.0,5.5,.545,.724,1.5,1.5,1.000,0.5,3.5,4.0,11.0,2.0,0.0,4.5,2.5,22.5
209,Tyler Hall\hallty01,SG,24,NYK,1,0,2.0,0.0,0.0,,0.0,0.0,,0.0,0.0,,,0.0,0.0,,0.0,0.0,0.0,0.0,0.0,0.0,0.0,0.0,0.0
210,R.J. Hampton\hamptrj01,SG,20,ORL,42,1,19.4,2.5,6.7,.382,0.9,2.5,.364,1.6,4.1,.393,.452,1.1,1.9,.608,0.3,2.6,2.9,2.4,0.7,0.2,1.3,1.5,7.2
211,Tim Hardaway Jr.\hardati02,SG,29,DAL,42,20,29.6,5.0,12.6,.394,2.4,7.2,.336,2.5,5.4,.473,.491,1.9,2.5,.757,0.3,3.4,3.7,2.2,0.9,0.1,0.8,1.8,14.2
212,James Harden\hardeja01,PG,32,BRK,44,44,37.0,6.6,16.0,.414,2.3,7.0,.332,4.3,9.1,.476,.486,6.9,8.0,.869,1.0,7.0,8.0,10.2,1.3,0.7,4.8,2.4,22.5
213,Maurice Harkless\harklma01,SF,28,SAC,39,20,19.7,2.0,4.3,.461,0.8,2.4,.319,1.2,1.9,.644,.551,0.5,0.7,.731,0.3,2.3,2.6,0.6,0.6,0.6,0.7,1.7,5.2
214,Jared Harper\harpeja01,PG,24,NOP,2,0,5.0,1.5,3.5,.429,0.5,1.0,.500,1.0,2.5,.400,.500,0.0,0.0,,0.5,0.0,0.5,1.5,0.0,0.5,0.5,1.0,3.5
215,Montrezl Harrell\harremo01,C,28,TOT,48,3,24.3,5.4,8.3,.653,0.1,0.3,.267,5.4,8.0,.668,.658,3.3,4.6,.712,2.1,4.6,6.8,2.1,0.4,0.7,1.1,1.9,14.2
215,Montrezl Harrell\harremo01,C,28,WAS,46,3,24.3,5.4,8.3,.645,0.1,0.3,.267,5.3,8.0,.660,.650,3.2,4.5,.727,2.1,4.6,6.7,2.1,0.4,0.7,1.1,1.9,14.1
215,Montrezl Harrell\harremo01,C,28,CHO,2,0,25.5,7.0,8.5,.824,0.0,0.0,,7.0,8.5,.824,.824,3.5,7.0,.500,2.5,5.0,7.5,1.5,0.5,0.5,1.5,2.5,17.5
216,Gary Harris\harriga01,SG,27,ORL,50,30,29.4,4.1,9.4,.440,1.9,4.9,.381,2.3,4.5,.504,.540,1.3,1.6,.846,0.6,1.5,2.2,1.9,0.9,0.2,1.0,1.9,11.4
217,Joe Harris\harrijo01,SF,30,BRK,14,14,30.2,4.0,8.9,.452,2.9,6.3,.466,1.1,2.6,.417,.617,0.4,0.4,.833,0.4,3.6,4.0,1.0,0.5,0.1,1.1,2.2,11.3
218,Tobias Harris\harrito02,PF,29,PHI,47,47,35.4,7.4,15.1,.487,1.2,3.4,.354,6.1,11.7,.526,.527,3.0,3.5,.848,1.1,6.2,7.4,3.7,0.6,0.7,1.8,2.1,18.9
219,Shaquille Harrison\harrish01,SG,28,BRK,2,0,11.5,1.0,3.0,.333,0.0,1.0,.000,1.0,2.0,.500,.333,0.0,0.0,,0.5,1.5,2.0,1.5,0.5,0.5,1.0,1.5,2.0
220,Josh Hart\hartjo01,PF-SG,26,TOT,42,41,33.6,4.8,9.5,.508,1.1,3.2,.331,3.7,6.2,.599,.564,2.9,3.9,.753,1.3,6.3,7.6,4.0,1.1,0.3,2.0,2.9,13.6
220,Josh Hart\hartjo01,PF,26,NOP,41,40,33.5,4.8,9.4,.505,1.0,3.2,.323,3.7,6.2,.598,.560,2.8,3.8,.753,1.3,6.5,7.8,4.1,1.1,0.3,2.0,2.9,13.4
220,Josh Hart\hartjo01,SG,26,POR,1,1,37.0,7.0,12.0,.583,3.0,6.0,.500,4.0,6.0,.667,.708,6.0,8.0,.750,0.0,1.0,1.0,2.0,0.0,0.0,4.0,4.0,23.0
221,Isaiah Hartenstein\harteis01,C,23,LAC,44,0,15.8,3.1,5.0,.619,0.1,0.1,.500,3.0,4.8,.623,.626,1.1,1.6,.681,1.5,2.8,4.3,1.8,0.7,1.1,1.1,2.4,7.3
222,Udonis Haslem\hasleud01,C,41,MIA,9,0,6.3,1.2,2.4,.500,0.1,0.2,.500,1.1,2.2,.500,.523,0.3,0.3,1.000,0.4,1.6,2.0,0.3,0.1,0.1,0.3,1.2,2.9
223,Sam Hauser\hausesa01,SF,24,BOS,10,0,4.1,0.4,1.4,.286,0.4,1.4,.286,0.0,0.0,,.429,0.0,0.0,,0.1,0.5,0.6,0.1,0.1,0.1,0.0,0.4,1.2
224,Jaxson Hayes\hayesja02,C,21,NOP,44,4,16.5,3.1,4.9,.630,0.2,0.6,.269,2.9,4.3,.679,.646,1.9,2.4,.776,1.3,2.5,3.9,0.5,0.4,0.7,0.8,2.3,8.2
225,Killian Hayes\hayeski01,PG,20,DET,44,33,24.8,2.4,6.5,.368,0.7,2.5,.277,1.7,3.9,.428,.423,0.9,1.1,.816,0.5,2.5,3.0,4.1,1.0,0.5,1.7,2.7,6.4
226,Gordon Hayward\haywago01,SF,31,CHO,48,48,32.2,5.9,12.7,.460,1.8,4.5,.390,4.1,8.2,.499,.529,2.6,3.1,.846,0.8,3.8,4.6,3.6,1.0,0.5,1.7,1.8,16.1
227,Aaron Henry\henryaa01,SF,22,PHI,6,0,2.8,0.2,0.8,.200,0.0,0.2,.000,0.2,0.7,.250,.200,0.0,0.0,,0.0,0.2,0.2,0.0,0.0,0.3,0.3,0.3,0.3
228,Juancho Hernangómez\hernaju01,PF,26,TOT,24,0,6.2,0.3,1.4,.212,0.1,0.9,.143,0.2,0.5,.333,.258,0.4,0.5,.692,0.5,1.1,1.7,0.3,0.2,0.1,0.3,0.3,1.1
228,Juancho Hernangómez\hernaju01,PF,26,BOS,18,0,5.3,0.3,1.5,.185,0.2,1.0,.167,0.1,0.5,.222,.241,0.3,0.5,.667,0.5,0.9,1.4,0.2,0.2,0.1,0.3,0.4,1.1
228,Juancho Hernangómez\hernaju01,PF,26,SAS,5,0,10.2,0.4,1.2,.333,0.0,0.6,.000,0.4,0.6,.667,.333,0.6,0.8,.750,0.8,2.2,3.0,0.6,0.2,0.2,0.4,0.0,1.4
228,Juancho Hernangómez\hernaju01,PF,26,UTA,1,0,1.0,0.0,0.0,,0.0,0.0,,0.0,0.0,,,0.0,0.0,,0.0,0.0,0.0,0.0,0.0,0.0,0.0,0.0,0.0
229,Willy Hernangómez\hernawi01,C,27,NOP,29,6,16.6,3.4,6.4,.529,0.1,0.2,.429,3.3,6.2,.533,.537,2.1,2.8,.741,2.8,4.3,7.1,1.3,0.3,0.3,1.0,1.9,9.0
230,Tyler Herro\herroty01,SG,22,MIA,46,10,32.7,7.4,17.3,.427,2.5,6.7,.374,4.9,10.6,.461,.500,2.7,3.1,.879,0.6,4.2,4.8,3.9,0.6,0.2,2.8,1.5,20.0
231,Buddy Hield\hieldbu01,SG,29,TOT,57,8,29.0,4.9,12.8,.380,3.3,9.1,.361,1.6,3.7,.427,.508,1.4,1.6,.860,0.8,3.4,4.2,2.0,0.9,0.3,1.6,2.1,14.4
231,Buddy Hield\hieldbu01,SG,29,SAC,55,6,28.6,4.8,12.6,.382,3.3,9.0,.368,1.5,3.6,.419,.514,1.5,1.7,.870,0.8,3.2,4.0,1.9,0.9,0.3,1.6,2.1,14.4
231,Buddy Hield\hieldbu01,SG,29,IND,2,2,40.0,6.0,18.0,.333,2.5,11.5,.217,3.5,6.5,.538,.403,0.0,0.5,.000,1.5,7.0,8.5,4.5,0.5,0.5,1.5,3.5,14.5
232,Haywood Highsmith\highsha01,SF,25,MIA,4,0,10.5,1.0,2.0,.500,1.0,1.8,.571,0.0,0.3,.000,.750,0.0,0.0,,0.5,0.8,1.3,0.0,0.0,0.3,0.0,0.8,3.0
233,George Hill\hillge01,SG,35,MIL,41,16,25.5,2.5,5.7,.436,0.9,2.9,.316,1.6,2.9,.556,.515,1.2,1.2,.960,0.9,2.4,3.2,2.5,0.8,0.1,0.9,1.4,7.0
234,Malcolm Hill\hillma01,SF-SG,26,TOT,16,0,12.3,1.4,3.0,.479,0.8,2.1,.394,0.6,0.9,.667,.615,0.7,0.9,.786,0.7,1.3,2.0,0.3,0.4,0.2,0.1,1.3,4.4
234,Malcolm Hill\hillma01,SG,26,ATL,3,0,15.3,1.7,2.7,.625,1.0,1.7,.600,0.7,1.0,.667,.813,1.3,1.3,1.000,0.7,1.3,2.0,0.3,1.3,0.3,0.0,2.3,5.7
234,Malcolm Hill\hillma01,SF,26,CHI,13,0,11.5,1.4,3.1,.450,0.8,2.2,.357,0.6,0.9,.667,.575,0.5,0.8,.700,0.7,1.3,2.0,0.2,0.2,0.2,0.2,1.1,4.1
235,Solomon Hill\hillso01,PF,30,ATL,13,1,10.7,0.2,1.5,.150,0.2,1.0,.154,0.1,0.5,.143,.200,0.0,0.0,,0.5,1.3,1.8,0.9,0.3,0.2,0.1,1.2,0.6
236,Nate Hinton\hintona01,SG,22,IND,2,0,1.0,0.0,0.5,.000,0.0,0.0,,0.0,0.5,.000,.000,0.0,0.0,,0.0,0.0,0.0,0.0,0.0,0.0,0.5,0.0,0.0
237,Jaylen Hoard\hoardja01,SF,22,OKC,1,0,2.0,0.0,1.0,.000,0.0,0.0,,0.0,1.0,.000,.000,0.0,0.0,,1.0,1.0,2.0,0.0,0.0,0.0,0.0,0.0,0.0
238,Aaron Holiday\holidaa01,PG,25,TOT,42,14,16.0,2.5,5.2,.475,0.6,1.7,.357,1.9,3.5,.530,.532,0.7,0.8,.800,0.2,1.4,1.6,1.9,0.6,0.2,1.0,1.5,6.2
238,Aaron Holiday\holidaa01,PG,25,WAS,41,14,16.2,2.4,5.2,.467,0.6,1.6,.343,1.9,3.6,.524,.521,0.7,0.9,.800,0.2,1.4,1.6,1.9,0.6,0.2,1.0,1.5,6.1
238,Aaron Holiday\holidaa01,PG,25,PHO,1,0,9.0,4.0,5.0,.800,2.0,3.0,.667,2.0,2.0,1.000,1.000,0.0,0.0,,0.0,1.0,1.0,0.0,0.0,0.0,1.0,2.0,10.0
239,Jrue Holiday\holidjr01,PG,31,MIL,44,41,32.8,7.2,14.2,.505,1.8,4.5,.402,5.3,9.7,.553,.569,1.8,2.4,.769,1.0,3.7,4.7,6.6,1.5,0.5,2.7,1.9,18.0
240,Justin Holiday\holidju01,SF-SG,32,TOT,51,42,28.9,3.8,9.4,.411,2.6,6.8,.376,1.3,2.5,.504,.548,0.7,0.8,.837,0.4,2.3,2.7,1.9,0.8,0.4,1.1,2.1,11.0
240,Justin Holiday\holidju01,SF,32,IND,49,40,28.9,3.9,9.3,.415,2.6,6.9,.378,1.3,2.5,.516,.553,0.7,0.8,.829,0.4,2.4,2.8,1.8,0.7,0.4,1.0,2.1,11.0
240,Justin Holiday\holidju01,SG,32,SAC,2,2,30.0,3.0,9.5,.316,2.0,6.0,.333,1.0,3.5,.286,.421,1.0,1.0,1.000,1.0,1.0,2.0,3.0,1.5,0.5,2.5,1.5,9.0
241,Richaun Holmes\holmeri01,C,28,SAC,39,37,25.1,4.8,7.1,.684,0.1,0.1,.400,4.8,6.9,.689,.687,1.7,2.2,.770,2.2,5.4,7.5,1.2,0.4,1.0,1.3,3.0,11.4
242,Rodney Hood\hoodro01,SF,29,MIL,39,0,14.9,1.2,3.4,.351,0.6,2.1,.300,0.6,1.3,.431,.443,0.3,0.4,.929,0.3,1.4,1.7,0.8,0.3,0.1,0.2,0.7,3.3
243,Scotty Hopson\hopsosc01,SG,32,OKC,1,0,18.0,2.0,4.0,.500,0.0,1.0,.000,2.0,3.0,.667,.500,0.0,0.0,,0.0,1.0,1.0,1.0,0.0,0.0,2.0,1.0,4.0
244,Al Horford\horfoal01,C,35,BOS,49,49,28.3,3.7,8.5,.438,1.2,4.0,.299,2.6,4.6,.558,.507,1.3,1.6,.844,1.6,5.9,7.5,3.3,0.6,1.3,1.0,1.9,10.0
245,Talen Horton-Tucker\hortota01,SG,21,LAL,41,15,25.8,3.6,8.8,.414,0.9,3.0,.282,2.8,5.8,.483,.463,1.5,1.9,.808,0.6,2.7,3.3,2.7,0.9,0.5,1.5,2.5,9.7
246,Danuel House Jr.\houseda01,SF,28,TOT,24,2,15.5,1.8,4.8,.386,0.8,2.5,.339,1.0,2.3,.436,.474,1.1,1.4,.818,0.3,2.2,2.5,1.3,0.4,0.3,0.9,1.0,5.6
246,Danuel House Jr.\houseda01,SF,28,HOU,16,1,14.6,1.6,4.6,.338,0.6,2.1,.294,0.9,2.5,.375,.405,1.1,1.2,.895,0.3,2.4,2.7,1.2,0.3,0.3,1.1,1.0,4.8
246,Danuel House Jr.\houseda01,SF,28,NYK,1,0,3.0,0.0,1.0,.000,0.0,1.0,.000,0.0,0.0,,.000,0.0,0.0,,0.0,0.0,0.0,0.0,0.0,0.0,0.0,0.0,0.0
246,Danuel House Jr.\houseda01,SF,28,UTA,7,1,19.3,2.7,5.6,.487,1.4,3.4,.417,1.3,2.1,.600,.615,1.4,2.0,.714,0.6,2.0,2.6,1.6,0.7,0.4,0.6,1.3,8.3
247,Dwight Howard\howardw01,C,36,LAL,41,11,14.5,1.9,3.0,.621,0.1,0.2,.667,1.7,2.8,.617,.645,1.3,2.1,.612,1.9,3.5,5.4,0.5,0.7,0.6,0.8,2.0,5.2
248,Markus Howard\howarma02,SG,22,DEN,22,0,6.1,1.2,3.3,.370,1.0,2.4,.434,0.2,0.9,.200,.527,0.6,0.6,.929,0.0,0.3,0.3,0.3,0.3,0.0,0.3,0.5,4.1
249,Kevin Huerter\huertke01,SG,23,ATL,49,35,29.1,4.5,9.9,.459,1.9,5.1,.369,2.7,4.8,.553,.554,0.6,0.7,.800,0.4,2.8,3.2,2.8,0.6,0.3,1.3,2.2,11.5
250,Jay Huff\huffja01,C,23,LAL,4,0,5.0,0.0,0.8,.000,0.0,0.5,.000,0.0,0.3,.000,.000,0.0,0.0,,0.3,0.8,1.0,0.3,0.3,0.3,0.3,0.3,0.0
251,Elijah Hughes\hugheel01,SF-SG,23,TOT,15,1,8.2,1.1,2.8,.405,0.7,2.2,.333,0.4,0.6,.667,.536,0.2,0.2,1.000,0.1,1.1,1.2,0.4,0.3,0.1,0.5,0.6,3.2
251,Elijah Hughes\hugheel01,SF,23,UTA,14,1,8.0,1.1,2.6,.417,0.7,2.0,.357,0.4,0.6,.625,.556,0.2,0.2,1.000,0.1,1.1,1.2,0.4,0.3,0.1,0.5,0.5,3.1
251,Elijah Hughes\hugheel01,SG,23,POR,1,0,11.0,2.0,6.0,.333,1.0,5.0,.200,1.0,1.0,1.000,.417,0.0,0.0,,0.0,1.0,1.0,0.0,0.0,0.0,0.0,2.0,5.0
252,De'Andre Hunter\huntede01,SF,24,ATL,28,27,29.0,4.8,10.8,.442,1.4,3.6,.382,3.4,7.1,.472,.507,1.9,2.8,.701,0.5,3.0,3.5,1.3,0.6,0.4,1.4,3.0,12.8
253,Chandler Hutchison\hutchch01,SF,25,PHO,6,0,3.7,0.2,0.3,.500,0.0,0.0,,0.2,0.3,.500,.500,0.3,0.3,1.000,0.0,0.8,0.8,0.3,0.0,0.0,0.7,0.2,0.7
254,Bones Hyland\hylanbo01,PG,21,DEN,44,2,17.8,3.0,8.0,.370,1.7,4.9,.346,1.3,3.0,.410,.477,1.1,1.3,.891,0.2,2.5,2.7,2.0,0.5,0.3,1.2,2.1,8.7
255,Serge Ibaka\ibakase01,C,32,LAC,35,10,15.4,2.7,5.5,.490,0.7,1.8,.387,2.0,3.7,.538,.552,0.6,0.8,.690,1.1,3.1,4.3,1.0,0.2,0.7,0.9,1.6,6.6
256,Andre Iguodala\iguodan01,SF,38,GSW,26,0,19.9,1.5,3.9,.392,0.5,2.3,.230,1.0,1.6,.634,.461,0.5,0.6,.813,0.7,2.6,3.3,3.8,0.8,0.8,0.9,1.0,4.1
257,Joe Ingles\inglejo01,SF,34,UTA,45,15,24.9,2.6,6.3,.404,1.7,5.0,.347,0.8,1.3,.617,.540,0.4,0.5,.773,0.3,2.6,2.9,3.5,0.5,0.1,1.0,1.8,7.2
258,Brandon Ingram\ingrabr01,SF,24,NOP,42,42,34.5,8.3,18.4,.451,1.5,4.5,.344,6.7,13.9,.486,.494,4.6,5.6,.821,0.7,4.9,5.6,5.3,0.6,0.5,2.7,2.1,22.7
259,Kyrie Irving\irvinky01,PG,29,BRK,14,14,36.2,9.1,20.1,.452,2.5,6.8,.368,6.6,13.3,.495,.514,3.5,3.8,.925,0.6,4.2,4.8,5.4,1.1,0.6,2.4,2.4,24.1
260,Wes Iwundu\iwundwe01,SF,27,ATL,3,1,27.3,2.7,6.0,.444,1.0,1.7,.600,1.7,4.3,.385,.528,1.0,1.3,.750,1.0,3.3,4.3,0.0,0.3,0.0,0.3,2.7,7.3
261,Frank Jackson\jacksfr01,PG,23,DET,43,5,22.5,3.8,9.3,.410,1.8,5.5,.319,2.1,3.8,.543,.505,1.4,1.8,.795,0.3,1.3,1.6,1.0,0.5,0.2,0.8,1.7,10.9
262,Isaiah Jackson\jacksis01,PF,20,IND,20,2,9.7,2.3,4.2,.542,0.2,0.4,.429,2.1,3.8,.553,.560,1.1,1.7,.667,1.2,1.6,2.8,0.4,0.6,0.8,0.6,1.9,5.8
263,Jaren Jackson Jr.\jacksja02,PF,22,MEM,57,57,27.9,5.7,13.7,.418,1.8,5.5,.322,4.0,8.2,.483,.483,3.6,4.5,.803,1.5,4.5,6.0,1.1,1.0,2.2,1.7,3.4,16.8
264,Josh Jackson\jacksjo02,SF,24,DET,39,3,18.1,2.6,6.4,.410,0.8,2.9,.265,1.9,3.5,.529,.470,1.0,1.4,.714,0.4,2.7,3.2,1.3,0.5,0.5,1.0,1.8,7.1
265,Justin Jackson\jacksju01,SF,26,TOT,7,0,5.3,0.7,2.1,.333,0.4,1.3,.333,0.3,0.9,.333,.433,0.3,0.3,1.000,0.1,0.9,1.0,0.3,0.0,0.0,0.1,0.4,2.1
265,Justin Jackson\jacksju01,SF,26,BOS,1,0,2.0,0.0,1.0,.000,0.0,0.0,,0.0,1.0,.000,.000,2.0,2.0,1.000,0.0,0.0,0.0,0.0,0.0,0.0,0.0,0.0,2.0
265,Justin Jackson\jacksju01,SF,26,PHO,6,0,5.8,0.8,2.3,.357,0.5,1.5,.333,0.3,0.8,.400,.464,0.0,0.0,,0.2,1.0,1.2,0.3,0.0,0.0,0.2,0.5,2.2
266,Reggie Jackson\jacksre01,SG,31,LAC,54,54,30.7,6.3,15.8,.397,2.3,7.0,.330,4.0,8.8,.451,.471,1.8,2.1,.835,0.5,2.9,3.4,4.2,0.8,0.1,2.1,2.0,16.6
267,LeBron James\jamesle01,SF,37,LAL,40,40,36.7,11.0,21.1,.520,2.8,7.9,.352,8.2,13.3,.619,.585,4.3,5.7,.746,1.1,6.8,7.9,6.5,1.6,1.0,3.2,2.3,29.0
268,DeJon Jarreau\jarrede01,SG,24,IND,1,0,1.0,0.0,0.0,,0.0,0.0,,0.0,0.0,,,0.0,0.0,,0.0,0.0,0.0,0.0,0.0,0.0,0.0,0.0,0.0
269,DaQuan Jeffries\jeffrda01,SG,24,MEM,3,0,3.0,0.3,0.7,.500,0.0,0.3,.000,0.3,0.3,1.000,.500,0.0,0.0,,0.0,0.7,0.7,0.3,0.0,0.0,0.0,0.3,0.7
270,Ty Jerome\jeromty01,SG,24,OKC,47,4,16.6,2.6,6.8,.374,1.1,3.9,.280,1.5,3.0,.496,.453,0.8,0.9,.837,0.4,1.3,1.6,2.2,0.6,0.1,0.8,1.5,7.0
271,Isaiah Joe\joeis01,SG,22,PHI,40,1,12.3,1.2,3.5,.355,0.9,2.7,.330,0.4,0.8,.438,.482,0.5,0.5,.952,0.1,1.0,1.1,0.7,0.3,0.1,0.3,1.0,3.8
272,Alize Johnson\johnsal02,PF,25,TOT,19,0,7.3,0.7,1.5,.483,0.0,0.2,.000,0.7,1.3,.560,.483,0.2,0.4,.500,1.1,1.4,2.5,0.4,0.2,0.0,0.6,0.8,1.7
272,Alize Johnson\johnsal02,PF,25,CHI,16,0,7.6,0.8,1.4,.522,0.0,0.1,.000,0.8,1.3,.571,.522,0.3,0.4,.571,1.0,1.3,2.3,0.5,0.2,0.0,0.5,0.9,1.8
272,Alize Johnson\johnsal02,PF,25,WAS,3,0,6.0,0.7,2.0,.333,0.0,0.7,.000,0.7,1.3,.500,.333,0.0,0.3,.000,1.7,2.3,4.0,0.0,0.0,0.0,1.0,0.0,1.3
273,B.J. Johnson\johnsbj01,SF,26,ORL,4,0,16.3,2.8,6.3,.440,1.0,2.5,.400,1.8,3.8,.467,.520,0.0,0.0,,1.5,2.3,3.8,0.0,0.0,0.3,0.0,1.0,6.5
274,Cameron Johnson\johnsca02,PF,25,PHO,53,10,26.0,4.1,8.9,.461,2.5,5.7,.431,1.6,3.2,.515,.599,1.2,1.4,.851,0.6,3.6,4.2,1.3,0.9,0.2,0.6,1.7,11.9
275,David Johnson\johnsda08,SG,20,TOR,2,0,1.0,0.0,0.5,.000,0.0,0.5,.000,0.0,0.0,,.000,0.0,0.0,,0.0,0.0,0.0,0.0,0.0,0.0,0.0,0.0,0.0
276,Jalen Johnson\johnsja05,PF,20,ATL,13,0,4.5,0.7,1.5,.474,0.2,0.5,.429,0.5,0.9,.500,.553,0.3,0.5,.667,0.0,1.2,1.2,0.1,0.0,0.0,0.2,0.2,1.9
277,James Johnson\johnsja01,PF,34,BRK,41,5,19.0,2.5,5.1,.488,0.3,1.2,.275,2.2,3.9,.556,.521,0.4,0.9,.444,1.0,2.5,3.5,1.9,0.5,0.4,0.7,2.3,5.8
278,Joe Johnson\johnsjo02,SG,40,BOS,1,0,2.0,1.0,1.0,1.000,0.0,0.0,,1.0,1.0,1.000,1.000,0.0,0.0,,0.0,0.0,0.0,0.0,0.0,0.0,0.0,0.0,2.0
279,Keldon Johnson\johnske04,SF,22,SAS,53,52,31.2,5.8,12.5,.469,2.0,4.5,.432,3.9,7.9,.490,.548,2.0,2.7,.727,1.0,5.0,6.0,1.8,0.7,0.1,1.2,1.8,15.6
280,Keon Johnson\johnske07,SG,19,LAC,15,0,9.0,1.1,3.4,.333,0.2,0.7,.273,0.9,2.7,.350,.363,1.1,1.4,.762,0.4,1.0,1.4,0.9,0.5,0.1,0.5,1.4,3.5
281,Stanley Johnson\johnsst04,PF,25,LAL,23,13,22.1,2.5,5.1,.487,0.7,2.2,.320,1.8,2.9,.612,.556,0.9,1.3,.677,0.7,2.5,3.2,1.3,0.7,0.4,0.6,2.9,6.6
282,Tyler Johnson\johnsty01,PG,29,TOT,6,0,15.2,1.0,3.3,.300,0.8,2.2,.385,0.2,1.2,.143,.425,0.0,0.0,,0.5,1.5,2.0,1.2,0.5,0.5,0.3,1.2,2.8
282,Tyler Johnson\johnsty01,PG,29,PHI,3,0,12.7,1.3,3.3,.400,1.0,2.3,.429,0.3,1.0,.333,.550,0.0,0.0,,0.3,1.7,2.0,0.7,0.3,0.3,0.3,1.3,3.7
282,Tyler Johnson\johnsty01,PG,29,SAS,3,0,17.7,0.7,3.3,.200,0.7,2.0,.333,0.0,1.3,.000,.300,0.0,0.0,,0.7,1.3,2.0,1.7,0.7,0.7,0.3,1.0,2.0
283,Nikola Jokić\jokicni01,C,26,DEN,50,50,33.0,9.9,17.1,.576,1.6,4.2,.368,8.3,12.9,.644,.621,4.5,5.6,.811,2.8,11.0,13.7,7.9,1.4,0.8,3.7,2.5,25.8
284,Carlik Jones\jonesca03,PG,24,TOT,5,0,4.6,0.2,1.8,.111,0.0,0.2,.000,0.2,1.6,.125,.111,0.4,0.4,1.000,0.2,0.4,0.6,1.0,0.2,0.0,0.6,0.0,0.8
284,Carlik Jones\jonesca03,PG,24,DAL,3,0,6.3,0.0,2.3,.000,0.0,0.3,.000,0.0,2.0,.000,.000,0.7,0.7,1.000,0.3,0.7,1.0,1.7,0.3,0.0,1.0,0.0,0.7
284,Carlik Jones\jonesca03,PG,24,DEN,2,0,2.0,0.5,1.0,.500,0.0,0.0,,0.5,1.0,.500,.500,0.0,0.0,,0.0,0.0,0.0,0.0,0.0,0.0,0.0,0.0,1.0
285,Damian Jones\jonesda03,C,26,SAC,37,5,15.2,2.4,3.8,.638,0.1,0.4,.357,2.3,3.4,.669,.656,1.3,1.8,.727,1.4,2.5,3.9,1.1,0.3,0.6,1.0,2.1,6.3
286,Derrick Jones Jr.\jonesde02,PF,24,CHI,32,8,17.4,2.3,4.0,.567,0.5,1.2,.395,1.8,2.8,.640,.626,1.3,1.5,.833,1.2,2.1,3.3,0.5,0.5,0.7,0.5,2.4,6.2
287,Herbert Jones\joneshe01,PF,23,NOP,53,44,29.9,3.6,7.2,.497,0.7,1.9,.363,2.9,5.3,.546,.546,1.7,2.0,.848,1.3,2.6,3.9,2.1,1.5,0.9,1.2,3.1,9.6
288,Jemerrio Jones\jonesje01,SF,26,LAL,2,0,7.5,1.0,1.5,.667,0.0,0.0,,1.0,1.5,.667,.667,0.0,0.0,,1.0,0.5,1.5,0.0,0.5,0.0,0.0,1.0,2.0
289,Kai Jones\joneska01,C,21,CHO,17,0,2.8,0.4,0.6,.636,0.1,0.1,.500,0.4,0.5,.667,.682,0.1,0.2,.250,0.1,0.4,0.5,0.2,0.0,0.0,0.3,0.3,0.9
290,Mason Jones\jonesma05,SG,23,LAL,2,0,4.5,1.0,4.0,.250,0.0,1.0,.000,1.0,3.0,.333,.250,0.5,1.0,.500,0.5,0.5,1.0,0.0,0.5,0.0,0.5,0.5,2.5
291,Tre Jones\jonestr01,PG,22,SAS,45,4,13.5,2.0,4.0,.506,0.1,0.4,.150,2.0,3.6,.550,.514,0.8,0.9,.878,0.4,1.5,1.9,2.4,0.4,0.0,0.5,0.9,4.9
292,Tyus Jones\jonesty01,PG,25,MEM,51,13,20.5,3.1,6.9,.454,0.9,2.5,.357,2.2,4.4,.509,.519,0.7,0.8,.875,0.3,2.3,2.5,4.1,0.9,0.0,0.7,0.4,7.8
293,DeAndre Jordan\jordade01,C,33,LAL,31,19,12.9,1.9,2.8,.670,0.0,0.0,,1.9,2.8,.670,.670,0.4,0.8,.480,1.6,3.9,5.5,0.4,0.3,0.8,0.6,1.6,4.2
294,Cory Joseph\josepco01,PG,30,DET,45,19,24.0,2.8,6.3,.450,1.0,2.4,.425,1.8,3.9,.466,.530,1.5,1.8,.848,0.4,2.0,2.5,3.9,0.6,0.3,1.4,2.1,8.1
295,Georgios Kalaitzakis\kalaige01,SF,23,MIL,9,0,5.3,0.6,1.2,.455,0.2,0.4,.500,0.3,0.8,.429,.545,0.4,1.0,.444,0.4,0.4,0.9,0.0,0.1,0.1,0.4,0.9,1.8
296,Frank Kaminsky\kaminfr01,C,28,PHO,9,0,20.1,4.0,7.3,.545,0.6,1.7,.333,3.4,5.7,.608,.583,2.0,2.2,.900,1.2,3.3,4.6,1.4,0.9,0.8,0.6,1.6,10.6
297,Luke Kennard\kennalu01,SG,25,LAC,48,10,27.9,4.0,9.1,.438,2.6,6.1,.430,1.4,3.0,.455,.582,0.9,1.1,.882,0.2,3.3,3.5,2.2,0.6,0.1,0.8,1.6,11.6
298,Braxton Key\keybr01,SF,24,PHI,2,0,3.0,0.5,1.0,.500,0.0,0.5,.000,0.5,0.5,1.000,.500,0.0,0.0,,0.5,0.5,1.0,0.5,0.5,0.0,1.0,0.5,1.0
299,George King\kingge03,SF,28,DAL,4,0,4.8,0.0,1.3,.000,0.0,1.0,.000,0.0,0.3,.000,.000,0.3,0.5,.500,0.0,1.3,1.3,0.0,0.0,0.0,0.3,1.0,0.3
300,Louis King\kinglo02,SF,22,SAC,10,0,10.4,1.5,4.7,.319,0.8,2.7,.296,0.7,2.0,.350,.404,0.7,1.0,.700,0.0,1.2,1.2,0.9,0.2,0.1,0.0,1.4,4.5
301,Corey Kispert\kispeco01,SF,22,WAS,50,9,19.1,2.4,5.6,.423,1.0,3.2,.317,1.3,2.4,.568,.514,0.8,0.9,.884,0.7,1.8,2.5,1.0,0.3,0.2,0.5,0.9,6.5
302,Maxi Kleber\klebima01,PF,30,DAL,40,20,25.0,2.5,6.0,.421,1.6,4.5,.365,0.9,1.6,.581,.556,0.7,0.9,.778,1.2,4.8,6.0,1.2,0.5,1.0,0.7,2.3,7.4
303,Brandon Knight\knighbr03,PG,30,DAL,3,0,18.0,3.0,6.7,.450,1.3,4.3,.308,1.7,2.3,.714,.550,2.7,2.7,1.000,0.0,2.3,2.3,2.7,0.3,0.0,1.3,1.7,10.0
304,Nathan Knight\knighna01,PF,24,MIN,28,2,6.9,1.0,2.0,.482,0.1,0.3,.250,0.9,1.7,.521,.500,1.1,1.6,.711,0.8,1.3,2.1,0.5,0.1,0.3,0.4,1.0,3.1
305,Kevin Knox\knoxke01,SF,22,TOT,20,0,7.9,1.1,2.8,.375,0.6,1.9,.289,0.5,0.9,.556,.473,0.4,0.5,.700,0.4,1.1,1.5,0.4,0.2,0.1,0.4,0.4,3.0
305,Kevin Knox\knoxke01,SF,22,NYK,13,0,8.5,1.2,3.1,.375,0.8,2.2,.357,0.4,0.9,.417,.500,0.5,0.8,.700,0.6,1.1,1.7,0.2,0.2,0.1,0.4,0.4,3.6
305,Kevin Knox\knoxke01,SF,22,ATL,7,0,6.6,0.9,2.3,.375,0.1,1.4,.100,0.7,0.9,.833,.406,0.0,0.0,,0.0,1.1,1.1,0.6,0.1,0.0,0.3,0.4,1.9
306,John Konchar\konchjo01,SG,25,MEM,50,6,18.5,1.8,3.6,.500,0.8,1.8,.422,1.1,1.8,.576,.604,0.4,0.7,.606,1.2,3.3,4.4,1.4,0.7,0.3,0.4,1.3,4.8
307,Furkan Korkmaz\korkmfu01,SG,24,PHI,49,18,24.0,3.2,8.1,.393,1.3,4.4,.289,1.9,3.7,.520,.472,1.2,1.5,.833,0.3,2.6,2.9,2.3,0.6,0.1,0.8,1.0,8.9
308,Luke Kornet\kornelu01,C,26,TOT,3,0,6.0,0.3,2.0,.167,0.0,0.3,.000,0.3,1.7,.200,.167,0.7,1.0,.667,1.0,0.3,1.3,0.3,0.0,0.3,0.0,0.7,1.3
308,Luke Kornet\kornelu01,C,26,CLE,2,0,7.5,0.5,2.5,.200,0.0,0.5,.000,0.5,2.0,.250,.200,1.0,1.5,.667,1.0,0.5,1.5,0.5,0.0,0.5,0.0,0.5,2.0
308,Luke Kornet\kornelu01,C,26,MIL,1,0,3.0,0.0,1.0,.000,0.0,0.0,,0.0,1.0,.000,.000,0.0,0.0,,1.0,0.0,1.0,0.0,0.0,0.0,0.0,1.0,0.0
309,Vit Krejci\krejcvi01,SG,21,OKC,4,0,4.5,0.5,1.3,.400,0.0,0.8,.000,0.5,0.5,1.000,.400,0.5,0.5,1.000,0.0,0.8,0.8,0.5,0.0,0.0,0.3,0.0,1.5
310,Arnoldas Kulboka\kulboar01,SF,24,CHO,1,0,3.0,0.0,0.0,,0.0,0.0,,0.0,0.0,,,0.0,0.0,,0.0,0.0,0.0,0.0,0.0,0.0,0.0,0.0,0.0
311,Jonathan Kuminga\kuminjo01,SF,19,GSW,45,6,14.0,2.8,5.6,.504,0.6,1.8,.313,2.3,3.8,.596,.555,1.6,2.4,.648,0.6,2.2,2.8,0.6,0.4,0.2,0.9,1.8,7.8
312,Kyle Kuzma\kuzmaky01,PF,26,WAS,52,52,33.1,6.1,13.3,.455,1.8,5.5,.332,4.2,7.8,.542,.524,2.3,3.3,.698,1.1,7.6,8.7,3.0,0.7,0.9,2.3,1.8,16.2
313,Anthony Lamb\lamban01,SF,24,SAS,2,0,4.0,0.0,1.0,.000,0.0,1.0,.000,0.0,0.0,,.000,0.0,0.0,,0.0,0.5,0.5,1.0,0.0,0.0,0.0,0.0,0.0
314,Jeremy Lamb\lambje01,SF-SG,29,TOT,40,0,16.1,2.2,6.0,.372,1.1,3.1,.336,1.2,2.9,.412,.460,1.8,2.1,.843,0.4,2.1,2.5,1.4,0.6,0.4,0.6,1.1,7.3
314,Jeremy Lamb\lambje01,SF,29,IND,39,0,15.7,2.2,5.8,.373,1.0,3.0,.333,1.2,2.8,.414,.458,1.7,2.1,.838,0.4,2.0,2.4,1.3,0.6,0.4,0.6,1.1,7.1
314,Jeremy Lamb\lambje01,SG,29,SAC,1,0,31.0,4.0,11.0,.364,3.0,8.0,.375,1.0,3.0,.333,.500,3.0,3.0,1.000,0.0,6.0,6.0,5.0,0.0,2.0,1.0,1.0,14.0
315,Jock Landale\landajo01,C,26,SAS,36,1,10.2,1.8,3.6,.488,0.6,1.6,.351,1.2,2.0,.597,.566,0.6,0.7,.840,1.1,1.1,2.2,0.9,0.2,0.3,0.6,0.9,4.6
316,Romeo Langford\langfro01,SG,22,BOS,44,5,16.5,1.8,4.2,.429,0.7,1.9,.349,1.1,2.3,.495,.508,0.5,0.8,.588,0.7,1.7,2.4,0.4,0.5,0.4,0.4,1.0,4.7
317,Zach LaVine\lavinza01,SF,26,CHI,47,47,34.6,8.7,18.1,.482,2.9,7.2,.399,5.9,11.0,.536,.561,4.2,4.9,.869,0.3,4.6,4.9,4.5,0.6,0.4,2.7,1.7,24.6
318,Jake Layman\laymaja01,SF,27,MIN,23,1,7.3,0.8,2.1,.367,0.2,1.1,.154,0.6,1.0,.609,.408,0.3,0.3,.750,0.2,0.9,1.0,0.3,0.3,0.2,0.3,0.4,2.0
319,Damion Lee\leeda03,SG,29,GSW,46,3,20.3,2.9,6.3,.455,1.2,3.2,.376,1.7,3.1,.538,.551,0.9,1.0,.851,0.4,2.7,3.1,0.9,0.7,0.1,0.7,1.4,7.9
320,Saben Lee\leesa01,PG,22,DET,28,0,14.5,1.6,4.4,.377,0.4,1.6,.273,1.2,2.8,.436,.426,1.2,1.5,.767,0.4,2.0,2.4,2.3,0.9,0.4,0.9,0.9,4.9
321,Alex Len\lenal01,C,28,SAC,33,9,16.9,2.5,4.7,.529,0.2,0.6,.316,2.3,4.1,.559,.548,1.1,1.7,.643,1.5,3.2,4.6,1.2,0.4,0.8,1.2,2.7,6.2
322,Caris LeVert\leverca01,SG,27,TOT,42,40,31.2,7.1,15.9,.445,1.5,4.7,.325,5.5,11.2,.495,.493,2.7,3.6,.760,0.7,3.0,3.7,4.4,1.0,0.5,1.9,2.3,18.4
322,Caris LeVert\leverca01,SG,27,IND,39,39,31.1,7.1,15.9,.447,1.6,4.8,.323,5.6,11.1,.501,.496,2.8,3.7,.760,0.8,3.1,3.8,4.4,0.9,0.5,1.9,2.3,18.7
322,Caris LeVert\leverca01,SG,27,CLE,3,1,31.7,6.3,15.3,.413,1.0,2.7,.375,5.3,12.7,.421,.446,1.0,1.3,.750,0.3,1.7,2.0,4.3,2.0,0.3,2.0,1.7,14.7
323,Kira Lewis Jr.\lewiski01,PG,20,NOP,24,0,14.2,2.5,6.1,.404,0.5,2.4,.224,1.9,3.7,.523,.449,0.4,0.5,.833,0.4,1.3,1.6,2.0,0.5,0.0,1.1,0.7,5.9
324,Scottie Lewis\lewissc01,SG,21,CHO,2,0,3.5,0.0,0.0,,0.0,0.0,,0.0,0.0,,,0.5,1.0,.500,0.0,0.0,0.0,0.5,0.5,0.0,0.0,0.0,0.5
325,Damian Lillard\lillada01,PG,31,POR,29,29,36.4,7.7,19.0,.402,3.2,9.8,.324,4.5,9.2,.485,.486,5.5,6.2,.878,0.4,3.7,4.1,7.3,0.6,0.4,2.9,1.3,24.0
326,Nassir Little\littlna01,SF,21,POR,42,23,25.9,3.5,7.5,.460,1.2,3.7,.331,2.2,3.8,.584,.541,1.6,2.2,.734,1.4,4.2,5.6,1.3,0.6,0.9,1.0,2.0,9.8
327,Isaiah Livers\liveris01,SF,23,DET,1,0,5.0,0.0,2.0,.000,0.0,2.0,.000,0.0,0.0,,.000,0.0,0.0,,0.0,0.0,0.0,0.0,1.0,1.0,1.0,1.0,0.0
328,Kevon Looney\looneke01,C,25,GSW,57,57,21.4,2.6,4.7,.545,0.0,0.0,.000,2.6,4.7,.547,.545,1.1,1.6,.656,2.7,4.9,7.6,1.7,0.6,0.8,0.9,2.7,6.2
329,Brook Lopez\lopezbr01,C,33,MIL,1,1,28.0,3.0,9.0,.333,2.0,4.0,.500,1.0,5.0,.200,.444,0.0,0.0,,2.0,3.0,5.0,0.0,1.0,3.0,0.0,3.0,8.0
330,Robin Lopez\lopezro01,C,33,ORL,26,9,17.7,3.5,6.2,.569,0.1,0.2,.400,3.4,6.0,.574,.575,0.8,1.5,.579,2.1,1.7,3.7,1.7,0.0,0.5,1.3,2.0,7.9
331,Didi Louzada\louzama01,SF,22,NOP,2,0,3.5,0.0,1.5,.000,0.0,1.5,.000,0.0,0.0,,.000,0.0,0.0,,1.0,0.0,1.0,0.5,0.0,0.0,0.0,0.0,0.0
332,Kevin Love\loveke01,PF,33,CLE,49,2,22.3,4.5,10.5,.426,2.5,6.3,.392,2.0,4.2,.478,.544,2.7,3.2,.853,1.1,6.2,7.3,2.1,0.3,0.2,1.3,1.1,14.2
333,Kyle Lowry\lowryky01,PG,35,MIA,44,44,33.9,4.3,10.3,.419,2.1,6.1,.340,2.3,4.2,.532,.519,2.3,2.7,.849,0.6,3.9,4.5,8.1,1.2,0.3,3.0,2.8,13.0
334,Timothé Luwawu-Cabarrot\luwawti01,SF,26,ATL,35,12,12.8,1.4,3.7,.391,0.9,2.5,.368,0.5,1.2,.439,.516,0.5,0.6,.850,0.3,1.1,1.4,0.7,0.3,0.1,0.4,1.3,4.3
335,Trey Lyles\lylestr01,PF,26,DET,51,3,19.4,3.4,7.5,.456,0.9,2.9,.301,2.6,4.7,.550,.513,2.7,3.5,.784,1.2,3.6,4.8,1.1,0.4,0.5,1.1,1.8,10.4
336,Théo Maledon\maledth01,PG,20,OKC,29,0,13.9,1.2,3.9,.310,0.4,2.0,.220,0.8,1.9,.407,.367,1.0,1.1,.848,0.3,1.3,1.6,1.1,0.4,0.1,0.9,1.1,3.8
337,Sandro Mamukelashvili\mamuksa01,PF,22,MIL,31,2,9.7,1.2,2.6,.439,0.5,1.3,.385,0.7,1.4,.488,.530,0.3,0.4,.750,0.9,1.0,1.8,0.5,0.2,0.2,0.3,0.6,3.1
338,Terance Mann\mannte01,SF,25,LAC,57,21,28.7,4.0,8.3,.479,1.0,2.7,.364,3.0,5.6,.535,.538,1.3,1.8,.752,1.3,3.8,5.2,2.4,0.7,0.1,1.0,2.2,10.2
339,Tre Mann\manntr01,PG,20,OKC,43,11,19.4,2.9,7.8,.368,1.3,3.6,.353,1.6,4.2,.381,.450,0.8,1.0,.733,0.3,1.8,2.1,1.0,0.7,0.2,0.8,1.7,7.8
340,Boban Marjanović\marjabo01,C,33,DAL,17,0,5.8,2.1,3.4,.632,0.1,0.2,.333,2.1,3.2,.648,.640,0.5,0.9,.500,0.4,1.4,1.8,0.1,0.0,0.1,0.6,1.2,4.8
341,Lauri Markkanen\markkla01,PF,24,CLE,38,38,30.2,4.9,11.3,.436,2.0,5.9,.342,2.9,5.4,.539,.526,1.7,1.9,.863,1.1,4.2,5.3,1.5,0.8,0.6,0.8,1.8,13.6
342,Naji Marshall\marshna01,SF,24,NOP,31,0,9.7,1.2,3.3,.359,0.3,1.4,.186,0.9,1.9,.483,.398,1.0,1.1,.857,0.5,1.6,2.1,0.8,0.4,0.1,0.7,1.0,3.6
343,Caleb Martin\martica02,SF,26,MIA,44,10,22.9,3.7,7.2,.506,1.0,2.6,.379,2.7,4.6,.579,.575,1.2,1.6,.739,1.3,2.7,4.0,1.0,1.0,0.5,0.8,1.6,9.5
344,Cody Martin\martico01,SF,26,CHO,49,11,27.2,2.9,6.5,.454,1.0,2.4,.410,2.0,4.1,.480,.530,1.1,1.7,.671,1.2,3.0,4.2,2.6,1.3,0.5,0.9,1.7,8.0
345,Kelan Martin\martike03,SF,26,IND,27,1,16.4,2.6,6.2,.417,0.8,2.7,.297,1.8,3.5,.511,.482,0.3,0.5,.692,0.6,1.4,2.0,0.8,0.5,0.3,0.5,1.3,6.3
346,Kenyon Martin Jr.\martike04,SF,21,HOU,52,0,19.6,3.4,6.4,.527,0.5,1.8,.298,2.8,4.6,.617,.569,1.0,1.6,.635,1.2,2.8,3.9,1.3,0.5,0.5,0.8,1.3,8.3
347,Garrison Mathews\mathega01,SG,25,HOU,38,18,27.5,3.3,8.0,.416,2.5,6.6,.378,0.8,1.4,.596,.573,2.7,3.3,.808,0.6,2.9,3.5,1.0,0.7,0.3,0.6,2.9,11.8
348,Dakota Mathias\mathida01,SG,26,MEM,6,0,2.7,0.3,1.0,.333,0.3,1.0,.333,0.0,0.0,,.500,0.0,0.0,,0.0,0.3,0.3,0.2,0.2,0.0,0.0,0.2,1.0
349,Wesley Matthews\matthwe02,SG,35,MIL,28,6,19.2,1.9,4.5,.417,1.1,3.3,.352,0.8,1.3,.583,.543,0.2,0.4,.600,0.5,1.4,1.9,0.7,0.4,0.2,0.4,1.9,5.1
350,Tyrese Maxey\maxeyty01,PG,21,PHI,49,48,35.6,6.4,13.5,.475,1.4,3.5,.399,5.0,10.0,.502,.527,2.8,3.2,.860,0.4,3.2,3.6,4.7,0.7,0.5,1.2,2.1,17.0
351,Skylar Mays\mayssk01,SG,24,ATL,22,5,9.2,1.4,2.8,.508,0.4,1.1,.320,1.0,1.6,.639,.574,0.4,0.4,.889,0.2,0.9,1.1,0.7,0.3,0.0,0.4,0.3,3.5
352,Miles McBride\mcbrimi01,PG,21,NYK,21,2,7.2,0.7,2.8,.259,0.2,1.5,.161,0.5,1.3,.370,.302,0.1,0.2,.750,0.1,0.7,0.8,1.1,0.4,0.0,0.1,0.7,1.8
353,Mac McClung\mccluma01,PG,23,CHI,1,0,3.0,1.0,1.0,1.000,0.0,0.0,,1.0,1.0,1.000,1.000,0.0,0.0,,0.0,0.0,0.0,0.0,0.0,0.0,1.0,0.0,2.0
354,CJ McCollum\mccolcj01,SG,30,TOT,38,38,35.3,8.2,18.7,.438,3.1,8.1,.379,5.1,10.6,.483,.520,1.4,1.9,.712,1.0,3.5,4.5,4.6,1.0,0.6,2.1,2.1,20.8
354,CJ McCollum\mccolcj01,SG,30,POR,36,36,35.2,8.1,18.5,.436,3.1,8.0,.384,5.0,10.4,.476,.520,1.3,1.9,.706,0.9,3.3,4.3,4.5,1.0,0.6,1.9,2.1,20.5
354,CJ McCollum\mccolcj01,SG,30,NOP,2,2,36.5,10.5,22.5,.467,2.5,8.5,.294,8.0,14.0,.571,.522,2.0,2.5,.800,2.0,7.0,9.0,5.0,0.5,0.0,4.0,2.0,25.5
355,T.J. McConnell\mccontj01,PG,29,IND,24,6,24.2,3.8,7.5,.503,0.3,1.0,.280,3.5,6.5,.538,.522,0.5,0.6,.800,0.8,2.5,3.3,4.8,1.0,0.4,1.2,1.8,8.4
356,Jaden McDaniels\mcdanja02,PF,21,MIN,54,24,26.0,3.4,7.7,.442,1.1,3.4,.306,2.4,4.3,.552,.511,0.7,0.9,.787,1.1,3.1,4.2,1.1,0.8,0.7,1.0,3.2,8.6
357,Jalen McDaniels\mcdanja01,SF,24,CHO,39,2,17.6,2.5,5.1,.492,0.8,2.2,.372,1.7,2.8,.586,.574,0.8,1.2,.674,0.7,2.7,3.5,1.1,0.5,0.4,0.8,1.8,6.6
358,Doug McDermott\mcderdo01,PF,30,SAS,41,41,24.4,4.4,9.5,.466,2.3,5.3,.435,2.1,4.2,.506,.588,0.5,0.7,.733,0.4,2.1,2.5,1.2,0.3,0.1,0.8,1.6,11.7
359,JaVale McGee\mcgeeja01,C,34,PHO,50,14,16.2,4.3,6.5,.654,0.0,0.1,.333,4.2,6.4,.660,.657,1.4,2.1,.680,2.4,4.6,7.0,0.7,0.4,1.0,1.4,2.5,10.0
360,Cameron McGriff\mcgrica01,SF,24,POR,3,0,15.3,1.7,4.7,.357,0.7,2.0,.333,1.0,2.7,.375,.429,0.7,0.7,1.000,2.0,3.0,5.0,1.0,0.0,0.3,0.0,2.3,4.7
361,Rodney McGruder\mcgruro01,SG,30,DET,31,1,13.7,1.7,3.8,.449,0.9,2.3,.408,0.8,1.5,.511,.572,0.3,0.5,.714,0.5,1.4,1.9,0.8,0.4,0.1,0.4,1.0,4.7
362,Alfonzo McKinnie\mckinal01,SF,29,CHI,17,3,12.1,1.4,3.6,.393,0.5,1.6,.333,0.9,2.0,.441,.467,0.1,0.5,.250,0.8,1.2,1.9,0.3,0.1,0.2,0.4,1.5,3.5
363,JaQuori McLaughlin\mclauja01,PG,24,DAL,4,0,2.8,0.0,0.5,.000,0.0,0.3,.000,0.0,0.3,.000,.000,0.0,0.0,,0.0,0.0,0.0,0.5,0.0,0.0,0.0,0.3,0.0
364,Jordan McLaughlin\mclaujo01,PG,25,MIN,39,3,12.4,1.1,2.9,.389,0.2,1.1,.214,0.9,1.8,.493,.429,0.5,0.7,.741,0.2,1.1,1.3,2.8,0.7,0.1,0.5,0.5,3.0
365,Ben McLemore\mclembe01,SG,28,POR,40,6,18.6,3.1,7.7,.396,2.3,6.2,.377,0.7,1.5,.475,.547,0.7,0.9,.794,0.3,1.3,1.6,0.8,0.4,0.1,0.7,1.4,9.1
366,De'Anthony Melton\meltode01,SG,23,MEM,49,13,22.8,3.6,9.3,.384,1.6,4.8,.342,2.0,4.6,.429,.472,1.1,1.5,.707,1.0,3.5,4.6,2.7,1.6,0.6,1.4,1.7,9.9
367,Sam Merrill\merrisa01,SG,25,MEM,6,0,9.7,1.3,4.0,.333,1.2,3.8,.304,0.2,0.2,1.000,.479,0.3,0.7,.500,0.2,1.0,1.2,0.7,0.0,0.0,0.3,0.5,4.2
368,Chimezie Metu\metuch01,C,24,SAC,40,20,22.4,3.5,7.9,.438,1.0,3.4,.281,2.5,4.6,.555,.498,1.1,1.5,.741,0.6,5.4,6.0,1.2,0.9,0.6,1.0,1.5,9.0
369,Khris Middleton\middlkh01,SF,30,MIL,45,45,31.9,6.7,15.0,.445,2.3,6.3,.372,4.3,8.7,.497,.523,3.8,4.4,.883,0.6,4.8,5.5,5.2,1.2,0.3,3.0,2.5,19.5
370,C.J. Miles\milescj01,SG,34,BOS,1,0,2.0,0.0,0.0,,0.0,0.0,,0.0,0.0,,,0.0,0.0,,0.0,0.0,0.0,0.0,0.0,0.0,0.0,1.0,0.0
371,Patty Mills\millspa02,PG,33,BRK,55,38,31.0,4.7,11.0,.430,3.2,7.7,.420,1.5,3.4,.452,.576,0.7,0.8,.884,0.2,2.0,2.2,2.6,0.7,0.3,0.9,1.5,13.4
372,Paul Millsap\millspa01,PF,36,BRK,24,0,11.3,1.3,3.5,.376,0.3,1.1,.222,1.1,2.4,.448,.412,0.5,0.7,.706,1.2,2.5,3.7,1.0,0.2,0.5,0.5,2.0,3.4
373,Shake Milton\miltosh01,PG,25,PHI,29,6,24.6,3.9,9.2,.422,0.9,2.8,.309,3.0,6.4,.471,.468,1.5,1.7,.860,0.5,2.6,3.0,2.8,0.7,0.4,1.2,2.1,10.1
374,Davion Mitchell\mitchda01,PG,23,SAC,52,8,26.0,4.3,10.4,.407,1.4,4.3,.321,2.9,6.1,.467,.473,0.5,0.8,.558,0.6,1.8,2.4,3.5,0.7,0.3,1.2,1.9,10.3
375,Donovan Mitchell\mitchdo01,SG,25,UTA,44,44,33.3,9.2,20.3,.451,3.3,9.5,.344,5.9,10.9,.545,.531,3.8,4.3,.874,0.9,3.3,4.2,5.2,1.6,0.3,3.0,2.5,25.4
376,Evan Mobley\mobleev01,PF,20,CLE,49,49,34.0,6.0,11.9,.502,0.4,1.3,.273,5.6,10.6,.531,.517,2.4,3.6,.672,1.8,6.2,8.0,2.5,0.8,1.7,2.0,2.0,14.7
377,Malik Monk\monkma01,SG,23,LAL,51,18,27.0,4.8,10.1,.472,2.3,5.6,.401,2.5,4.5,.561,.583,1.2,1.5,.779,0.4,2.8,3.3,2.5,0.7,0.4,1.4,1.6,13.0
378,Greg Monroe\monrogr01,C,31,TOT,9,0,15.4,2.6,4.7,.548,0.0,0.0,,2.6,4.7,.548,.548,0.7,1.3,.500,2.3,3.1,5.4,1.6,0.7,0.7,0.9,1.7,5.8
378,Greg Monroe\monrogr01,C,31,MIN,3,0,21.0,3.0,4.7,.643,0.0,0.0,,3.0,4.7,.643,.643,0.7,1.7,.400,1.7,5.3,7.0,3.7,0.7,1.3,1.3,2.3,6.7
378,Greg Monroe\monrogr01,C,31,WAS,2,0,9.0,2.0,4.0,.500,0.0,0.0,,2.0,4.0,.500,.500,0.0,0.0,,3.5,1.5,5.0,0.5,0.5,0.5,1.0,1.0,4.0
378,Greg Monroe\monrogr01,C,31,MIL,4,0,14.5,2.5,5.0,.500,0.0,0.0,,2.5,5.0,.500,.500,1.0,1.8,.571,2.3,2.3,4.5,0.5,0.8,0.3,0.5,1.5,6.0
379,Moses Moody\moodymo01,SG,19,GSW,33,4,9.4,1.1,2.9,.381,0.5,1.8,.305,0.6,1.2,.500,.474,0.4,0.5,.824,0.2,1.2,1.4,0.3,0.1,0.2,0.2,0.7,3.2
380,Xavier Moon\moonxa01,SG,27,LAC,6,0,13.8,2.3,5.7,.412,0.5,1.7,.300,1.8,4.0,.458,.456,0.3,0.5,.667,0.2,1.3,1.5,1.7,0.8,0.2,0.5,0.7,5.5
381,Matt Mooney\moonema01,SG,24,NYK,1,0,2.0,0.0,1.0,.000,0.0,1.0,.000,0.0,0.0,,.000,0.0,0.0,,0.0,0.0,0.0,0.0,1.0,0.0,1.0,0.0,0.0
382,Ja Morant\moranja01,PG,22,MEM,45,45,33.1,10.0,20.2,.493,1.5,4.5,.335,8.5,15.7,.539,.531,5.0,6.6,.748,1.4,4.5,5.9,6.8,1.2,0.4,3.4,1.4,26.4
383,Juwan Morgan\morgaju01,PF,24,TOR,1,0,27.0,2.0,3.0,.667,1.0,2.0,.500,1.0,1.0,1.000,.833,0.0,0.0,,2.0,2.0,4.0,1.0,0.0,0.0,0.0,3.0,5.0
384,Jaylen Morris\morrija01,SG,26,SAS,3,0,5.3,0.0,2.0,.000,0.0,0.7,.000,0.0,1.3,.000,.000,0.7,1.3,.500,0.0,0.7,0.7,0.7,0.0,0.0,0.3,0.7,0.7
385,Marcus Morris\morrima03,PF,32,LAC,33,33,30.2,5.8,13.3,.432,2.1,5.4,.384,3.7,8.0,.464,.509,2.2,2.7,.831,0.6,4.3,4.9,2.2,0.5,0.3,1.3,2.4,15.8
386,Markieff Morris\morrima02,PF,32,MIA,10,0,18.7,3.2,7.0,.457,0.8,2.2,.364,2.4,4.8,.500,.514,0.5,0.5,1.000,1.3,1.5,2.8,1.4,0.3,0.1,1.2,2.2,7.7
387,Monte Morris\morrimo01,PG,26,DEN,51,50,30.0,5.1,10.8,.474,1.6,4.3,.373,3.5,6.5,.541,.548,0.8,1.0,.843,0.4,2.6,2.9,4.3,0.7,0.2,1.0,1.2,12.6
388,Emmanuel Mudiay\mudiaem01,PG,25,SAC,2,0,5.5,0.0,1.0,.000,0.0,0.0,,0.0,1.0,.000,.000,1.5,2.0,.750,0.0,0.0,0.0,2.0,0.5,0.0,0.5,0.5,1.5
389,Mychal Mulder\muldemy01,PG,27,ORL,15,2,13.0,1.3,4.5,.299,0.9,3.1,.283,0.5,1.4,.333,.396,0.1,0.1,1.000,0.1,1.3,1.4,0.2,0.3,0.1,0.5,0.8,3.7
390,Ade Murkey\murkead01,SG,24,SAC,1,0,1.0,0.0,0.0,,0.0,0.0,,0.0,0.0,,,0.0,0.0,,0.0,0.0,0.0,0.0,0.0,0.0,0.0,0.0,0.0
391,Trey Murphy III\murphtr02,SF,21,NOP,40,0,12.9,1.3,3.7,.338,0.9,2.7,.336,0.4,1.0,.341,.459,0.6,0.7,.857,0.7,1.5,2.2,0.5,0.3,0.2,0.3,0.9,4.0
392,Dejounte Murray\murrade01,PG,25,SAS,50,50,34.4,8.3,18.0,.460,1.3,4.1,.320,6.9,13.8,.501,.497,2.1,2.8,.759,1.3,7.1,8.4,9.3,2.1,0.3,2.4,2.0,20.0
393,Mike Muscala\muscami01,C,30,OKC,43,0,13.8,2.6,5.8,.456,1.6,3.8,.429,1.0,2.0,.506,.597,1.1,1.3,.842,0.5,2.5,3.0,0.5,0.4,0.6,0.3,1.3,8.0
394,Svi Mykhailiuk\mykhasv01,SF,24,TOR,42,5,15.5,2.0,4.9,.405,0.8,2.7,.310,1.1,2.2,.522,.490,0.6,0.8,.844,0.5,1.6,2.1,1.0,0.6,0.1,0.7,1.1,5.4
395,Abdel Nader\naderab01,SF,28,PHO,14,0,10.4,0.9,2.5,.343,0.3,1.0,.286,0.6,1.5,.381,.400,0.4,0.7,.600,0.3,1.6,1.9,0.5,0.6,0.3,0.8,1.4,2.4
396,Larry Nance Jr.\nancela02,PF,29,POR,37,11,23.2,2.8,5.4,.515,0.5,1.7,.306,2.2,3.7,.610,.563,0.9,1.3,.653,1.6,4.1,5.6,2.0,1.0,0.4,0.7,1.8,6.9
397,RJ Nembhard Jr.\nembhrj01,SG,22,CLE,7,0,6.3,0.7,1.6,.455,0.0,0.1,.000,0.7,1.4,.500,.455,0.1,0.3,.500,0.0,0.3,0.3,1.4,0.0,0.0,0.3,0.3,1.6
398,Aaron Nesmith\nesmiaa01,SF,22,BOS,39,1,10.2,1.2,3.3,.354,0.4,2.1,.207,0.7,1.2,.604,.419,0.3,0.4,.813,0.3,1.4,1.6,0.3,0.3,0.1,0.5,1.2,3.1
399,Raul Neto\netora01,PG,29,WAS,46,2,19.9,2.9,6.6,.447,0.4,1.8,.229,2.5,4.8,.530,.478,1.3,1.7,.753,0.2,1.7,1.9,2.7,0.7,0.0,1.2,1.5,7.5
400,Malik Newman\newmama01,PG,24,CLE,1,0,8.0,3.0,5.0,.600,0.0,1.0,.000,3.0,4.0,.750,.600,2.0,2.0,1.000,0.0,1.0,1.0,1.0,0.0,0.0,1.0,0.0,8.0
401,Georges Niang\niangge01,PF,28,PHI,52,5,23.1,3.3,7.7,.432,1.9,4.9,.395,1.4,2.8,.497,.558,0.8,0.9,.867,0.4,2.3,2.6,1.5,0.4,0.2,0.8,2.6,9.3
402,Daishen Nix\nixda01,SG,19,HOU,8,0,8.4,1.6,2.5,.650,0.4,0.9,.429,1.3,1.6,.769,.725,0.1,0.4,.333,0.1,1.1,1.3,1.3,0.9,0.0,1.1,0.4,3.8
403,Zeke Nnaji\nnajize01,PF,21,DEN,39,1,16.7,2.4,4.5,.540,0.9,1.9,.487,1.5,2.6,.580,.645,1.0,1.6,.613,1.4,2.3,3.7,0.4,0.3,0.3,0.5,1.9,6.8
404,Nerlens Noel\noelne01,C,27,NYK,25,11,22.5,1.3,2.4,.533,0.0,0.1,.000,1.3,2.3,.561,.533,0.8,1.2,.700,1.9,3.7,5.6,0.9,1.2,1.2,0.8,2.7,3.4
405,Jaylen Nowell\nowelja01,SG,22,MIN,40,1,15.1,3.1,6.6,.464,0.9,2.4,.365,2.2,4.2,.521,.530,1.0,1.4,.745,0.4,1.6,2.0,2.1,0.6,0.2,0.5,1.2,8.0
406,Frank Ntilikina\ntilila01,PG,23,DAL,46,5,12.7,1.5,4.1,.378,0.7,2.1,.337,0.8,2.0,.422,.465,0.5,0.5,.958,0.2,1.2,1.4,1.2,0.5,0.1,0.6,1.1,4.3
407,Jusuf Nurkić\nurkiju01,C,27,POR,54,54,28.0,5.6,10.5,.533,0.2,1.0,.231,5.4,9.5,.563,.543,3.2,4.6,.684,2.9,8.1,11.0,2.8,1.1,0.6,2.6,3.4,14.6
408,David Nwaba\nwabada01,SF,29,HOU,35,4,13.9,2.0,4.2,.473,0.3,1.1,.270,1.7,3.1,.541,.507,1.1,1.5,.717,0.9,2.9,3.8,0.8,0.6,0.5,0.5,1.2,5.3
409,Jordan Nwora\nworajo01,SF,23,MIL,43,9,19.1,3.0,7.6,.402,1.4,3.8,.358,1.7,3.7,.447,.492,0.4,0.5,.762,0.7,3.0,3.7,1.0,0.5,0.3,1.0,1.2,7.8
410,Royce O'Neale\onealro01,SF,28,UTA,52,52,31.4,2.7,5.5,.490,1.5,3.7,.407,1.2,1.8,.660,.627,0.6,0.8,.786,0.8,4.1,4.9,2.5,1.3,0.5,0.9,2.4,7.6
411,Semi Ojeleye\ojelese01,PF,27,MIL,20,0,15.4,0.9,3.5,.257,0.6,2.1,.268,0.4,1.5,.241,.336,0.5,0.7,.769,1.3,1.7,2.9,0.3,0.3,0.3,0.3,1.3,2.9
412,Chuma Okeke\okekech01,PF,23,ORL,47,10,23.6,3.0,7.8,.385,1.4,4.7,.311,1.6,3.1,.497,.478,0.8,0.9,.837,0.7,4.0,4.7,1.5,1.4,0.6,0.8,1.3,8.2
413,Josh Okogie\okogijo01,SG,23,MIN,33,6,12.4,0.8,2.3,.347,0.3,1.1,.278,0.5,1.2,.410,.413,0.7,1.1,.622,0.8,1.1,1.8,0.5,0.5,0.3,0.5,1.2,2.6
414,Onyeka Okongwu\okongon01,C,21,ATL,24,6,21.8,3.5,4.9,.709,0.0,0.0,,3.5,4.9,.709,.709,1.6,2.2,.736,2.2,3.4,5.6,1.1,0.7,1.4,1.2,3.2,8.5
415,Isaac Okoro\okorois01,SF,21,CLE,42,36,28.9,3.2,6.9,.462,0.8,2.6,.306,2.4,4.3,.559,.521,1.8,2.4,.778,1.0,2.1,3.2,1.8,0.8,0.3,1.0,2.5,9.0
416,KZ Okpala\okpalkz01,PF,22,MIA,21,0,11.6,1.4,3.3,.435,0.4,1.2,.346,1.0,2.0,.488,.500,0.4,0.5,.727,0.5,1.4,2.0,0.7,0.2,0.3,0.2,1.2,3.7
417,Cameron Oliver\oliveca01,SF,25,ATL,2,0,21.5,5.0,7.5,.667,0.5,1.5,.333,4.5,6.0,.750,.700,1.0,1.5,.667,1.0,2.0,3.0,1.5,0.5,0.5,0.0,2.5,11.5
418,Kelly Olynyk\olynyke01,C,30,DET,19,1,20.5,3.6,8.9,.400,1.0,3.6,.275,2.6,5.3,.485,.456,1.7,2.6,.673,1.5,3.4,4.9,2.9,0.8,0.5,1.6,2.6,9.9
419,Eugene Omoruyi\omorueu01,SF,24,DAL,4,0,4.5,0.5,1.3,.400,0.3,0.5,.500,0.3,0.8,.333,.500,0.5,1.0,.500,0.5,1.3,1.8,0.5,0.0,0.0,0.0,0.5,1.8
420,Miye Oni\onimi01,SG,24,UTA,16,0,2.8,0.1,0.6,.222,0.1,0.5,.125,0.1,0.1,1.000,.278,0.0,0.1,.000,0.1,0.4,0.4,0.3,0.0,0.0,0.1,0.4,0.3
421,Cedi Osman\osmande01,SF,26,CLE,45,3,23.2,3.8,9.2,.420,2.0,5.7,.355,1.8,3.5,.526,.530,1.2,1.9,.640,0.4,1.9,2.3,2.0,0.9,0.2,0.9,1.9,10.9
422,Daniel Oturu\oturuda01,C,22,TOR,3,0,9.0,1.0,2.0,.500,0.0,0.3,.000,1.0,1.7,.600,.500,1.0,1.7,.600,0.3,1.3,1.7,0.0,0.0,0.7,0.0,0.3,3.0
423,Kelly Oubre Jr.\oubreke01,SF,26,CHO,52,13,28.4,5.9,13.5,.440,2.7,8.0,.343,3.2,5.6,.578,.541,1.7,2.5,.687,1.1,3.0,4.1,1.2,1.1,0.4,1.0,2.6,16.3
424,Jaysean Paige\paigeja01,PG,27,DET,1,0,7.0,0.0,3.0,.000,0.0,2.0,.000,0.0,1.0,.000,.000,0.0,0.0,,0.0,1.0,1.0,1.0,0.0,0.0,1.0,2.0,0.0
425,Trayvon Palmer\palmetr01,SG,27,DET,1,0,17.0,0.0,1.0,.000,0.0,0.0,,0.0,1.0,.000,.000,0.0,0.0,,0.0,2.0,2.0,0.0,0.0,0.0,1.0,2.0,0.0
426,Kevin Pangos\pangoke01,PG,29,CLE,24,3,6.9,0.6,1.9,.326,0.3,1.1,.231,0.4,0.8,.450,.391,0.1,0.2,.750,0.1,0.4,0.5,1.3,0.1,0.0,0.3,0.5,1.6
427,Jabari Parker\parkeja01,PF,26,BOS,12,0,9.3,1.5,3.2,.474,0.7,1.3,.500,0.8,1.8,.455,.579,0.8,0.8,1.000,0.4,1.9,2.3,0.5,0.3,0.1,0.7,1.1,4.4
428,Eric Paschall\pascher01,PF,25,UTA,42,1,13.2,2.0,4.1,.480,0.8,2.1,.368,1.2,2.0,.595,.573,1.1,1.5,.762,0.6,1.5,2.1,0.6,0.1,0.1,0.6,0.9,5.8
429,Chris Paul\paulch01,PG,36,PHO,56,56,33.2,5.6,11.6,.486,1.1,3.1,.335,4.6,8.4,.542,.532,2.7,3.2,.837,0.3,4.3,4.5,10.7,1.9,0.3,2.4,2.1,15.0
430,Cameron Payne\payneca01,PG,27,PHO,40,0,20.4,4.0,9.8,.404,1.1,3.4,.336,2.8,6.4,.440,.462,1.4,1.7,.864,0.4,2.4,2.8,3.6,0.6,0.3,1.8,1.9,10.5
431,Elfrid Payton\paytoel01,PG,27,PHO,36,0,11.9,1.5,3.8,.394,0.1,0.4,.286,1.4,3.4,.407,.409,0.3,0.8,.393,0.5,1.5,2.0,2.2,0.5,0.1,1.0,0.9,3.4
432,Gary Payton II\paytoga02,PG,29,GSW,54,9,16.5,2.9,4.6,.618,0.6,1.7,.367,2.2,2.9,.761,.685,0.5,0.9,.587,1.0,2.6,3.6,0.8,1.3,0.3,0.5,1.6,6.8
433,Norvel Pelle\pelleno01,C,28,UTA,3,0,6.3,1.0,1.7,.600,0.0,0.0,,1.0,1.7,.600,.600,0.0,0.0,,1.0,1.0,2.0,0.0,0.0,0.3,0.7,0.3,2.0
434,Reggie Perry\perryre01,PF,21,TOT,3,0,17.0,1.7,3.3,.500,0.3,0.7,.500,1.3,2.7,.500,.550,0.7,0.7,1.000,0.7,2.0,2.7,0.7,0.3,0.0,0.3,3.0,4.3
434,Reggie Perry\perryre01,PF,21,POR,2,0,20.5,2.0,4.5,.444,0.5,1.0,.500,1.5,3.5,.429,.500,1.0,1.0,1.000,1.0,2.5,3.5,1.0,0.5,0.0,0.5,3.0,5.5
434,Reggie Perry\perryre01,PF,21,IND,1,0,10.0,1.0,1.0,1.000,0.0,0.0,,1.0,1.0,1.000,1.000,0.0,0.0,,0.0,1.0,1.0,0.0,0.0,0.0,0.0,3.0,2.0
435,Jamorko Pickett\pickeja01,PF,24,DET,6,0,7.8,0.2,1.7,.100,0.2,1.2,.143,0.0,0.5,.000,.150,0.0,0.0,,0.3,1.2,1.5,0.2,0.0,0.2,0.5,0.5,0.5
436,Theo Pinson\pinsoth01,SF,26,DAL,16,0,7.5,0.6,2.0,.281,0.4,1.6,.240,0.2,0.4,.429,.375,0.3,0.3,1.000,0.1,1.1,1.2,0.8,0.3,0.1,0.1,0.6,1.8
437,Mason Plumlee\plumlma01,C,31,CHO,49,49,25.5,3.0,4.7,.633,0.0,0.0,.000,3.0,4.6,.639,.633,0.7,2.2,.340,2.6,5.3,7.9,3.0,0.9,0.6,1.3,3.1,6.7
438,Jakob Poeltl\poeltja01,C,26,SAS,47,46,28.8,5.8,9.6,.610,0.0,0.0,1.000,5.8,9.5,.609,.611,1.3,2.7,.469,3.9,5.1,9.0,2.7,0.8,1.8,1.6,3.0,13.0
439,Aleksej Pokusevski\pokusal01,PF,20,OKC,40,2,16.2,2.3,5.7,.396,0.7,2.6,.272,1.6,3.1,.500,.458,0.2,0.4,.563,1.0,3.2,4.2,1.1,0.6,0.6,1.2,1.3,5.4
440,Yves Pons\ponsyv01,SF,22,MEM,7,0,3.1,0.1,0.4,.333,0.1,0.1,1.000,0.0,0.3,.000,.500,0.0,0.3,.000,0.3,0.4,0.7,0.0,0.0,0.0,0.0,0.3,0.4
441,Jordan Poole\poolejo01,SG,22,GSW,51,35,29.0,5.6,12.8,.436,2.4,7.0,.338,3.2,5.7,.556,.529,2.9,3.2,.926,0.5,2.6,3.1,3.5,0.8,0.3,2.3,2.6,16.5
442,Kevin Porter Jr.\porteke02,PG,21,HOU,38,38,30.1,4.8,11.9,.403,2.3,6.0,.380,2.5,5.9,.426,.499,2.0,3.2,.620,0.7,3.2,3.9,6.1,1.2,0.3,3.6,2.6,13.8
443,Michael Porter Jr.\portemi01,SF,23,DEN,9,9,29.4,4.1,11.4,.359,1.1,5.3,.208,3.0,6.1,.491,.408,0.6,1.0,.556,1.0,5.6,6.6,1.9,1.1,0.2,1.3,1.8,9.9
444,Otto Porter Jr.\porteot01,PF,28,GSW,46,13,21.7,3.2,6.7,.471,1.5,3.8,.394,1.7,2.9,.570,.582,0.5,0.7,.727,1.0,4.2,5.2,1.6,1.1,0.5,0.5,1.3,8.4
445,Bobby Portis\portibo01,C,26,MIL,48,43,28.8,6.0,12.4,.487,2.0,4.7,.422,4.1,7.7,.527,.567,1.4,1.8,.770,2.6,6.5,9.1,1.3,0.7,0.8,1.5,2.6,15.5
446,Kristaps Porziņģis\porzikr01,PF,26,DAL,34,34,29.5,6.7,14.9,.451,1.4,5.1,.283,5.3,9.9,.537,.499,4.3,5.0,.865,1.9,5.8,7.7,2.0,0.7,1.7,1.6,2.6,19.2
447,Micah Potter\pottemi01,C,23,DET,3,0,10.3,1.7,3.7,.455,0.0,0.7,.000,1.7,3.0,.556,.455,0.7,0.7,1.000,1.3,1.7,3.0,0.0,0.3,0.3,0.3,1.3,4.0
448,Dwight Powell\poweldw01,C,30,DAL,57,46,20.4,2.8,4.3,.646,0.2,0.5,.387,2.5,3.7,.684,.671,1.6,2.2,.756,2.0,2.4,4.4,1.1,0.5,0.4,0.8,2.4,7.4
449,Myles Powell\powelmy01,PG,24,PHI,11,0,4.7,0.5,1.5,.294,0.1,0.5,.167,0.4,1.0,.364,.324,0.2,0.2,1.000,0.1,0.5,0.5,0.3,0.1,0.0,0.3,0.7,1.2
450,Norman Powell\powelno01,SF-SG,28,TOT,43,41,32.9,6.2,13.6,.457,2.3,5.7,.407,3.9,7.9,.493,.542,4.1,5.1,.807,0.5,2.8,3.3,2.2,1.0,0.4,1.6,2.3,18.8
450,Norman Powell\powelno01,SF,28,POR,40,39,33.3,6.2,13.6,.456,2.3,5.7,.406,3.9,7.8,.492,.542,4.0,5.0,.803,0.4,2.9,3.3,2.1,1.0,0.4,1.6,2.3,18.7
450,Norman Powell\powelno01,SG,28,LAC,3,2,26.7,6.7,14.0,.476,2.0,4.7,.429,4.7,9.3,.500,.548,5.7,6.7,.850,1.0,2.0,3.0,4.0,0.7,0.7,1.7,2.7,21.0
451,Joshua Primo\primojo01,SG,19,SAS,28,4,15.8,1.8,4.8,.381,0.9,2.5,.338,1.0,2.3,.429,.470,0.6,0.8,.783,0.6,1.0,1.6,1.4,0.4,0.5,1.0,1.3,5.1
452,Taurean Prince\princta02,PF,27,MIN,45,8,15.5,2.0,4.5,.453,1.1,2.8,.395,1.0,1.8,.544,.574,0.6,0.8,.757,0.4,1.9,2.3,0.9,0.6,0.2,0.7,1.4,5.8
453,Payton Pritchard\pritcpa01,SG,24,BOS,47,2,12.1,1.7,4.6,.374,1.0,2.7,.364,0.7,1.8,.388,.484,0.3,0.3,1.000,0.3,1.3,1.6,1.6,0.2,0.1,0.6,0.9,4.7
454,Trevelin Queen\queentr01,SG,24,HOU,8,0,8.6,1.6,3.6,.448,1.0,2.8,.364,0.6,0.9,.714,.586,0.4,0.4,1.000,0.6,1.1,1.8,0.4,0.6,0.0,0.9,0.8,4.6
455,Neemias Queta\quetane01,C,22,SAC,10,0,5.6,0.9,2.3,.391,0.0,0.0,,0.9,2.3,.391,.391,0.3,0.5,.600,1.1,0.8,1.9,0.4,0.1,0.4,0.4,1.1,2.1
456,Immanuel Quickley\quickim01,PG,22,NYK,53,2,21.4,3.1,8.5,.366,1.6,4.8,.328,1.5,3.6,.417,.460,1.6,1.8,.914,0.3,2.0,2.3,2.9,0.6,0.1,1.2,2.2,9.4
457,Jahmi'us Ramsey\ramseja01,SG,20,SAC,19,0,7.1,1.3,3.1,.414,0.3,0.9,.278,1.0,2.1,.475,.457,0.4,0.7,.500,0.2,0.5,0.7,0.4,0.1,0.1,0.3,0.5,3.2
458,Julius Randle\randlju01,PF,27,NYK,55,55,35.5,7.0,16.7,.420,1.6,5.3,.302,5.4,11.4,.474,.468,3.8,5.1,.756,1.9,8.3,10.2,5.2,0.8,0.6,3.5,2.8,19.4
459,Austin Reaves\reaveau01,SG,23,LAL,38,0,21.1,2.1,4.3,.488,0.8,2.4,.330,1.3,1.9,.690,.580,1.2,1.4,.830,0.6,2.0,2.6,1.3,0.3,0.3,0.5,1.4,6.1
460,Cam Reddish\reddica01,SF,22,TOT,41,7,21.5,3.6,9.0,.397,1.5,4.0,.361,2.1,5.0,.426,.478,2.2,2.4,.909,0.5,1.7,2.2,1.0,1.0,0.3,1.2,1.2,10.8
460,Cam Reddish\reddica01,SF,22,ATL,34,7,23.4,4.1,10.1,.402,1.7,4.5,.379,2.4,5.6,.421,.487,2.1,2.4,.900,0.6,1.9,2.5,1.1,1.0,0.3,1.3,1.3,11.9
460,Cam Reddish\reddica01,SF,22,NYK,7,0,12.0,1.3,3.9,.333,0.3,1.9,.154,1.0,2.0,.500,.370,2.6,2.7,.947,0.1,1.0,1.1,0.4,0.7,0.3,0.9,0.4,5.4
461,Davon Reed\reedda01,SG,26,DEN,29,3,13.8,1.6,3.3,.474,0.8,1.8,.434,0.8,1.4,.524,.595,0.1,0.2,.800,0.3,2.2,2.5,1.0,0.6,0.1,0.3,1.4,4.0
462,Paul Reed\reedpa01,C,22,PHI,23,2,9.3,1.1,2.5,.448,0.0,0.2,.000,1.1,2.3,.481,.448,0.1,0.3,.375,1.3,1.4,2.7,0.4,0.7,0.5,0.3,1.5,2.4
463,Naz Reid\reidna01,C,22,MIN,54,5,16.0,3.0,6.4,.462,0.8,2.2,.345,2.2,4.2,.524,.522,1.5,2.0,.745,1.4,2.4,3.8,0.9,0.4,1.0,1.0,2.1,8.2
464,Nick Richards\richani01,C,24,CHO,41,5,8.4,1.3,2.0,.679,0.0,0.0,,1.3,2.0,.679,.679,0.7,1.0,.732,0.7,1.2,2.0,0.3,0.2,0.5,0.5,1.2,3.4
465,Josh Richardson\richajo01,SG,28,BOS,44,0,24.7,3.5,7.8,.443,1.4,3.5,.397,2.0,4.3,.481,.534,1.4,1.6,.859,0.6,2.3,2.8,1.5,0.8,0.5,0.9,1.9,9.7
466,Austin Rivers\riverau01,SG,29,DEN,42,13,20.9,2.2,5.4,.410,1.2,3.5,.342,1.0,1.9,.538,.522,0.5,0.6,.704,0.4,1.3,1.7,1.1,0.7,0.1,0.8,1.6,6.1
467,Duncan Robinson\robindu01,SG,27,MIA,54,49,27.3,4.0,10.0,.397,3.1,8.4,.363,0.9,1.6,.575,.549,0.7,0.8,.822,0.4,2.6,3.0,1.5,0.6,0.2,0.9,2.6,11.7
468,Justin Robinson\robinju01,PG,24,TOT,25,0,12.2,1.1,3.7,.301,0.7,2.4,.295,0.4,1.3,.313,.398,0.2,0.3,.500,0.2,0.7,0.8,1.3,0.4,0.0,0.7,1.1,3.1
468,Justin Robinson\robinju01,PG,24,MIL,17,0,11.6,1.1,3.4,.316,0.6,2.2,.270,0.5,1.2,.400,.404,0.1,0.1,1.000,0.1,0.6,0.8,1.2,0.5,0.0,0.6,1.0,2.8
468,Justin Robinson\robinju01,PG,24,SAC,3,0,5.0,0.3,2.7,.125,0.0,1.0,.000,0.3,1.7,.200,.125,0.0,0.0,,0.0,0.3,0.3,0.7,0.0,0.0,0.3,0.7,0.7
468,Justin Robinson\robinju01,PG,24,DET,5,0,18.2,1.8,5.6,.321,1.6,4.2,.381,0.2,1.4,.143,.464,0.4,1.2,.333,0.4,1.0,1.4,1.8,0.2,0.2,1.0,1.6,5.6
469,Mitchell Robinson\robinmi01,C,23,NYK,51,42,25.2,3.6,4.6,.768,0.0,0.0,,3.6,4.6,.768,.768,1.3,2.5,.520,3.8,4.8,8.6,0.5,0.6,1.6,0.7,2.7,8.4
470,Jeremiah Robinson-Earl\robinje02,C,21,OKC,44,36,23.0,2.7,6.6,.401,1.1,3.4,.333,1.5,3.2,.472,.486,0.7,1.0,.714,1.6,4.2,5.8,1.0,0.6,0.3,0.8,1.7,7.1
471,Isaiah Roby\robyis01,PF,23,OKC,20,6,14.1,2.6,4.7,.543,0.6,1.4,.444,2.0,3.4,.582,.606,0.8,1.1,.762,1.1,2.1,3.2,0.7,0.5,0.5,0.9,1.6,6.5
472,Rajon Rondo\rondora01,PG,35,TOT,30,0,18.3,1.8,4.9,.367,0.8,2.3,.329,1.0,2.6,.403,.446,0.6,0.7,.810,0.4,2.6,3.0,4.2,0.8,0.2,1.9,1.5,4.9
472,Rajon Rondo\rondora01,PG,35,LAL,18,0,16.1,1.3,3.9,.324,0.4,1.7,.267,0.8,2.3,.366,.380,0.1,0.1,.500,0.6,2.2,2.7,3.7,0.7,0.3,1.9,1.4,3.1
472,Rajon Rondo\rondora01,PG,35,CLE,12,0,21.7,2.6,6.3,.408,1.3,3.3,.375,1.3,3.0,.444,.507,1.3,1.6,.842,0.3,3.3,3.5,4.8,1.1,0.0,1.8,1.7,7.8
473,Derrick Rose\rosede01,PG,33,NYK,26,4,24.5,4.7,10.5,.445,1.4,3.5,.402,3.3,7.0,.467,.513,1.2,1.2,.968,0.8,2.2,3.0,4.0,0.8,0.5,1.5,0.6,12.0
474,Terrence Ross\rosste01,SG,30,ORL,49,0,24.4,3.8,9.3,.407,1.4,4.3,.319,2.4,4.9,.485,.482,2.0,2.3,.874,0.3,2.3,2.6,2.0,0.5,0.2,1.4,1.1,10.9
475,Terry Rozier\roziete01,SG,27,CHO,49,49,33.6,6.9,16.0,.431,3.0,8.3,.365,3.9,7.7,.501,.525,2.0,2.5,.810,0.8,3.6,4.4,4.3,1.1,0.3,1.3,1.5,18.8
476,Ricky Rubio\rubiori01,PG,31,CLE,34,8,28.5,4.4,12.1,.363,1.7,5.1,.339,2.6,7.0,.380,.434,2.6,3.0,.854,0.4,3.7,4.1,6.6,1.4,0.2,2.6,2.2,13.1
477,D'Angelo Russell\russeda01,PG,25,MIN,43,43,32.1,6.6,15.9,.416,3.0,8.4,.355,3.6,7.4,.484,.510,2.9,3.5,.816,0.3,3.1,3.5,6.9,1.0,0.5,2.6,2.2,19.1
478,Domantas Sabonis\sabondo01,C-PF,25,TOT,49,48,34.7,7.1,12.2,.581,0.7,2.2,.321,6.4,10.0,.639,.610,4.0,5.4,.741,3.3,8.8,12.1,5.1,1.0,0.4,3.0,3.1,18.9
478,Domantas Sabonis\sabondo01,C,25,IND,47,46,34.7,7.0,12.1,.580,0.7,2.3,.324,6.3,9.9,.639,.610,4.1,5.5,.740,3.3,8.8,12.1,5.0,1.0,0.5,3.0,3.1,18.9
478,Domantas Sabonis\sabondo01,PF,25,SAC,2,2,33.0,8.5,14.0,.607,0.0,0.5,.000,8.5,13.5,.630,.607,2.0,2.5,.800,3.0,9.5,12.5,6.0,0.5,0.0,3.0,4.0,19.0
479,Olivier Sarr\sarrol01,C,22,OKC,2,0,7.0,0.5,1.5,.333,0.0,0.5,.000,0.5,1.0,.500,.333,1.0,1.0,1.000,0.0,2.5,2.5,0.0,0.0,1.0,0.0,0.5,2.0
480,Tomáš Satoranský\satorto01,SG,30,NOP,32,3,15.0,1.0,3.3,.299,0.2,1.0,.161,0.8,2.4,.355,.322,0.6,0.8,.760,0.6,1.4,2.0,2.4,0.4,0.0,0.7,1.0,2.8
481,Jordan Schakel\schakjo01,SG,23,WAS,2,0,7.0,0.0,3.0,.000,0.0,1.5,.000,0.0,1.5,.000,.000,0.0,0.0,,1.0,0.5,1.5,0.0,0.0,0.0,0.0,0.0,0.0
482,Admiral Schofield\schofad01,SF,24,ORL,22,1,11.2,1.3,2.7,.475,0.5,1.6,.314,0.8,1.1,.708,.568,0.1,0.2,.600,0.3,1.7,2.0,0.7,0.1,0.2,0.5,1.3,3.2
483,Dennis Schröder\schrode01,SG,28,BOS,49,25,29.2,5.2,11.9,.440,1.4,3.9,.349,3.9,8.0,.485,.497,2.5,3.0,.848,0.6,2.8,3.3,4.2,0.8,0.1,2.1,2.4,14.4
484,Tre Scott\scotttr01,SF,25,CLE,2,0,5.5,1.5,3.0,.500,0.0,0.5,.000,1.5,2.5,.600,.500,0.0,0.0,,0.5,0.5,1.0,0.0,0.5,0.5,0.0,1.0,3.0
485,Jay Scrubb\scrubja01,SG,21,LAC,18,0,6.7,1.0,2.6,.391,0.3,1.2,.286,0.7,1.4,.480,.457,0.4,0.6,.700,0.1,0.8,0.9,0.4,0.2,0.2,0.4,0.5,2.7
486,Wayne Selden\seldewa01,SG,27,NYK,3,0,6.3,0.3,1.3,.250,0.3,0.7,.500,0.0,0.7,.000,.375,0.7,1.3,.500,0.0,0.3,0.3,0.3,0.0,0.0,0.0,0.3,1.7
487,Alperen Şengün\sengual01,C,19,HOU,47,4,18.7,3.0,6.3,.477,0.3,1.2,.259,2.7,5.1,.529,.502,2.3,3.2,.697,1.7,3.0,4.7,2.5,0.8,1.0,2.0,2.9,8.6
488,Collin Sexton\sextoco01,SG,23,CLE,11,11,28.7,6.2,13.7,.450,1.0,4.1,.244,5.2,9.6,.538,.487,2.6,3.5,.744,1.2,2.1,3.3,2.1,0.9,0.0,2.8,2.3,16.0
489,Landry Shamet\shamela01,SG,24,PHO,45,7,19.8,2.4,6.4,.370,1.6,4.5,.353,0.8,2.0,.409,.493,1.0,1.2,.852,0.2,1.7,1.9,1.6,0.5,0.1,0.5,1.2,7.4
490,Day'Ron Sharpe\sharpda01,PF,20,BRK,28,8,13.2,2.8,5.0,.568,0.0,0.1,.250,2.8,4.8,.578,.572,0.8,1.3,.568,2.8,2.6,5.4,0.5,0.4,0.5,1.0,2.1,6.4
491,Pascal Siakam\siakapa01,PF,27,TOR,42,42,37.9,8.5,17.0,.500,1.1,3.2,.356,7.4,13.8,.534,.534,3.9,5.4,.733,2.1,6.6,8.7,5.2,1.3,0.8,2.7,3.5,22.1
492,Chris Silva\silvach01,PF,25,TOT,10,0,9.1,0.8,1.5,.533,0.0,0.0,,0.8,1.5,.533,.533,1.0,1.2,.833,1.3,2.3,3.6,0.7,0.0,0.1,0.8,2.0,2.6
492,Chris Silva\silvach01,PF,25,MIN,1,0,3.0,0.0,0.0,,0.0,0.0,,0.0,0.0,,,0.0,0.0,,0.0,1.0,1.0,0.0,0.0,0.0,0.0,0.0,0.0
492,Chris Silva\silvach01,PF,25,MIA,9,0,9.8,0.9,1.7,.533,0.0,0.0,,0.9,1.7,.533,.533,1.1,1.3,.833,1.4,2.4,3.9,0.8,0.0,0.1,0.9,2.2,2.9
493,Marko Simonovic\simonma01,C,22,CHI,9,0,3.9,0.4,1.7,.267,0.1,0.6,.200,0.3,1.1,.300,.300,0.9,1.2,.727,0.6,0.6,1.1,0.0,0.1,0.1,0.2,0.7,1.9
494,Anfernee Simons\simonan01,SG,22,POR,51,24,29.1,5.9,13.5,.440,2.9,7.4,.396,3.0,6.1,.495,.549,1.6,1.8,.880,0.5,2.2,2.7,3.8,0.5,0.1,1.9,1.9,16.4
495,Jericho Sims\simsje01,PF,23,NYK,18,0,6.5,0.4,0.6,.727,0.0,0.0,,0.4,0.6,.727,.727,0.2,0.2,.750,0.6,0.9,1.5,0.1,0.2,0.4,0.1,0.6,1.1
496,Deividas Sirvydis\sirvyde01,SG,21,DET,3,0,9.0,0.3,3.3,.100,0.3,2.3,.143,0.0,1.0,.000,.150,0.0,0.0,,0.0,2.0,2.0,0.3,1.0,0.3,0.0,1.3,1.0
497,Javonte Smart\smartja01,PG,22,MIL,13,1,12.3,0.8,3.3,.256,0.3,1.4,.222,0.5,1.9,.280,.302,0.4,0.5,.833,0.3,1.2,1.5,1.1,0.3,0.2,0.7,0.8,2.4
498,Marcus Smart\smartma01,PG,27,BOS,49,49,33.1,4.1,9.9,.409,1.5,4.8,.309,2.6,5.1,.504,.485,2.2,2.7,.791,0.7,3.4,4.0,5.4,1.9,0.3,2.1,2.4,11.8
499,Dennis Smith Jr.\smithde03,PG,24,POR,37,4,17.2,2.1,5.1,.418,0.2,0.7,.222,2.0,4.4,.451,.434,1.1,1.7,.656,0.5,1.8,2.4,3.6,1.2,0.3,1.4,1.4,5.6
500,Ish Smith\smithis01,PG,33,TOT,38,1,14.0,2.0,5.1,.401,0.3,0.7,.423,1.7,4.4,.398,.430,0.3,0.5,.632,0.3,1.2,1.6,2.7,0.6,0.3,1.0,0.9,4.7
500,Ish Smith\smithis01,PG,33,CHO,37,1,13.8,2.0,5.0,.395,0.3,0.7,.400,1.7,4.3,.394,.422,0.3,0.5,.632,0.3,1.2,1.5,2.6,0.5,0.3,1.0,0.9,4.5
500,Ish Smith\smithis01,PG,33,WAS,1,0,20.0,4.0,7.0,.571,1.0,1.0,1.000,3.0,6.0,.500,.643,0.0,0.0,,1.0,1.0,2.0,5.0,3.0,1.0,1.0,2.0,9.0
501,Jalen Smith\smithja04,PF,21,TOT,31,4,13.7,2.4,5.0,.481,0.4,1.5,.261,2.0,3.5,.574,.519,1.4,1.9,.759,1.9,3.0,5.0,0.2,0.2,0.6,0.8,1.8,6.6
501,Jalen Smith\smithja04,PF,21,PHO,29,4,13.2,2.2,4.7,.460,0.3,1.3,.231,1.9,3.4,.551,.493,1.4,1.8,.769,1.9,2.9,4.8,0.2,0.2,0.6,0.8,1.8,6.0
501,Jalen Smith\smithja04,PF,21,IND,2,0,22.0,5.5,8.5,.647,1.5,3.5,.429,4.0,5.0,.800,.735,2.0,3.0,.667,2.5,5.0,7.5,0.0,0.5,1.0,1.5,2.0,14.5
502,Xavier Sneed\sneedxa01,SF,24,MEM,2,0,4.0,0.0,1.0,.000,0.0,1.0,.000,0.0,0.0,,.000,0.0,0.0,,0.5,0.5,1.0,0.0,0.0,0.0,0.0,1.0,0.0
503,Tony Snell\snellto01,SG,30,POR,38,10,14.4,0.9,2.6,.371,0.6,2.0,.320,0.3,0.6,.545,.495,0.1,0.1,1.000,0.3,1.6,1.9,0.5,0.2,0.2,0.3,1.2,2.6
504,Jaden Springer\sprinja01,SG,19,PHI,2,0,3.0,0.5,0.5,1.000,0.0,0.0,,0.5,0.5,1.000,1.000,0.0,0.0,,0.5,0.5,1.0,0.0,0.0,1.0,0.5,0.0,1.0
505,Cassius Stanley\stanlca01,SG,22,DET,9,1,17.2,2.1,5.1,.413,0.4,1.9,.235,1.7,3.2,.517,.457,1.1,1.1,1.000,0.6,1.6,2.1,0.4,0.6,0.2,0.7,1.9,5.8
506,Nik Stauskas\stausni01,SG,28,MIA,2,0,12.0,1.5,4.0,.375,1.0,2.0,.500,0.5,2.0,.250,.500,1.5,2.0,.750,0.5,1.0,1.5,0.5,0.0,0.0,0.0,0.5,5.5
507,Lance Stephenson\stephla01,SG-SF,31,TOT,28,1,17.5,3.2,7.0,.456,0.5,2.1,.259,2.6,4.9,.540,.495,1.4,1.7,.813,0.4,2.5,2.9,3.6,0.4,0.0,1.6,1.9,8.3
507,Lance Stephenson\stephla01,SF,31,ATL,6,0,11.7,0.8,2.2,.385,0.0,0.5,.000,0.8,1.7,.500,.385,0.2,0.3,.500,0.2,2.3,2.5,1.8,0.0,0.0,0.7,1.3,1.8
507,Lance Stephenson\stephla01,SG,31,IND,22,1,19.1,3.8,8.3,.462,0.7,2.5,.273,3.1,5.8,.543,.503,1.7,2.1,.826,0.4,2.6,3.0,4.1,0.5,0.0,1.9,2.0,10.0
508,Lamar Stevens\stevela01,PF,24,CLE,41,8,14.3,2.0,4.3,.475,0.3,1.1,.295,1.7,3.2,.534,.511,0.6,1.0,.625,0.7,1.5,2.2,0.6,0.5,0.2,0.5,1.4,5.0
509,Isaiah Stewart\stewais01,C,20,DET,48,48,25.9,3.6,6.9,.521,0.1,0.5,.125,3.5,6.4,.552,.526,0.9,1.4,.652,3.0,5.4,8.5,1.1,0.3,1.2,1.3,2.9,8.2
510,Max Strus\strusma01,SF,25,MIA,45,9,24.1,3.8,8.6,.442,2.7,6.6,.409,1.1,2.1,.548,.598,0.7,0.9,.762,0.4,2.9,3.3,1.3,0.3,0.2,0.8,1.7,11.0
511,Jalen Suggs\suggsja01,PG,20,ORL,37,34,27.8,4.4,11.8,.370,1.0,4.2,.240,3.4,7.6,.441,.413,2.6,3.5,.760,0.6,3.1,3.7,4.4,1.2,0.4,3.1,3.0,12.4
512,Craig Sword\swordcr01,SG,28,WAS,3,0,6.3,1.0,1.3,.750,0.0,0.3,.000,1.0,1.0,1.000,.750,0.0,0.0,,0.0,0.0,0.0,0.3,1.3,0.0,0.3,2.3,2.0
513,Keifer Sykes\sykeske01,PG,28,IND,19,10,18.8,2.4,6.5,.363,0.9,3.1,.305,1.4,3.4,.415,.435,0.6,0.7,.857,0.3,1.5,1.8,2.0,0.4,0.2,1.3,1.9,6.3
514,Jae'Sean Tate\tateja01,SF,26,HOU,53,52,27.5,4.8,9.7,.500,0.8,2.6,.297,4.1,7.1,.575,.540,1.9,2.7,.699,1.7,3.8,5.6,3.1,1.0,0.6,1.9,3.7,12.3
515,Jayson Tatum\tatumja01,SF,23,BOS,54,54,36.1,9.0,20.8,.432,2.7,8.4,.326,6.2,12.4,.504,.498,5.1,6.0,.843,1.2,7.2,8.4,4.1,1.0,0.7,2.9,2.4,25.7
516,Terry Taylor\taylote01,SG,22,IND,11,1,16.3,3.7,6.7,.554,0.4,0.7,.500,3.4,6.0,.561,.581,0.9,1.1,.833,3.5,2.9,6.5,1.5,0.1,0.2,0.4,1.8,8.7
517,Garrett Temple\templga01,SG,35,NOP,52,16,19.4,1.9,5.2,.375,1.0,3.2,.313,0.9,2.0,.476,.472,0.5,0.8,.718,0.5,2.0,2.6,1.3,0.8,0.4,0.7,1.5,5.4
518,Emanuel Terry\terryem01,PF,25,PHO,3,0,6.0,0.0,1.7,.000,0.0,0.0,,0.0,1.7,.000,.000,0.0,0.0,,2.7,2.3,5.0,0.7,0.3,0.0,1.7,1.3,0.0
519,Tyrell Terry\terryty01,PG,21,MEM,2,0,1.5,0.5,0.5,1.000,0.0,0.0,,0.5,0.5,1.000,1.000,0.0,0.0,,0.0,0.0,0.0,0.0,0.0,0.0,0.0,0.5,1.0
520,Jon Teske\teskejo01,C,24,MEM,3,0,2.7,0.0,0.3,.000,0.0,0.0,,0.0,0.3,.000,.000,0.0,0.7,.000,0.0,0.7,0.7,0.3,0.3,0.0,0.0,0.3,0.0
521,Daniel Theis\theisda01,C,29,HOU,26,21,22.5,3.2,6.9,.469,0.9,3.0,.291,2.3,3.8,.610,.534,1.0,1.5,.675,1.2,3.8,5.0,0.8,0.4,0.7,1.2,2.4,8.4
522,Brodric Thomas\thomabr01,SG,25,BOS,7,0,4.0,0.1,1.3,.111,0.0,0.9,.000,0.1,0.4,.333,.111,0.3,0.3,1.000,0.3,0.4,0.7,0.7,0.0,0.0,0.4,0.1,0.6
523,Cam Thomas\thomaca02,SG,20,BRK,45,2,19.0,3.6,8.1,.447,0.8,3.0,.274,2.8,5.1,.548,.497,1.2,1.4,.800,0.2,2.3,2.5,1.2,0.6,0.2,0.8,1.0,9.2
524,Isaiah Thomas\thomais02,PG,32,TOT,5,1,22.8,3.0,9.4,.319,1.0,5.0,.200,2.0,4.4,.455,.372,1.6,2.2,.727,0.2,1.4,1.6,2.0,0.0,0.4,1.0,2.4,8.6
524,Isaiah Thomas\thomais02,PG,32,LAL,4,1,25.3,3.0,9.8,.308,1.3,5.5,.227,1.8,4.3,.412,.372,2.0,2.8,.727,0.3,1.8,2.0,1.5,0.0,0.5,1.3,3.0,9.3
524,Isaiah Thomas\thomais02,PG,32,DAL,1,0,13.0,3.0,8.0,.375,0.0,3.0,.000,3.0,5.0,.600,.375,0.0,0.0,,0.0,0.0,0.0,4.0,0.0,0.0,0.0,0.0,6.0
525,Matt Thomas\thomama02,SG,27,CHI,33,0,13.1,1.5,3.7,.410,1.0,2.5,.398,0.5,1.2,.436,.545,0.4,0.5,.765,0.1,1.3,1.4,0.6,0.2,0.1,0.2,0.5,4.4
526,Klay Thompson\thompkl01,SG,31,GSW,14,14,24.7,6.5,14.9,.438,3.0,7.7,.389,3.5,7.1,.490,.538,1.9,1.9,.963,0.4,3.3,3.7,2.9,0.6,0.5,1.5,1.5,17.9
527,Tristan Thompson\thomptr01,PF,30,TOT,32,3,15.2,2.4,5.0,.484,0.0,0.0,1.000,2.4,4.9,.481,.487,1.0,1.9,.532,2.3,2.9,5.3,0.6,0.3,0.4,0.9,1.7,5.9
527,Tristan Thompson\thomptr01,PF,30,SAC,30,3,15.2,2.5,5.0,.503,0.0,0.0,1.000,2.5,5.0,.500,.507,1.1,2.0,.533,2.4,3.0,5.4,0.6,0.4,0.4,1.0,1.7,6.2
527,Tristan Thompson\thomptr01,PF,30,IND,2,0,15.0,0.5,4.0,.125,0.0,0.0,,0.5,4.0,.125,.125,0.5,1.0,.500,1.5,2.0,3.5,0.5,0.0,0.0,0.5,1.0,1.5
528,JT Thor\thorjt01,PF,19,CHO,17,0,8.5,0.8,2.1,.389,0.4,1.2,.286,0.5,0.9,.533,.472,0.4,0.6,.700,0.4,0.9,1.3,0.6,0.4,0.4,0.3,0.9,2.4
529,Matisse Thybulle\thybuma01,SG,24,PHI,41,26,26.7,2.4,4.7,.508,0.7,2.4,.306,1.7,2.3,.716,.585,0.4,0.5,.714,0.5,1.8,2.3,1.1,1.9,1.1,0.6,2.3,5.9
530,Killian Tillie\tilliki02,C,23,MEM,32,3,13.3,1.3,3.6,.362,0.8,2.4,.338,0.5,1.2,.410,.474,0.2,0.3,.625,0.6,1.1,1.7,0.6,0.7,0.4,0.3,1.7,3.6
531,Xavier Tillman Sr.\tillmxa01,PF,23,MEM,39,0,13.1,1.8,3.9,.451,0.2,0.9,.200,1.6,3.0,.525,.474,0.8,1.2,.646,1.2,1.8,3.0,1.0,1.1,0.4,0.7,1.3,4.5
532,Isaiah Todd\toddis01,PF,20,WAS,9,0,3.9,0.6,1.7,.333,0.4,1.1,.400,0.1,0.6,.200,.467,0.2,0.4,.500,0.2,0.8,1.0,0.1,0.2,0.2,0.1,0.1,1.8
533,Obi Toppin\toppiob01,PF,23,NYK,52,2,15.3,2.8,5.5,.512,0.4,1.7,.241,2.4,3.8,.630,.549,1.2,1.6,.750,0.9,2.7,3.6,0.9,0.3,0.4,0.8,1.3,7.3
534,Juan Toscano-Anderson\toscaju01,SF,28,GSW,55,5,14.6,1.8,3.7,.490,0.4,1.3,.301,1.4,2.3,.597,.545,0.6,1.0,.596,0.5,2.2,2.6,1.9,0.7,0.3,1.1,1.6,4.6
535,Karl-Anthony Towns\townska01,C,26,MIN,50,50,34.1,8.6,16.5,.522,2.1,5.1,.408,6.6,11.4,.573,.585,4.8,5.8,.818,2.9,6.7,9.6,4.0,1.0,1.1,3.3,3.6,24.1
536,Gary Trent Jr.\trentga02,SG,23,TOR,46,45,34.9,6.8,15.5,.436,3.2,7.9,.400,3.6,7.6,.474,.539,1.9,2.3,.821,0.3,2.3,2.7,2.0,1.9,0.3,1.0,2.1,18.6
537,P.J. Tucker\tuckepj01,PF,36,MIA,50,49,28.3,3.1,6.3,.498,1.4,3.1,.458,1.7,3.2,.537,.610,0.7,1.0,.720,1.4,4.0,5.4,2.1,0.8,0.2,1.0,2.4,8.4
538,Rayjon Tucker\tuckera01,SG,24,DEN,3,0,9.7,0.3,0.7,.500,0.3,0.7,.500,0.0,0.0,,.750,1.0,1.3,.750,0.3,1.0,1.3,1.3,0.3,0.0,0.0,1.0,2.0
539,Myles Turner\turnemy01,C,25,IND,42,42,29.4,4.8,9.4,.509,1.5,4.4,.333,3.3,5.0,.662,.587,1.9,2.5,.752,1.5,5.5,7.1,1.0,0.7,2.8,1.3,2.8,12.9
540,Jonas Valančiūnas\valanjo01,C,29,NOP,50,50,31.4,6.9,12.9,.533,0.9,2.3,.400,6.0,10.6,.562,.569,3.3,4.0,.816,3.3,8.3,11.6,2.6,0.5,0.9,2.5,3.3,18.0
541,Denzel Valentine\valende01,SG,28,TOT,24,0,9.3,1.0,2.8,.379,0.8,2.0,.404,0.3,0.8,.316,.523,0.0,0.0,,0.4,1.4,1.8,0.5,0.3,0.0,0.5,0.8,2.9
541,Denzel Valentine\valende01,SG,28,CLE,22,0,9.3,1.0,2.8,.371,0.8,2.0,.409,0.2,0.8,.278,.516,0.0,0.0,,0.4,1.3,1.7,0.5,0.3,0.0,0.5,0.8,2.9
541,Denzel Valentine\valende01,SG,28,UTA,2,0,9.0,1.0,2.0,.500,0.5,1.5,.333,0.5,0.5,1.000,.625,0.0,0.0,,0.0,2.0,2.0,0.0,0.5,0.0,1.0,1.5,2.5
542,Jarred Vanderbilt\vandeja01,PF,22,MIN,52,45,25.9,3.0,5.0,.598,0.0,0.2,.182,3.0,4.8,.616,.602,1.1,1.7,.663,3.1,5.8,8.8,1.3,1.5,0.7,1.0,2.5,7.2
543,Fred VanVleet\vanvlfr01,PG,27,TOR,49,49,38.6,7.3,17.4,.419,4.0,10.0,.400,3.3,7.3,.444,.535,3.0,3.5,.871,0.8,3.8,4.6,7.1,1.7,0.5,2.7,2.4,21.6
544,Devin Vassell\vassede01,SF,21,SAS,49,10,25.6,4.5,10.2,.439,1.8,5.0,.354,2.7,5.2,.522,.526,0.9,1.1,.796,0.6,3.7,4.3,1.6,1.0,0.6,0.7,2.0,11.6
545,Gabe Vincent\vincega01,PG,25,MIA,48,19,24.0,3.4,7.8,.432,1.9,4.9,.391,1.5,3.0,.500,.553,0.7,0.9,.814,0.4,1.6,2.0,3.3,1.0,0.3,1.5,2.4,9.4
546,Nikola Vučević\vucevni01,C,31,CHI,50,50,33.8,7.6,16.0,.474,1.6,4.8,.326,6.0,11.2,.537,.523,1.2,1.6,.744,2.1,9.6,11.7,3.6,1.0,1.2,1.9,2.5,18.0
547,Dean Wade\wadede01,PF,25,CLE,42,24,19.3,2.0,4.3,.456,1.1,2.9,.366,0.9,1.4,.644,.580,0.4,0.6,.630,0.6,2.4,3.0,1.1,0.6,0.1,0.4,1.7,5.4
548,Franz Wagner\wagnefr01,SF,20,ORL,58,58,32.0,5.9,12.7,.464,1.3,3.5,.360,4.7,9.2,.504,.514,2.4,2.8,.852,1.1,3.5,4.6,3.0,0.9,0.5,1.6,2.1,15.5
549,Moritz Wagner\wagnemo01,C,24,ORL,45,0,12.5,2.6,5.3,.500,0.9,2.8,.331,1.7,2.5,.684,.586,1.4,1.8,.797,0.5,2.0,2.4,1.1,0.3,0.2,0.7,1.8,7.6
550,Ish Wainright\wainris01,PF,27,PHO,29,0,7.4,0.7,2.0,.362,0.3,1.1,.290,0.4,0.9,.444,.440,0.1,0.2,.429,0.7,0.6,1.3,0.3,0.3,0.2,0.3,1.1,1.9
551,Kemba Walker\walkeke02,PG,31,NYK,35,35,25.7,4.1,10.2,.404,2.0,5.5,.366,2.1,4.7,.448,.503,1.6,1.9,.833,0.4,2.7,3.1,3.5,0.7,0.1,1.3,1.1,11.8
552,Lonnie Walker IV\walkelo01,SG,23,SAS,52,6,22.6,4.0,10.3,.391,1.4,4.7,.291,2.7,5.6,.474,.457,1.5,1.8,.835,0.2,2.3,2.5,2.3,0.7,0.3,1.1,1.4,10.9
553,M.J. Walker\walkemj01,SG,23,PHO,2,0,4.0,0.0,2.0,.000,0.0,1.0,.000,0.0,1.0,.000,.000,0.0,0.0,,0.0,0.5,0.5,0.5,1.0,0.0,0.0,0.5,0.0
554,Derrick Walton\waltode01,PG,26,DET,3,3,36.0,2.0,8.7,.231,1.0,4.3,.231,1.0,4.3,.231,.288,1.3,1.3,1.000,0.7,2.7,3.3,7.0,2.3,1.3,3.7,2.7,6.3
555,Brad Wanamaker\wanambr01,PG,32,TOT,23,2,13.9,1.2,3.3,.364,0.2,0.7,.235,1.0,2.6,.400,.390,1.0,1.1,.920,0.3,1.4,1.7,2.4,0.3,0.3,1.0,2.0,3.6
555,Brad Wanamaker\wanambr01,PG,32,IND,22,1,13.3,1.2,3.3,.361,0.2,0.8,.235,1.0,2.5,.400,.389,0.9,1.0,.909,0.3,1.3,1.6,2.2,0.2,0.3,1.0,1.9,3.5
555,Brad Wanamaker\wanambr01,PG,32,WAS,1,1,27.0,2.0,5.0,.400,0.0,0.0,,2.0,5.0,.400,.400,3.0,3.0,1.000,0.0,4.0,4.0,7.0,2.0,0.0,0.0,3.0,7.0
556,Duane Washington Jr.\washidu02,PG,21,IND,26,7,20.4,3.4,9.0,.380,1.6,4.6,.345,1.8,4.4,.417,.468,0.8,1.0,.808,0.1,1.8,1.9,2.0,0.5,0.0,1.0,1.4,9.2
557,P.J. Washington\washipj01,PF,23,CHO,41,4,24.7,3.5,7.7,.449,1.8,4.7,.389,1.6,3.0,.545,.568,1.1,1.5,.721,1.3,4.1,5.4,2.0,0.7,0.9,1.3,2.4,9.8
558,Yuta Watanabe\watanyu01,SF,27,TOR,24,4,15.0,1.8,4.4,.400,0.9,2.5,.356,0.9,1.9,.457,.500,0.6,1.1,.538,0.6,2.3,2.9,0.6,0.3,0.5,0.7,1.3,5.0
559,Lindy Waters III\waterli01,SG,24,OKC,2,0,2.5,0.0,0.0,,0.0,0.0,,0.0,0.0,,,0.0,0.0,,0.0,0.5,0.5,0.0,0.0,0.0,0.0,0.0,0.0
560,Tremont Waters\watertr01,PG,24,TOT,3,0,16.7,1.3,4.7,.286,0.7,3.0,.222,0.7,1.7,.400,.357,0.0,0.0,,0.0,1.3,1.3,2.3,1.7,0.0,1.3,1.3,3.3
560,Tremont Waters\watertr01,PG,24,TOR,2,0,21.0,1.5,6.0,.250,1.0,4.5,.222,0.5,1.5,.333,.333,0.0,0.0,,0.0,2.0,2.0,3.5,2.0,0.0,2.0,1.0,4.0
560,Tremont Waters\watertr01,PG,24,WAS,1,0,8.0,1.0,2.0,.500,0.0,0.0,,1.0,2.0,.500,.500,0.0,0.0,,0.0,0.0,0.0,0.0,1.0,0.0,0.0,2.0,2.0
561,Trendon Watford\watfotr01,SF,21,POR,31,0,12.2,1.8,3.1,.588,0.0,0.3,.000,1.8,2.8,.655,.588,0.7,1.1,.697,0.8,2.2,3.0,1.0,0.3,0.5,0.7,1.7,4.4
562,Paul Watson\watsopa01,SF,27,OKC,9,3,17.3,1.3,3.9,.343,0.7,2.9,.231,0.7,1.0,.667,.429,0.1,0.2,.500,0.3,2.7,3.0,0.9,0.3,0.3,0.4,1.1,3.4
563,Quinndary Weatherspoon\weathqu01,SG,25,GSW,5,0,6.6,1.2,2.0,.600,0.0,0.2,.000,1.2,1.8,.667,.600,0.4,0.4,1.000,0.2,1.0,1.2,0.4,0.2,0.2,0.6,1.4,2.8
564,Russell Westbrook\westbru01,PG,33,LAL,56,56,34.6,6.9,15.9,.436,1.0,3.4,.301,5.9,12.4,.474,.469,3.4,5.1,.670,1.4,6.4,7.8,7.6,1.1,0.3,4.0,3.0,18.3
565,Coby White\whiteco01,PG,21,CHI,37,13,27.8,4.8,10.8,.445,2.2,5.8,.381,2.6,5.0,.519,.548,1.4,1.7,.841,0.3,2.7,3.0,2.6,0.5,0.3,1.3,2.3,13.3
566,Derrick White\whitede01,SG,27,TOT,51,48,30.3,5.0,11.7,.424,1.7,5.4,.313,3.3,6.3,.520,.497,2.8,3.2,.867,0.5,3.0,3.6,5.5,1.0,0.8,1.8,2.4,14.4
566,Derrick White\whitede01,SG,27,SAS,49,48,30.3,5.0,11.6,.426,1.7,5.3,.314,3.3,6.4,.519,.497,2.8,3.3,.869,0.5,3.0,3.5,5.6,1.0,0.9,1.8,2.4,14.4
566,Derrick White\whitede01,SG,27,BOS,2,0,28.5,5.0,13.0,.385,2.5,8.5,.294,2.5,4.5,.556,.481,2.0,2.5,.800,1.5,3.5,5.0,3.5,1.0,0.5,1.5,3.0,14.5
567,Hassan Whiteside\whiteha01,C,32,UTA,44,7,18.5,3.5,5.5,.632,0.0,0.0,,3.5,5.5,.632,.632,1.7,2.6,.652,2.4,5.3,7.7,0.4,0.3,1.5,0.9,3.0,8.7
568,Joe Wieskamp\wieskjo01,SG,22,SAS,15,0,6.1,0.9,1.9,.464,0.5,1.3,.421,0.3,0.6,.556,.607,0.2,0.5,.429,0.2,0.3,0.5,0.3,0.1,0.1,0.1,0.4,2.5
569,Aaron Wiggins\wiggiaa01,SG,23,OKC,32,18,21.8,2.7,5.6,.483,0.8,2.5,.321,1.9,3.1,.616,.556,1.1,1.5,.694,0.9,2.6,3.5,1.1,0.7,0.2,0.8,1.9,7.3
570,Andrew Wiggins\wiggian01,SF,26,GSW,52,52,31.7,6.8,14.0,.483,2.3,5.5,.416,4.5,8.5,.526,.564,2.2,3.3,.663,1.0,3.3,4.3,2.1,1.0,0.7,1.5,1.9,18.0
571,Lindell Wigginton\wiggili01,PG,23,MIL,7,0,6.1,1.1,1.6,.727,0.4,0.6,.750,0.7,1.0,.714,.864,0.0,0.0,,0.1,0.4,0.6,0.7,0.3,0.1,0.6,0.9,2.7
572,Brandon Williams\willibr03,PG,22,POR,2,0,6.0,1.0,1.5,.667,0.0,0.0,,1.0,1.5,.667,.667,2.0,3.5,.571,0.0,1.0,1.0,1.0,0.0,0.0,0.0,0.0,4.0
573,Grant Williams\willigr01,PF,23,BOS,53,13,22.8,2.5,5.1,.481,1.5,3.4,.431,1.0,1.7,.584,.626,0.8,0.9,.896,0.8,2.5,3.2,1.1,0.5,0.7,0.8,2.2,7.2
574,Kenrich Williams\willike04,SF,27,OKC,48,0,21.8,2.9,6.4,.455,0.8,2.4,.342,2.1,4.0,.524,.519,0.6,1.1,.545,1.6,2.9,4.5,2.2,0.9,0.2,1.0,1.6,7.3
575,Lou Williams\willilo02,PG,35,ATL,38,0,14.6,2.4,6.1,.394,0.8,2.1,.358,1.6,3.9,.413,.457,1.3,1.4,.889,0.3,1.3,1.6,2.0,0.5,0.1,0.8,0.9,6.8
576,Patrick Williams\willipa01,PF,20,CHI,5,5,25.0,2.6,4.6,.565,0.6,1.2,.500,2.0,3.4,.588,.630,0.8,0.8,1.000,0.2,2.0,2.2,0.6,0.6,0.4,0.4,1.8,6.6
577,Robert Williams\williro04,C,24,BOS,47,47,30.0,4.4,6.0,.732,0.0,0.0,.000,4.4,6.0,.735,.732,1.1,1.6,.693,3.9,5.8,9.7,2.0,0.9,2.2,1.2,2.1,10.0
578,Ziaire Williams\willizi02,SF,20,MEM,38,17,21.6,2.9,6.5,.440,1.1,3.7,.289,1.8,2.8,.642,.522,0.5,0.7,.760,0.3,1.5,1.8,0.9,0.5,0.2,0.6,1.9,7.3
579,D.J. Wilson\wilsodj01,PF,25,TOR,3,1,16.0,2.7,3.7,.727,0.0,0.7,.000,2.7,3.0,.889,.727,2.7,3.3,.800,0.3,4.3,4.7,1.3,1.7,0.3,0.7,1.7,8.0
580,Dylan Windler\windldy01,SF,25,CLE,37,0,9.3,0.9,2.1,.429,0.6,1.5,.389,0.3,0.6,.522,.565,0.2,0.2,.778,0.4,1.3,1.7,0.7,0.2,0.1,0.4,1.0,2.5
581,Justise Winslow\winslju01,SF,25,TOT,41,4,14.7,2.0,4.4,.453,0.2,1.0,.186,1.8,3.3,.537,.475,0.7,1.1,.630,0.9,3.0,3.9,1.6,0.7,0.5,1.0,1.3,4.9
581,Justise Winslow\winslju01,SF,25,LAC,37,1,12.9,1.7,3.8,.447,0.1,0.8,.172,1.6,3.0,.518,.465,0.7,1.1,.610,0.8,2.8,3.6,1.4,0.6,0.5,1.0,1.2,4.2
581,Justise Winslow\winslju01,SF,25,POR,4,3,30.8,4.5,9.5,.474,0.8,3.5,.214,3.8,6.0,.625,.513,1.0,1.3,.800,1.3,5.5,6.8,3.3,1.8,1.0,1.5,1.8,10.8
582,Cassius Winston\winstca01,PG,23,WAS,3,0,5.7,0.7,1.7,.400,0.3,1.3,.250,0.3,0.3,1.000,.500,0.7,0.7,1.000,0.0,0.0,0.0,1.3,0.0,0.0,0.3,1.3,2.3
583,Christian Wood\woodch01,C,26,HOU,52,51,31.1,6.5,13.4,.483,1.8,5.0,.369,4.6,8.4,.550,.552,2.9,4.7,.618,1.8,8.5,10.3,2.2,0.8,1.0,1.9,2.5,17.7
584,Robert Woodard II\woodaro01,SF,22,SAC,12,0,3.5,0.2,1.3,.125,0.1,0.3,.250,0.1,1.0,.083,.156,0.2,0.2,1.000,0.4,0.5,0.9,0.3,0.1,0.1,0.1,0.3,0.6
585,Delon Wright\wrighde01,SG,29,ATL,51,5,18.2,1.6,3.6,.437,0.5,1.4,.375,1.0,2.2,.477,.511,0.6,0.8,.825,0.6,2.1,2.7,2.5,1.0,0.2,0.6,0.7,4.3
586,McKinley Wright IV\wrighmc01,PG,23,MIN,3,0,3.0,0.7,1.0,.667,0.3,0.7,.500,0.3,0.3,1.000,.833,0.0,0.0,,0.0,0.0,0.0,0.3,0.0,0.0,0.3,0.3,1.7
587,Moses Wright\wrighmo01,PF,23,LAC,1,0,1.0,0.0,0.0,,0.0,0.0,,0.0,0.0,,,0.0,0.0,,0.0,0.0,0.0,1.0,0.0,0.0,0.0,0.0,0.0
588,Thaddeus Young\youngth01,PF,33,SAS,26,1,14.2,2.8,4.9,.578,0.0,0.2,.000,2.8,4.7,.602,.578,0.4,0.8,.455,1.5,2.0,3.6,2.3,0.9,0.3,1.2,1.5,6.1
589,Trae Young\youngtr01,PG,23,ATL,51,51,34.6,9.4,20.6,.454,2.9,7.8,.375,6.4,12.7,.503,.526,6.0,6.7,.898,0.7,3.3,3.9,9.4,1.0,0.1,4.2,1.6,27.7
590,Omer Yurtseven\yurtsom01,C,23,MIA,40,10,14.1,2.6,4.9,.526,0.0,0.2,.143,2.5,4.7,.540,.528,0.8,1.3,.635,1.7,4.2,5.9,1.1,0.4,0.5,0.9,1.7,6.0
591,Cody Zeller\zelleco01,C,29,POR,27,0,13.1,1.9,3.3,.567,0.0,0.1,.000,1.9,3.2,.593,.567,1.4,1.8,.776,1.9,2.8,4.6,0.8,0.3,0.2,0.7,2.1,5.2
592,Ivica Zubac\zubaciv01,C,24,LAC,52,52,24.2,3.6,5.5,.649,0.0,0.0,,3.6,5.5,.649,.649,2.3,3.1,.722,2.5,5.4,7.9,1.3,0.5,1.0,1.5,2.5,9.4