Rk,Player,Pos,Age,Tm,G,MP,PER,TS%,3PAr,FTr,ORB%,DRB%,TRB%,AST%,STL%,BLK%,TOV%,USG%,,OWS,DWS,WS,WS/48,,OBPM,DBPM,BPM,VORP
1,Precious Achiuwa\achiupr01,C,22,TOR,46,1071,11.8,.462,.163,.214,10.0,23.2,16.3,7.0,1.1,2.6,11.1,16.6,,0.1,1.2,1.3,.058,,-2.6,-0.7,-3.3,-0.4
2,Steven Adams\adamsst01,C,28,MEM,54,1397,17.7,.561,.000,.556,17.9,21.1,19.4,15.6,1.7,2.4,20.2,12.4,,2.7,1.9,4.6,.158,,1.1,0.6,1.6,1.3
3,Bam Adebayo\adebaba01,C,24,MIA,32,1057,20.6,.583,.007,.441,9.5,24.8,17.2,17.5,2.4,1.9,15.6,25.5,,1.7,2.0,3.6,.165,,1.1,1.9,3.0,1.3
4,Santi Aldama\aldamsa01,PF,21,MEM,27,277,8.5,.425,.402,.206,8.6,15.8,12.1,6.7,0.3,2.3,7.8,17.1,,-0.1,0.2,0.2,.026,,-4.6,-2.0,-6.6,-0.3
5,LaMarcus Aldridge\aldrila01,C,36,BRK,36,825,20.3,.601,.102,.182,7.2,18.9,13.2,6.2,0.8,4.2,7.4,22.8,,1.6,0.8,2.4,.141,,1.5,-0.7,0.8,0.6
6,Nickeil Alexander-Walker\alexani01,SG,23,TOT,51,1318,10.8,.474,.483,.153,2.9,11.0,6.9,17.0,1.5,1.4,11.2,24.9,,-1.0,0.8,-0.2,-0.008,,-1.5,-1.6,-3.1,-0.4
6,Nickeil Alexander-Walker\alexani01,SG,23,NOP,50,1317,10.8,.474,.483,.153,2.9,11.0,6.9,17.0,1.5,1.4,11.2,24.9,,-1.0,0.8,-0.2,-0.008,,-1.5,-1.6,-3.1,-0.4
6,Nickeil Alexander-Walker\alexani01,SG,23,UTA,1,1,0.0,,,,0.0,0.0,0.0,0.0,0.0,0.0,,0.0,,0.0,0.0,0.0,.006,,-5.9,-2.4,-8.3,0.0
7,Grayson Allen\allengr01,SG,26,MIL,47,1323,13.1,.582,.681,.126,2.1,10.6,6.5,7.6,1.4,1.1,5.6,16.1,,2.0,1.1,3.1,.113,,0.6,-0.2,0.4,0.8
8,Jarrett Allen\allenja01,C,23,CLE,49,1597,23.2,.687,.021,.438,12.5,24.1,18.5,8.8,1.2,3.7,12.8,18.3,,5.0,3.1,8.0,.242,,2.7,1.3,4.0,2.4
9,Jose Alvarado\alvarjo01,PG,23,NOP,29,373,16.1,.520,.412,.169,2.6,10.0,6.2,24.1,4.0,0.8,7.6,18.3,,0.5,0.4,1.0,.125,,-0.6,2.4,1.8,0.4
10,Justin Anderson\anderju01,SF,28,TOT,6,77,8.4,.476,.789,.368,2.8,11.1,7.1,15.6,1.3,1.1,12.0,14.2,,0.0,0.1,0.1,.065,,-3.9,-0.4,-4.3,0.0
10,Justin Anderson\anderju01,SF,28,CLE,3,47,10.9,.666,.750,.500,0.0,13.4,6.9,17.3,1.1,0.0,17.0,11.0,,0.1,0.1,0.1,.140,,-2.9,0.4,-2.6,0.0
10,Justin Anderson\anderju01,SF,28,IND,3,30,4.6,.325,.818,.273,7.3,7.5,7.4,13.0,1.6,2.9,7.5,19.1,,-0.1,0.0,0.0,-0.053,,-5.5,-1.6,-7.0,0.0
11,Kyle Anderson\anderky01,PF,28,MEM,45,998,14.3,.499,.241,.222,4.5,21.4,12.8,16.1,2.4,2.5,11.7,16.7,,0.7,1.6,2.2,.107,,-0.9,1.6,0.7,0.7
12,Giannis Antetokounmpo\antetgi01,PF,27,MIL,47,1528,31.8,.623,.210,.606,6.1,29.7,18.2,34.0,1.4,4.3,12.5,35.1,,6.4,2.7,9.1,.286,,7.5,3.5,11.0,5.1
13,Thanasis Antetokounmpo\antetth01,SF,29,MIL,34,355,9.7,.507,.128,.279,9.4,13.7,11.6,7.3,1.8,2.5,17.2,14.1,,0.1,0.4,0.5,.066,,-5.0,0.6,-4.4,-0.2
14,Carmelo Anthony\anthoca01,PF,37,LAL,50,1327,15.0,.583,.565,.227,3.3,13.2,8.3,5.8,1.3,2.8,7.1,20.1,,1.8,1.2,3.0,.109,,0.7,-0.6,0.1,0.7
15,Cole Anthony\anthoco01,PG,21,ORL,44,1466,14.5,.519,.426,.269,2.0,16.8,9.3,29.9,1.3,0.7,14.4,26.1,,0.2,1.1,1.2,.040,,0.0,-0.8,-0.8,0.4
16,OG Anunoby\anunoog01,SF,24,TOR,40,1486,15.1,.542,.449,.170,4.6,12.5,8.3,11.0,2.2,1.5,9.6,21.3,,1.6,1.5,3.1,.100,,0.6,-0.1,0.5,0.9
17,Trevor Ariza\arizatr01,SF,36,LAL,19,366,7.6,.498,.817,.169,1.8,16.7,9.3,8.0,1.3,1.0,10.6,10.0,,0.0,0.3,0.4,.048,,-2.7,0.0,-2.7,-0.1
18,D.J. Augustin\augusdj01,PG,34,HOU,34,510,10.0,.596,.706,.279,1.5,7.4,4.4,20.9,0.9,0.0,22.8,16.4,,0.3,-0.1,0.2,.018,,-1.2,-3.2,-4.3,-0.3
19,Deni Avdija\avdijde01,SF,21,WAS,55,1266,11.7,.542,.453,.234,3.0,19.5,11.4,10.0,1.6,2.1,10.9,14.8,,0.7,1.3,1.9,.074,,-2.1,0.8,-1.2,0.2
20,Joel Ayayi\ayayijo01,SG,21,WAS,7,20,3.6,.167,.167,.000,5.5,10.7,8.2,25.9,0.0,0.0,0.0,13.3,,0.0,0.0,0.0,-0.096,,-4.1,-1.8,-5.9,0.0
21,Deandre Ayton\aytonde01,C,23,PHO,35,1018,22.6,.665,.021,.249,10.0,27.1,18.7,7.8,1.3,2.3,11.5,20.7,,2.7,1.9,4.7,.219,,2.8,1.1,3.9,1.5
22,Udoka Azubuike\azubuud01,C,22,UTA,14,170,15.1,.705,.000,.225,9.3,27.7,18.9,0.0,0.3,5.6,21.4,14.3,,0.2,0.3,0.4,.121,,-3.2,0.4,-2.7,0.0
23,Marvin Bagley III\baglema01,PF,22,SAC,30,656,14.6,.521,.252,.191,10.9,24.4,17.6,3.9,0.7,1.4,7.3,18.7,,0.6,0.4,1.0,.074,,-0.8,-2.6,-3.4,-0.3
24,LaMelo Ball\ballla01,PG,20,CHO,51,1654,20.2,.547,.431,.210,5.2,17.8,11.3,35.3,2.4,1.1,14.6,28.0,,2.6,1.6,4.2,.122,,3.4,0.2,3.6,2.3
25,Lonzo Ball\balllo01,PG,24,CHI,35,1212,14.7,.575,.679,.073,3.2,14.0,8.7,19.9,2.6,2.2,17.2,17.3,,1.0,1.4,2.4,.096,,1.2,1.4,2.7,1.4
26,Mo Bamba\bambamo01,C,23,ORL,47,1235,16.0,.565,.437,.126,8.5,23.9,16.2,8.0,1.1,6.5,12.3,16.8,,1.0,1.7,2.7,.103,,-0.6,1.0,0.4,0.7
27,Desmond Bane\banede01,SF,23,MEM,54,1624,17.1,.586,.477,.129,1.9,13.9,7.8,12.4,1.9,1.4,9.4,23.0,,2.9,1.8,4.7,.138,,2.1,-0.1,2.1,1.7
28,Dalano Banton\bantoda01,SF,22,TOR,45,535,10.1,.471,.264,.201,5.6,15.2,10.2,19.4,2.2,1.5,21.0,17.6,,-0.3,0.6,0.2,.022,,-3.5,0.2,-3.3,-0.2
29,Cat Barber\barbeca01,PG,27,ATL,3,13,-11.2,.000,.000,1.000,8.4,16.6,12.6,27.1,0.0,0.0,14.8,22.7,,-0.1,0.0,-0.1,-0.457,,-15.8,-7.7,-23.5,-0.1
30,Harrison Barnes\barneha02,PF,29,SAC,53,1788,16.9,.626,.434,.506,3.5,16.1,9.8,10.8,1.0,0.4,10.2,19.4,,4.2,0.6,4.8,.128,,2.3,-1.3,1.0,1.4
31,Scottie Barnes\barnesc01,PF,20,TOR,47,1684,15.3,.542,.219,.250,7.2,16.3,11.5,14.1,1.4,2.2,12.2,18.5,,2.2,1.6,3.8,.108,,0.0,0.0,0.0,0.8
32,RJ Barrett\barrerj01,SF,21,NYK,48,1587,13.3,.513,.365,.300,2.7,15.9,9.2,13.5,0.8,0.9,10.1,25.9,,0.2,1.3,1.5,.045,,-0.3,-1.3,-1.6,0.2
33,Will Barton\bartowi01,SG,31,DEN,49,1595,14.5,.552,.467,.128,2.3,14.4,8.5,18.8,1.3,1.4,11.9,21.5,,1.2,1.5,2.6,.079,,1.1,-0.6,0.5,1.0
34,Paris Bass\basspa01,SF,26,PHO,2,7,14.4,.436,.333,.333,31.1,29.6,30.3,0.0,6.9,0.0,22.5,54.7,,0.0,0.0,0.0,-0.153,,-11.0,-1.4,-12.4,0.0
35,Charles Bassey\bassech01,PF,21,PHI,22,161,21.4,.669,.093,.256,14.0,27.1,20.6,6.8,1.2,9.4,14.3,15.6,,0.4,0.3,0.8,.224,,-0.6,2.4,1.8,0.2
36,Keita Bates-Diop\bateske01,SF,26,SAS,43,708,11.8,.560,.226,.226,6.7,18.5,12.6,4.6,1.4,1.5,13.2,14.1,,0.4,0.7,1.1,.073,,-2.3,-0.5,-2.8,-0.1
37,Nicolas Batum\batumni01,PF,33,LAC,37,918,14.0,.637,.724,.100,2.0,16.0,9.2,8.8,1.9,2.5,10.1,13.3,,1.2,1.3,2.5,.129,,0.6,1.8,2.4,1.0
38,Kent Bazemore\bazemke01,SF,32,LAL,31,455,6.8,.451,.546,.143,2.1,10.4,6.3,8.4,2.1,1.2,7.3,12.9,,-0.1,0.4,0.3,.033,,-4.6,0.9,-3.6,-0.2
39,Darius Bazley\bazleda01,PF,21,OKC,51,1377,12.2,.491,.396,.253,4.3,20.9,12.4,7.3,1.5,4.0,11.9,18.1,,-0.7,2.0,1.3,.045,,-2.5,0.8,-1.7,0.1
40,Bradley Beal\bealbr01,SG,28,WAS,40,1439,18.1,.539,.272,.263,2.9,11.2,7.2,31.7,1.2,0.9,13.6,30.7,,1.0,0.8,1.8,.060,,2.2,-1.4,0.9,1.0
41,Malik Beasley\beaslma01,SG,25,MIN,57,1463,11.2,.519,.716,.064,1.5,11.4,6.3,8.5,1.0,0.6,5.2,20.3,,0.8,0.7,1.6,.052,,0.1,-1.8,-1.6,0.1
42,Jordan Bell\belljo01,C,27,CHI,1,2,30.0,,,,56.1,0.0,27.8,0.0,24.4,0.0,,0.0,,0.0,0.0,0.0,.613,,-7.7,10.7,3.0,0.0
43,DeAndre' Bembry\bembrde01,SF,27,BRK,48,949,12.7,.609,.169,.164,4.4,12.7,8.6,8.6,2.4,2.3,11.6,11.8,,1.1,1.0,2.1,.108,,-1.9,1.3,-0.6,0.3
44,Dāvis Bertāns\bertada01,PF,29,WAS,34,501,8.6,.527,.842,.175,1.3,11.8,6.6,4.5,1.1,1.0,7.1,17.6,,0.1,0.3,0.3,.033,,-2.4,-1.4,-3.7,-0.2
45,Patrick Beverley\beverpa01,PG,33,MIN,38,990,15.2,.528,.532,.246,4.3,13.9,8.9,25.9,2.0,3.5,11.9,15.6,,1.7,1.1,2.8,.137,,0.8,2.0,2.8,1.2
46,Saddiq Bey\beysa01,SF,22,DET,56,1878,13.2,.513,.525,.206,4.1,14.9,9.2,13.2,1.3,0.6,7.8,21.2,,1.0,0.9,1.9,.049,,0.3,-1.5,-1.1,0.4
47,Khem Birch\birchkh01,C,29,TOR,29,542,14.7,.541,.072,.396,12.8,13.3,13.0,8.8,2.0,2.3,11.5,11.7,,1.0,0.6,1.5,.135,,-0.6,0.5,-0.1,0.3
48,Goga Bitadze\bitadgo01,C,22,IND,34,387,14.0,.503,.333,.348,13.0,14.2,13.6,8.8,1.7,5.4,15.0,20.8,,0.0,0.4,0.4,.054,,-3.4,-0.7,-4.1,-0.2
49,Bismack Biyombo\biyombi01,C,29,PHO,17,308,20.9,.612,.000,.531,16.3,20.8,18.6,6.4,1.4,4.0,9.9,18.4,,0.8,0.6,1.4,.220,,0.4,0.1,0.6,0.2
50,Nemanja Bjelica\bjeline01,C,33,GSW,51,786,14.2,.550,.459,.255,6.3,21.4,14.1,17.8,1.9,2.1,16.8,19.2,,0.5,1.6,2.1,.126,,-1.1,2.1,1.0,0.6
51,Eric Bledsoe\bledser01,PG,32,LAC,54,1361,12.8,.514,.348,.250,2.2,11.6,7.0,24.6,2.5,1.2,18.3,20.5,,-0.3,1.7,1.4,.049,,-2.0,1.1,-0.9,0.4
52,Keljin Blevins\blevike01,SF,26,POR,12,73,4.0,.503,.609,.087,2.9,9.2,6.0,8.0,0.0,0.0,20.1,17.9,,-0.1,0.0,-0.1,-0.082,,-4.8,-5.1,-9.9,-0.1
53,Bogdan Bogdanović\bogdabo01,SG,29,ATL,38,1094,13.6,.553,.590,.122,1.3,13.1,7.3,14.8,1.5,0.6,8.2,19.6,,1.2,0.5,1.7,.075,,0.6,-0.5,0.1,0.6
54,Bojan Bogdanović\bogdabo02,PF,32,UTA,54,1673,15.6,.593,.481,.283,3.0,12.1,7.7,8.6,0.8,0.1,10.1,23.4,,2.9,1.2,4.2,.119,,1.5,-1.6,-0.1,0.8
55,Bol Bol\bolbo01,PF,22,DEN,14,81,13.9,.565,.148,.185,5.6,21.5,13.7,9.3,0.6,2.3,12.0,18.1,,0.0,0.1,0.1,.072,,-0.4,-0.5,-0.9,0.0
56,Leandro Bolmaro\bolmale01,SF,21,MIN,25,188,3.7,.389,.375,.281,8.2,11.7,9.9,7.3,1.3,0.0,25.0,10.7,,-0.2,0.1,-0.1,-0.021,,-6.0,-0.8,-6.7,-0.2
57,Isaac Bonga\bongais01,SF,22,TOR,13,66,7.6,.352,.308,.462,6.3,5.2,5.8,5.8,5.3,3.0,11.3,11.5,,-0.1,0.1,0.1,.038,,-5.7,3.8,-1.9,0.0
58,Devin Booker\bookede01,SG,25,PHO,49,1661,20.0,.555,.345,.239,2.6,13.7,8.3,20.7,1.4,0.9,9.2,32.2,,2.5,2.3,4.8,.139,,3.1,-0.3,2.8,2.0
59,Brandon Boston Jr.\bostobr01,SG,20,LAC,39,605,9.9,.462,.352,.215,2.3,13.4,8.0,8.5,1.6,1.4,8.5,22.2,,-0.6,0.7,0.0,.003,,-3.6,-0.7,-4.2,-0.3
60,Chris Boucher\bouchch01,PF,29,TOR,53,1067,18.3,.564,.393,.352,10.8,21.2,15.8,2.5,1.7,5.0,7.0,18.4,,2.2,1.5,3.7,.165,,0.4,-0.4,0.0,0.5
61,James Bouknight\bouknja01,SG,21,CHO,27,288,10.9,.468,.360,.228,7.4,9.7,8.6,10.3,1.0,0.3,7.4,23.7,,0.0,0.1,0.1,.012,,-2.8,-4.2,-7.0,-0.4
62,Avery Bradley\bradlav01,SG,31,LAL,49,1165,7.8,.533,.589,.047,2.5,7.8,5.1,4.7,1.9,0.7,9.8,12.5,,0.1,0.9,1.0,.041,,-3.6,0.1,-3.6,-0.5
63,Tony Bradley\bradlto01,C,24,CHI,43,488,14.8,.599,.000,.198,12.9,23.2,18.1,6.1,1.0,5.3,18.4,12.7,,0.6,0.6,1.3,.123,,-1.7,0.3,-1.4,0.1
64,Ignas Brazdeikis\brazdig01,SF,23,ORL,27,239,8.1,.461,.466,.192,4.4,10.7,7.6,12.3,1.4,0.4,9.2,15.8,,0.0,0.1,0.1,.017,,-4.1,-0.9,-5.0,-0.2
65,Mikal Bridges\bridgmi01,SF,25,PHO,56,1945,14.1,.623,.381,.149,3.1,9.6,6.4,8.3,1.7,1.1,6.9,14.1,,3.5,2.6,6.1,.152,,0.4,1.4,1.8,1.9
66,Miles Bridges\bridgmi02,PF,23,CHO,56,2009,17.4,.579,.382,.263,3.3,17.7,10.3,14.8,1.4,2.4,10.0,22.2,,3.2,1.6,4.7,.113,,1.2,-0.3,0.9,1.5
67,Oshae Brissett\brissos01,SF,23,IND,45,897,12.1,.520,.455,.306,8.1,18.2,13.1,5.6,1.4,1.6,10.1,16.2,,0.6,0.6,1.2,.065,,-1.0,-1.3,-2.3,-0.1
68,Malcolm Brogdon\brogdma01,PG,29,IND,28,934,18.3,.558,.365,.297,2.8,14.4,8.5,27.8,1.3,1.0,11.6,24.2,,1.8,0.5,2.3,.119,,2.9,-0.2,2.6,1.1
69,Armoni Brooks\brookar01,SG,23,HOU,41,690,8.6,.490,.849,.076,1.9,11.0,6.5,10.5,1.4,1.1,8.1,17.3,,-0.1,0.1,0.1,.004,,-2.4,-2.0,-4.4,-0.4
70,Dillon Brooks\brookdi01,SF,26,MEM,21,587,15.8,.521,.297,.212,3.0,9.5,6.2,15.1,2.2,0.6,9.1,28.7,,0.5,0.6,1.1,.090,,-0.6,-0.6,-1.2,0.1
71,Bruce Brown\brownbr01,SF,25,BRK,47,964,11.8,.527,.152,.184,6.4,15.6,11.1,7.8,2.2,2.2,10.6,13.5,,0.6,1.0,1.7,.084,,-2.8,0.8,-1.9,0.0
72,Charlie Brown Jr.\brownch02,SG,24,TOT,18,166,6.0,.329,.333,.222,9.5,11.2,10.3,4.0,2.7,2.2,11.2,12.1,,-0.2,0.2,0.0,.007,,-5.5,0.1,-5.4,-0.1
72,Charlie Brown Jr.\brownch02,SG,24,DAL,3,15,5.1,.200,.600,.000,0.0,7.4,3.7,9.0,6.7,6.0,0.0,14.9,,-0.1,0.0,0.0,-0.043,,-7.5,5.2,-2.3,0.0
72,Charlie Brown Jr.\brownch02,SG,24,PHI,15,151,6.0,.348,.290,.258,10.4,11.6,11.0,3.5,2.3,1.8,12.7,11.8,,-0.2,0.2,0.0,.012,,-5.3,-0.4,-5.7,-0.1
73,Chaundee Brown Jr.\brownch05,SG-SF,23,TOT,5,104,6.6,.447,.563,.188,1.1,15.5,8.3,5.2,0.9,0.0,2.8,14.9,,0.0,0.0,0.0,.003,,-4.2,-2.4,-6.6,-0.1
73,Chaundee Brown Jr.\brownch05,SF,23,LAL,2,21,-8.7,.143,.429,.000,0.0,10.0,5.1,0.0,0.0,0.0,12.5,16.4,,-0.1,0.0,-0.1,-0.300,,-11.4,-5.0,-16.4,-0.1
73,Chaundee Brown Jr.\brownch05,SG,23,ATL,3,83,10.5,.525,.600,.240,1.3,16.9,9.2,6.5,1.2,0.0,0.0,14.6,,0.1,0.0,0.1,.079,,-2.3,-1.8,-4.1,0.0
74,Greg Brown III\browngr01,SF,20,POR,26,190,14.5,.504,.284,.378,9.6,18.3,13.9,5.8,1.8,3.6,9.4,21.9,,0.1,0.2,0.2,.056,,-2.4,-1.4,-3.8,-0.1
75,Jaylen Brown\brownja02,SF,25,BOS,44,1512,17.9,.560,.403,.259,2.6,17.7,10.2,16.6,1.5,0.9,12.3,30.5,,1.0,2.4,3.4,.107,,1.7,0.2,2.0,1.4
76,Moses Brown\brownmo01,C,22,DAL,26,169,15.7,.588,.000,.860,10.3,29.5,19.8,0.9,0.9,4.8,16.9,22.0,,0.1,0.3,0.4,.120,,-4.4,-0.2,-4.6,-0.1
77,Sterling Brown\brownst02,SG,26,DAL,36,513,9.4,.523,.617,.086,4.7,22.5,13.5,8.0,1.2,0.9,13.7,13.4,,0.1,0.8,0.8,.077,,-2.6,0.5,-2.2,0.0
78,Troy Brown Jr.\browntr01,SF,22,CHI,46,820,9.7,.505,.490,.125,4.5,16.9,10.8,8.2,1.5,0.4,9.1,12.5,,0.4,0.7,1.0,.061,,-1.9,-0.4,-2.3,-0.1
79,Jalen Brunson\brunsja01,PG,25,DAL,56,1784,17.5,.575,.238,.203,1.8,11.5,6.6,27.9,1.4,0.2,11.0,22.1,,3.4,2.0,5.5,.148,,1.2,0.1,1.3,1.5
80,Thomas Bryant\bryanth01,C,24,WAS,13,218,16.3,.576,.321,.210,8.1,15.7,12.0,7.2,1.4,2.7,9.2,19.9,,0.3,0.2,0.5,.107,,0.0,-1.0,-1.0,0.1
81,Shaq Buchanan\buchash01,PG,25,MEM,2,10,0.8,.250,.500,.000,10.3,10.7,10.5,25.3,4.8,0.0,33.3,24.8,,-0.1,0.0,0.0,-0.233,,-11.0,-0.2,-11.1,0.0
82,Reggie Bullock\bullore01,SF,30,DAL,49,1242,9.9,.572,.764,.104,1.8,13.0,7.4,5.9,1.0,0.4,6.7,13.5,,1.0,1.4,2.4,.094,,-1.1,0.0,-1.1,0.3
83,Trey Burke\burketr01,PG,29,DAL,32,346,12.3,.507,.404,.099,0.9,8.0,4.4,22.0,1.4,0.0,10.5,25.8,,0.0,0.4,0.3,.046,,-2.0,-1.1,-3.0,-0.1
84,Alec Burks\burksal01,SG,30,NYK,56,1490,14.3,.550,.518,.381,2.4,15.4,8.8,15.0,2.1,1.0,8.9,18.3,,2.2,1.7,3.9,.126,,-0.4,1.1,0.7,1.0
85,Jared Butler\butleja02,SG,21,UTA,27,210,11.1,.515,.534,.136,1.6,9.9,6.0,21.2,2.1,2.9,19.1,23.9,,-0.1,0.3,0.1,.027,,-2.6,0.3,-2.3,0.0
86,Jimmy Butler\butleji01,SF,32,MIA,38,1284,25.8,.601,.122,.536,6.4,14.3,10.4,29.7,2.7,1.4,10.5,26.5,,5.1,2.0,7.1,.264,,5.7,2.4,8.0,3.2
87,Devontae Cacok\cacokde01,PF,25,SAS,10,80,23.1,.690,.000,.304,6.5,33.0,19.6,3.6,3.0,7.3,7.1,14.9,,0.2,0.2,0.4,.229,,1.1,3.9,5.0,0.1
88,Kentavious Caldwell-Pope\caldwke01,SG,28,WAS,52,1523,10.8,.532,.514,.145,1.8,10.8,6.4,8.3,1.8,1.0,10.0,17.9,,0.1,1.0,1.2,.037,,-1.8,-0.3,-2.0,0.0
89,Facundo Campazzo\campafa01,PG,30,DEN,53,1077,12.1,.525,.643,.257,2.1,8.3,5.3,24.2,2.7,1.8,17.2,15.0,,0.9,1.2,2.1,.094,,-1.6,1.2,-0.4,0.5
90,Vlatko Čančar\cancavl01,PF,24,DEN,14,152,14.1,.678,.308,.308,4.5,12.2,8.4,12.2,0.7,1.8,15.3,15.2,,0.3,0.1,0.4,.127,,0.0,-0.6,-0.6,0.1
91,Clint Capela\capelca01,C,27,ATL,48,1348,21.0,.581,.003,.291,14.8,32.5,23.7,7.2,1.3,4.3,6.1,15.5,,3.5,1.7,5.2,.184,,1.9,-0.1,1.8,1.3
92,Vernon Carey Jr.\careyve01,C,20,TOT,5,18,16.4,.546,.000,.500,17.0,12.0,14.6,0.0,2.6,0.0,12.0,19.5,,0.0,0.0,0.0,.095,,-2.8,-5.3,-8.2,0.0
92,Vernon Carey Jr.\careyve01,C,20,CHO,4,17,17.4,.546,.000,.500,18.0,12.7,15.4,0.0,2.8,0.0,12.0,20.6,,0.0,0.0,0.0,.101,,-2.6,-5.3,-7.9,0.0
92,Vernon Carey Jr.\careyve01,C,20,WAS,1,1,0.0,,,,0.0,0.0,0.0,0.0,0.0,0.0,,0.0,,0.0,0.0,0.0,-0.012,,-6.4,-6.2,-12.6,0.0
93,Jevon Carter\carteje01,PG,26,BRK,43,505,7.0,.463,.727,.052,1.7,10.6,6.3,10.7,1.3,1.8,11.3,15.2,,-0.3,0.3,0.1,.005,,-3.3,-0.9,-4.3,-0.3
94,Wendell Carter Jr.\cartewe01,C,22,ORL,49,1436,17.8,.588,.344,.299,7.4,29.6,18.5,14.8,1.0,2.1,12.8,20.1,,2.0,1.7,3.7,.123,,0.8,0.3,1.1,1.1
95,Alex Caruso\carusal01,SG,27,CHI,28,775,13.9,.563,.478,.324,3.6,11.8,7.7,18.2,3.4,1.2,16.1,14.1,,0.9,1.0,1.9,.116,,-1.0,2.8,1.8,0.8
96,Willie Cauley-Stein\caulewi01,C,28,DAL,18,177,8.5,.474,.057,.057,8.0,15.7,11.8,7.1,1.7,1.5,16.3,10.8,,0.0,0.3,0.3,.068,,-4.0,0.9,-3.1,0.0
97,Ahmad Caver\caverah01,PG,25,IND,1,1,78.4,1.000,.000,.000,0.0,0.0,0.0,0.0,0.0,0.0,0.0,43.0,,0.0,0.0,0.0,1.251,,30.2,6.3,36.6,0.0
98,Justin Champagnie\champju01,SF,20,TOR,30,252,14.7,.594,.367,.150,15.2,12.3,13.8,5.0,1.4,1.6,9.9,12.1,,0.6,0.2,0.8,.152,,-0.7,-1.1,-1.7,0.0
99,Zylan Cheatham\cheatzy01,SF,26,UTA,1,5,-23.7,.000,.667,.000,0.0,0.0,0.0,0.0,0.0,0.0,0.0,26.1,,-0.1,0.0,-0.1,-0.618,,-18.8,-11.4,-30.2,0.0
100,Chris Chiozza\chiozch01,PG,26,GSW,26,279,5.2,.420,.662,.015,3.2,8.2,5.8,22.0,1.6,0.0,25.2,13.6,,-0.3,0.4,0.1,.018,,-5.1,-0.3,-5.4,-0.2
101,Marquese Chriss\chrisma01,PF,24,DAL,23,256,14.5,.526,.208,.188,9.3,25.1,17.2,7.5,2.2,3.5,13.5,22.1,,0.0,0.5,0.5,.095,,-4.2,0.8,-3.5,-0.1
102,Josh Christopher\chrisjo01,SG,20,HOU,47,780,13.2,.563,.390,.223,4.4,9.1,6.7,16.5,2.4,0.7,17.7,20.8,,0.2,0.3,0.4,.026,,-1.1,-1.6,-2.8,-0.2
103,Gary Clark\clarkga01,PF,27,NOP,24,269,11.3,.535,.836,.131,6.0,20.5,13.1,4.1,1.8,2.5,7.2,11.2,,0.2,0.3,0.5,.090,,-0.3,0.0,-0.3,0.1
104,Brandon Clarke\clarkbr01,PF,25,MEM,43,818,24.8,.673,.062,.295,10.7,18.8,14.7,11.7,1.2,5.1,6.5,17.8,,3.2,1.1,4.3,.255,,3.8,0.8,4.6,1.4
105,Jordan Clarkson\clarkjo01,SG,29,UTA,53,1405,14.2,.520,.571,.148,3.3,10.5,7.0,14.1,1.3,0.8,9.8,27.1,,0.7,1.3,2.0,.067,,0.4,-1.4,-1.0,0.4
106,Nic Claxton\claxtni01,C,22,BRK,25,530,18.9,.639,.000,.342,11.4,16.9,14.2,5.9,1.1,4.7,9.2,16.0,,1.3,0.5,1.8,.166,,0.4,-0.5,-0.1,0.2
107,Amir Coffey\coffeam01,SG,24,LAC,45,993,13.6,.619,.585,.265,2.4,11.9,7.3,10.2,1.1,0.9,7.0,14.6,,1.9,0.9,2.8,.134,,0.5,0.2,0.6,0.7
108,John Collins\collijo01,PF,24,ATL,50,1564,19.8,.621,.264,.264,6.3,21.2,13.8,9.3,1.0,3.1,7.7,20.4,,4.0,1.2,5.2,.160,,2.1,-0.2,1.9,1.5
109,Zach Collins\colliza01,PF,24,SAS,3,48,15.8,.482,.158,.211,15.1,24.2,19.6,22.7,3.0,0.0,19.4,22.7,,0.0,0.1,0.1,.070,,-1.9,0.2,-1.8,0.0
110,Darren Collison\collida01,PG,34,LAL,3,37,-0.2,.286,.429,.000,0.0,11.4,5.7,6.8,1.3,0.0,12.5,9.3,,-0.1,0.0,0.0,-0.063,,-10.1,-0.9,-11.0,-0.1
111,Mike Conley\conlemi01,PG,34,UTA,50,1419,18.2,.591,.528,.209,2.4,9.1,5.9,27.3,2.0,1.0,12.5,21.1,,3.7,1.5,5.1,.173,,3.2,0.4,3.6,2.0
112,Pat Connaughton\connapa01,SG,29,MIL,54,1457,13.6,.630,.740,.089,2.7,14.1,8.5,6.3,1.7,0.9,6.7,13.6,,2.5,1.5,4.0,.132,,0.8,0.3,1.2,1.2
113,Tyler Cook\cookty01,PF,24,CHI,19,196,13.1,.645,.000,.861,9.2,20.2,14.7,2.0,1.0,1.8,12.4,12.7,,0.4,0.2,0.5,.133,,-2.6,-1.1,-3.7,-0.1
114,Sharife Cooper\coopesh01,PG,20,ATL,11,35,-5.9,.250,.429,.000,0.0,15.4,7.8,18.6,0.0,0.0,26.3,23.7,,-0.2,0.0,-0.2,-0.333,,-11.8,-5.5,-17.3,-0.1
115,Petr Cornelie\cornepe01,PF,26,DEN,13,38,9.9,.418,.533,.267,21.0,20.0,20.5,11.0,1.3,2.4,19.3,24.2,,-0.1,0.0,0.0,-0.009,,-5.9,-2.8,-8.7,-0.1
116,DeMarcus Cousins\couside01,C,31,TOT,23,366,16.3,.514,.384,.340,10.8,29.2,20.2,10.1,2.7,2.7,14.1,25.2,,0.0,0.7,0.7,.098,,-2.8,0.0,-2.8,-0.1
116,DeMarcus Cousins\couside01,C,31,MIL,17,287,19.5,.572,.407,.322,9.0,26.6,18.0,9.5,2.7,2.7,10.6,22.5,,0.5,0.5,1.0,.176,,-0.2,0.8,0.6,0.2
116,DeMarcus Cousins\couside01,C,31,DEN,6,79,4.7,.354,.317,.390,17.3,38.6,28.2,12.3,2.5,2.3,22.6,34.7,,-0.5,0.2,-0.3,-0.184,,-12.5,-2.9,-15.5,-0.3
117,Robert Covington\covinro01,PF-SF,31,TOT,52,1505,10.5,.527,.679,.125,3.2,18.1,10.5,6.5,2.5,4.3,14.2,12.9,,-0.1,1.7,1.7,.053,,-2.5,1.5,-0.9,0.4
117,Robert Covington\covinro01,PF,31,POR,48,1431,10.2,.519,.685,.107,3.1,18.3,10.5,6.6,2.5,4.3,14.2,12.5,,-0.1,1.6,1.5,.049,,-2.6,1.6,-1.0,0.4
117,Robert Covington\covinro01,SF,31,LAC,4,74,16.0,.622,.600,.360,5.8,15.2,10.7,4.1,2.6,3.5,14.7,20.1,,0.1,0.1,0.2,.124,,-1.0,0.2,-0.8,0.0
118,Torrey Craig\craigto01,SF,31,TOT,52,1057,11.5,.562,.486,.121,6.1,14.7,10.4,8.3,1.2,1.6,11.6,14.1,,1.0,0.6,1.6,.073,,-1.2,-0.5,-1.7,0.1
118,Torrey Craig\craigto01,SF,31,IND,51,1034,11.1,.555,.491,.125,6.2,14.7,10.4,7.9,1.1,1.6,11.6,14.0,,0.9,0.6,1.5,.068,,-1.3,-0.6,-2.0,0.0
118,Torrey Craig\craigto01,SF,31,PHO,1,23,28.1,.778,.333,.000,0.0,13.5,6.9,27.3,4.2,0.0,10.0,18.7,,0.1,0.0,0.1,.307,,5.6,5.1,10.6,0.1
119,Jae Crowder\crowdja01,PF,31,PHO,46,1301,10.4,.536,.673,.147,1.6,18.0,10.0,6.8,2.0,1.4,9.2,14.0,,0.5,2.3,2.7,.100,,-1.6,2.0,0.5,0.8
120,Jarrett Culver\culveja01,SG,22,MEM,26,237,12.7,.489,.337,.228,3.9,13.1,8.4,14.5,2.8,1.2,9.8,19.5,,0.1,0.3,0.4,.080,,-2.8,0.7,-2.1,0.0
121,Jarron Cumberland\cumbeja01,SG,24,POR,3,12,8.6,.500,.500,.000,8.9,18.7,13.7,11.5,0.0,0.0,0.0,7.3,,0.0,0.0,0.0,.092,,-3.9,-2.3,-6.3,0.0
122,Cade Cunningham\cunnica01,PG,20,DET,42,1336,12.3,.494,.414,.137,3.0,16.2,9.2,27.7,2.0,2.0,18.2,26.1,,-1.8,1.1,-0.7,-0.024,,-1.5,-0.6,-2.0,0.0
123,Seth Curry\curryse01,SG,31,PHI,45,1566,13.8,.603,.473,.138,1.2,9.3,5.3,17.7,1.2,0.6,13.0,18.5,,2.0,1.2,3.2,.097,,0.0,-1.0,-0.9,0.5
124,Stephen Curry\curryst01,PG,33,GSW,52,1808,21.6,.590,.630,.247,1.9,14.4,8.4,31.0,2.0,1.1,13.0,31.3,,4.0,3.0,7.0,.185,,5.6,0.6,6.2,3.7
125,Anthony Davis\davisan02,C,28,LAL,36,1281,24.0,.578,.104,.359,8.6,20.9,14.8,13.9,1.6,5.9,9.5,26.9,,2.6,1.9,4.5,.169,,2.5,1.0,3.5,1.8
126,Ed Davis\davised01,C,32,CLE,19,142,8.7,.599,.000,.571,5.5,27.4,16.8,4.6,1.1,5.0,22.2,7.0,,0.0,0.3,0.4,.120,,-5.4,3.6,-1.8,0.0
127,Terence Davis\daviste02,SG,24,SAC,30,536,15.0,.543,.558,.165,2.2,16.8,9.4,11.8,2.2,1.7,10.3,25.5,,0.2,0.4,0.6,.054,,-0.3,-0.5,-0.8,0.2
128,Gabriel Deck\deckga01,PF,26,OKC,7,56,11.9,.643,.286,.000,1.8,9.2,5.4,14.2,0.9,0.0,12.5,12.4,,0.1,0.0,0.1,.094,,-1.2,-1.3,-2.6,0.0
129,Dewayne Dedmon\dedmode01,C,32,MIA,50,820,17.3,.649,.138,.321,12.6,29.3,21.0,6.9,1.3,3.5,17.4,16.7,,1.5,1.5,3.0,.176,,-1.0,0.8,-0.2,0.4
130,Sam Dekker\dekkesa01,PF,27,TOR,1,1,0.0,,,,0.0,0.0,0.0,0.0,0.0,0.0,,0.0,,0.0,0.0,0.0,-0.007,,-5.8,-3.6,-9.4,0.0
131,Javin DeLaurier\delauja01,C,23,MIL,1,3,15.8,,,,0.0,34.4,17.6,0.0,16.1,0.0,,0.0,,0.0,0.0,0.0,.270,,-4.7,11.7,7.0,0.0
132,DeMar DeRozan\derozde01,PF,32,CHI,53,1884,24.4,.597,.094,.409,2.7,13.6,8.2,24.4,1.2,0.8,9.0,31.6,,6.0,1.3,7.3,.185,,4.1,-1.0,3.1,2.4
133,Mamadi Diakite\diakima01,PF,25,OKC,13,188,11.9,.540,.106,.234,9.0,23.1,15.9,1.7,1.3,4.5,11.9,13.6,,0.1,0.3,0.4,.095,,-5.8,1.0,-4.8,-0.1
134,Cheick Diallo\diallch01,C,25,DET,3,31,12.5,.517,.000,.750,13.1,29.4,20.8,0.0,1.6,0.0,8.6,16.0,,0.0,0.0,0.1,.104,,-4.3,-3.6,-7.8,0.0
135,Hamidou Diallo\diallha01,SG,23,DET,49,1113,15.6,.542,.181,.258,5.6,18.4,11.6,9.5,2.6,1.3,9.0,21.3,,0.6,1.1,1.8,.076,,-1.3,0.4,-0.9,0.3
136,Gorgui Dieng\dienggo01,C,32,ATL,36,327,17.3,.617,.553,.255,10.4,25.8,18.1,12.4,1.5,3.6,15.4,16.5,,0.7,0.4,1.0,.148,,1.0,0.7,1.7,0.3
137,Spencer Dinwiddie\dinwisp01,PG,28,WAS,44,1330,13.6,.501,.459,.291,3.0,13.8,8.5,28.1,1.0,0.4,11.6,21.0,,1.1,0.7,1.8,.066,,-0.1,-0.9,-1.0,0.3
138,Donte DiVincenzo\divindo01,SG,25,TOT,18,360,8.5,.462,.638,.228,5.7,12.3,9.1,12.8,1.6,0.8,16.7,20.0,,-0.3,0.3,0.0,.001,,-3.6,-1.8,-5.4,-0.3
138,Donte DiVincenzo\divindo01,SG,25,MIL,17,341,8.2,.470,.627,.229,5.7,12.7,9.3,11.6,1.6,0.9,17.7,19.9,,-0.3,0.3,0.0,-0.001,,-3.7,-1.7,-5.4,-0.3
138,Donte DiVincenzo\divindo01,SG,25,SAC,1,19,13.5,.354,.778,.222,5.6,5.7,5.7,35.7,2.5,0.0,0.0,22.2,,0.0,0.0,0.0,.040,,-1.7,-2.9,-4.6,0.0
139,Luka Dončić\doncilu01,PG,22,DAL,42,1483,24.3,.555,.382,.329,2.6,25.6,14.0,48.0,1.7,1.2,15.3,36.7,,2.1,2.6,4.7,.151,,5.9,2.0,7.9,3.7
140,Luguentz Dort\dortlu01,SF,22,OKC,51,1665,12.7,.541,.539,.263,2.3,10.8,6.5,8.9,1.4,1.0,9.8,23.4,,0.6,1.5,2.0,.058,,-1.4,-0.7,-2.2,-0.1
141,Ayo Dosunmu\dosunay01,SG,22,CHI,52,1321,11.6,.616,.374,.179,1.4,10.5,6.0,15.8,1.3,1.2,15.5,13.3,,1.5,0.9,2.4,.087,,-1.5,-0.1,-1.6,0.1
142,Damyean Dotson\dotsoda01,SG,27,NYK,2,21,6.5,.500,.250,.000,0.0,10.4,5.1,7.0,0.0,0.0,0.0,8.4,,0.0,0.0,0.0,.041,,-3.6,-1.5,-5.1,0.0
143,Devon Dotson\dotsode01,PG,22,CHI,11,85,10.1,.538,.391,.391,1.3,10.3,5.9,23.8,0.6,0.0,15.6,16.5,,0.1,0.0,0.1,.057,,-3.1,-1.6,-4.7,-0.1
144,Sekou Doumbouya\doumbse01,PF,21,LAL,2,16,41.2,.717,.250,.500,13.4,26.3,19.9,0.0,9.0,11.3,17.0,31.6,,0.0,0.1,0.1,.316,,9.0,10.0,19.0,0.1
145,Jeff Dowtin\dowtije01,PG,24,TOT,5,31,7.5,.429,.286,.000,3.6,20.2,12.2,13.3,0.0,3.1,12.5,11.2,,0.0,0.0,0.0,.055,,-5.3,-0.2,-5.5,0.0
145,Jeff Dowtin\dowtije01,PG,24,GSW,4,28,9.7,.500,.167,.000,4.0,22.4,13.6,14.7,0.0,3.4,14.3,10.9,,0.0,0.0,0.1,.098,,-4.2,0.5,-3.7,0.0
145,Jeff Dowtin\dowtije01,PG,24,MIL,1,3,-13.0,.000,1.000,.000,0.0,0.0,0.0,0.0,0.0,0.0,0.0,14.3,,0.0,0.0,0.0,-0.346,,-15.7,-6.8,-22.5,0.0
146,PJ Dozier\doziepj01,SG,25,DEN,18,340,9.0,.463,.485,.131,4.7,15.7,10.3,11.5,1.6,1.6,11.0,15.3,,-0.1,0.4,0.3,.042,,-2.8,0.9,-2.0,0.0
147,Goran Dragić\dragigo01,PG,35,TOR,5,90,16.5,.521,.412,.294,2.3,15.3,8.5,14.5,2.8,1.1,2.5,18.8,,0.2,0.1,0.3,.162,,-0.3,2.3,1.9,0.1
148,Andre Drummond\drumman01,C,28,PHI,49,902,19.8,.544,.008,.345,17.0,35.9,26.6,15.9,3.1,4.5,22.4,17.7,,0.8,2.2,3.0,.162,,-1.0,2.4,1.4,0.8
149,Chris Duarte\duartch01,SG,24,IND,50,1433,12.9,.540,.416,.184,2.7,13.2,7.9,11.6,1.8,0.6,11.8,21.2,,0.5,0.8,1.4,.046,,-0.8,-1.0,-1.8,0.1
150,David Duke Jr.\dukeda01,PG,22,BRK,17,289,11.3,.454,.333,.204,11.0,11.7,11.3,7.0,2.0,1.8,7.3,16.3,,0.1,0.3,0.4,.062,,-2.2,-1.1,-3.4,-0.1
151,Kevin Durant\duranke01,PF,33,BRK,36,1313,26.1,.626,.247,.350,1.7,19.8,10.9,27.6,1.0,2.3,11.3,31.2,,4.3,1.2,5.5,.201,,6.7,0.6,7.3,3.1
152,Jaime Echenique\echenja01,C,24,WAS,1,3,0.0,,,,0.0,0.0,0.0,0.0,0.0,0.0,,0.0,,0.0,0.0,0.0,-0.012,,-5.3,-2.9,-8.2,0.0
153,Anthony Edwards\edwaran01,SG,20,MIN,51,1784,17.1,.559,.479,.213,2.6,12.4,7.3,16.9,2.1,2.0,12.4,27.3,,1.5,1.7,3.2,.086,,1.9,-0.5,1.4,1.5
154,Kessler Edwards\edwarke02,SF,21,BRK,25,639,8.4,.513,.500,.060,4.6,13.7,9.3,3.3,1.7,2.4,13.5,13.5,,-0.2,0.6,0.4,.027,,-3.3,-0.8,-4.1,-0.3
155,Rob Edwards\edwarro01,SG,25,OKC,2,11,-0.7,.375,1.000,.000,0.0,28.2,13.9,0.0,0.0,0.0,20.0,19.7,,0.0,0.0,0.0,-0.168,,-8.3,-2.9,-11.2,0.0
156,CJ Elleby\ellebcj01,SF,21,POR,33,464,11.0,.504,.431,.154,6.2,16.2,11.1,10.9,1.8,1.3,10.3,14.5,,0.3,0.3,0.6,.061,,-2.7,-0.5,-3.2,-0.1
157,Wayne Ellington\ellinwa01,SG,34,LAL,34,657,9.0,.580,.907,.027,1.5,7.8,4.7,5.0,1.3,0.3,7.5,13.1,,0.4,0.4,0.8,.059,,-1.2,-0.6,-1.8,0.0
158,Joel Embiid\embiijo01,C,27,PHI,44,1451,31.8,.607,.190,.569,6.9,30.2,18.7,25.6,1.6,4.0,10.7,37.3,,5.3,2.7,8.0,.264,,7.6,2.3,9.9,4.4
159,James Ennis III\ennisja01,SF,31,TOT,7,56,18.0,.553,.333,.208,9.8,13.1,11.5,7.6,1.7,3.1,7.1,22.1,,0.1,0.1,0.1,.117,,0.0,-1.1,-1.1,0.0
159,James Ennis III\ennisja01,SF,31,BRK,2,14,15.0,.357,.286,.000,15.7,22.6,19.2,0.0,3.5,6.3,0.0,21.6,,0.0,0.0,0.0,.033,,-0.4,-0.6,-0.9,0.0
159,James Ennis III\ennisja01,SF,31,LAC,2,28,26.7,.784,.364,.364,7.7,11.0,9.4,0.0,1.7,3.0,7.3,21.6,,0.1,0.0,0.2,.282,,3.7,0.1,3.8,0.0
159,James Ennis III\ennisja01,SF,31,DEN,3,14,3.9,.311,.333,.167,8.1,7.8,7.9,30.4,0.0,0.0,13.4,23.5,,0.0,0.0,0.0,-0.131,,-7.1,-4.0,-11.1,0.0
160,Drew Eubanks\eubandr01,C,24,SAS,49,595,16.3,.588,.050,.497,11.2,23.4,17.2,11.1,1.1,4.2,19.2,17.1,,0.7,0.8,1.5,.118,,-1.7,0.5,-1.3,0.1
161,Tacko Fall\fallta01,C,26,CLE,11,59,11.4,.398,.000,.583,13.3,28.5,21.2,4.6,0.0,9.0,16.6,13.5,,-0.1,0.1,0.1,.059,,-4.0,0.7,-3.3,0.0
162,Derrick Favors\favorde01,C,30,OKC,36,604,13.8,.523,.088,.129,9.3,20.0,14.6,6.3,1.2,1.7,4.3,13.5,,0.7,0.7,1.5,.117,,-2.3,0.2,-2.1,0.0
163,Bruno Fernando\fernabr01,C,23,BOS,20,58,12.9,.586,.071,.357,13.0,14.5,13.7,10.0,0.0,4.7,23.6,16.0,,0.0,0.1,0.1,.103,,-3.2,0.2,-3.0,0.0
164,Dorian Finney-Smith\finnedo01,PF,28,DAL,56,1833,11.4,.557,.603,.139,5.2,11.0,8.1,8.5,1.8,1.4,11.0,13.8,,1.5,2.5,4.0,.104,,-0.8,0.9,0.1,1.0
165,Malik Fitts\fittsma01,PF,24,UTA,7,35,-1.5,.333,.444,.000,0.0,29.8,15.5,0.0,0.0,0.0,18.2,13.7,,-0.1,0.0,-0.1,-0.104,,-7.8,-2.0,-9.8,-0.1
166,Malachi Flynn\flynnma01,PG,23,TOR,32,290,10.2,.462,.510,.088,2.5,11.4,6.8,16.1,2.2,1.0,8.6,17.2,,0.1,0.3,0.3,.058,,-3.1,0.1,-3.0,-0.1
167,Bryn Forbes\forbebr01,SG,28,TOT,53,927,11.8,.558,.498,.145,0.7,8.5,4.6,8.7,1.0,0.4,8.6,22.0,,0.5,0.5,0.9,.048,,-0.8,-2.1,-3.0,-0.2
167,Bryn Forbes\forbebr01,SG,28,SAS,40,676,12.7,.572,.510,.166,0.6,9.2,4.9,8.5,1.2,0.4,9.4,22.0,,0.5,0.4,0.8,.058,,-0.1,-1.6,-1.7,0.0
167,Bryn Forbes\forbebr01,SG,28,DEN,13,251,9.4,.520,.464,.089,0.9,6.5,3.8,9.0,0.4,0.4,6.4,21.9,,0.0,0.1,0.1,.019,,-2.7,-3.7,-6.4,-0.3
168,Aleem Ford\fordal03,SF,24,ORL,5,74,0.6,.350,.750,.000,2.9,18.8,10.8,3.8,0.7,0.0,16.7,14.1,,-0.2,0.0,-0.2,-0.108,,-8.9,-2.3,-11.3,-0.2
169,Trent Forrest\forretr01,PG,23,UTA,44,538,11.5,.601,.163,.327,3.4,11.3,7.5,16.3,2.1,0.5,22.7,12.4,,0.5,0.6,1.1,.097,,-2.2,1.5,-0.6,0.2
170,Evan Fournier\fournev01,SG,29,NYK,55,1605,12.6,.555,.608,.120,1.9,9.0,5.4,10.2,1.6,0.9,10.0,21.4,,1.0,1.3,2.3,.067,,-0.3,-0.7,-1.0,0.4
171,De'Aaron Fox\foxde01,PG,24,SAC,46,1578,16.5,.536,.213,.337,1.4,10.8,6.1,24.4,1.6,1.0,12.2,28.4,,1.0,0.6,1.7,.050,,-0.2,-1.4,-1.6,0.2
172,Tim Frazier\fraziti01,PG,31,ORL,10,200,4.0,.394,.395,.209,2.7,7.5,5.1,22.9,0.7,0.5,21.7,13.0,,-0.2,0.1,-0.2,-0.041,,-6.1,-1.9,-8.0,-0.3
173,Enes Freedom\kanteen01,C,29,BOS,35,411,15.3,.585,.052,.289,16.0,25.3,20.7,2.8,0.6,3.1,15.5,13.8,,0.6,0.7,1.4,.161,,-1.3,-0.4,-1.7,0.0
174,Wenyen Gabriel\gabriwe01,PF,24,TOT,7,47,8.5,.474,.385,.308,11.5,21.7,16.8,6.0,1.0,3.6,16.9,16.6,,0.0,0.1,0.0,.045,,-6.5,-1.0,-7.5,-0.1
174,Wenyen Gabriel\gabriwe01,PF,24,BRK,1,1,11.8,,,,0.0,100.0,53.8,0.0,0.0,0.0,,0.0,,0.0,0.0,0.0,.164,,-1.8,0.0,-1.8,0.0
174,Wenyen Gabriel\gabriwe01,PF,24,LAC,6,46,8.5,.474,.385,.308,11.7,20.0,16.0,6.1,1.1,3.7,16.9,16.9,,0.0,0.1,0.0,.042,,-6.6,-1.0,-7.6,-0.1
175,Daniel Gafford\gaffoda01,C,23,WAS,48,988,21.4,.700,.000,.322,12.1,19.5,15.9,7.6,1.0,6.3,12.6,15.7,,2.9,1.2,4.1,.200,,1.1,1.0,2.0,1.0
176,Danilo Gallinari\gallida01,PF,33,ATL,45,1042,14.3,.580,.513,.315,2.7,17.9,10.4,8.3,0.9,0.8,6.4,17.8,,1.9,0.5,2.3,.107,,0.8,-1.2,-0.3,0.4
177,Langston Galloway\gallola01,SG,30,TOT,7,107,0.8,.269,.615,.000,3.0,14.6,8.9,13.9,0.5,0.0,18.8,12.9,,-0.3,0.1,-0.2,-0.100,,-7.9,-1.9,-9.8,-0.2
177,Langston Galloway\gallola01,SG,30,BRK,4,58,2.0,.462,.615,.000,1.9,12.7,7.4,11.1,0.0,0.0,27.8,13.4,,-0.1,0.0,-0.1,-0.075,,-7.5,-3.0,-10.5,-0.1
177,Langston Galloway\gallola01,SG,30,MIL,3,49,-0.6,.077,.615,.000,4.4,16.9,10.8,17.2,1.0,0.0,7.1,12.3,,-0.2,0.0,-0.1,-0.129,,-8.5,-0.6,-9.1,-0.1
178,Darius Garland\garlada01,PG,22,CLE,46,1591,18.1,.582,.417,.148,1.6,8.7,5.3,38.3,1.7,0.2,17.8,26.7,,2.2,2.0,4.2,.126,,3.0,-0.5,2.5,1.8
179,Marcus Garrett\garrema01,SG,23,MIA,12,128,4.7,.280,.190,.238,8.0,12.2,10.1,7.1,2.0,2.5,7.9,8.7,,-0.1,0.2,0.1,.033,,-6.2,0.9,-5.3,-0.1
180,Usman Garuba\garubus01,PF,19,HOU,15,105,12.2,.382,.542,.083,9.4,26.3,17.8,10.5,3.2,5.3,10.8,11.2,,0.0,0.1,0.1,.056,,-2.0,1.6,-0.4,0.0
181,Luka Garza\garzalu01,C,23,DET,29,340,14.4,.530,.331,.339,14.9,12.4,13.7,7.7,1.1,1.1,10.7,20.0,,0.4,0.1,0.5,.074,,-1.2,-2.2,-3.4,-0.1
182,Rudy Gay\gayru01,PF,35,UTA,35,699,14.2,.551,.563,.242,5.7,19.0,12.6,8.1,1.4,1.5,9.6,19.5,,0.8,0.9,1.7,.117,,0.0,-0.1,-0.1,0.3
183,Paul George\georgpa01,SF,31,LAC,26,924,17.9,.528,.390,.210,1.3,19.3,10.5,27.2,2.8,0.9,15.2,34.0,,-0.7,1.5,0.8,.040,,1.3,1.6,2.9,1.1
184,Taj Gibson\gibsota01,C,36,NYK,37,674,11.1,.607,.200,.314,9.1,17.0,13.0,5.4,1.2,4.4,16.1,9.3,,0.8,0.8,1.7,.119,,-3.7,1.1,-2.6,-0.1
185,Josh Giddey\giddejo01,SG,19,OKC,51,1591,13.4,.475,.328,.117,5.6,19.6,12.5,32.7,1.4,1.2,19.5,21.9,,-1.1,1.9,0.8,.024,,-1.4,0.3,-1.1,0.4
186,Shai Gilgeous-Alexander\gilgesh01,PG,23,OKC,43,1487,19.3,.531,.306,.377,2.0,12.0,6.9,29.1,1.6,2.1,10.1,29.8,,1.7,1.6,3.3,.106,,2.3,0.4,2.7,1.8
187,Anthony Gill\gillan01,PF,29,WAS,23,166,16.3,.757,.216,.568,8.0,11.6,9.8,8.1,0.6,1.5,11.5,14.0,,0.5,0.1,0.6,.180,,-0.4,-1.3,-1.6,0.0
188,Freddie Gillespie\gillefr01,PF,24,ORL,9,119,9.6,.419,.045,.318,11.6,20.7,16.1,5.9,1.2,6.8,16.6,11.0,,0.0,0.2,0.1,.045,,-5.3,0.8,-4.5,-0.1
189,Rudy Gobert\goberru01,C,29,UTA,42,1364,25.6,.728,.006,.848,12.8,36.7,25.2,5.3,1.2,6.0,14.3,17.1,,5.0,2.9,7.9,.277,,3.3,2.1,5.4,2.6
190,Brandon Goodwin\goodwbr01,PG,26,CLE,16,254,11.9,.466,.376,.165,3.1,12.8,8.1,27.8,3.1,0.0,16.5,18.9,,0.0,0.4,0.4,.076,,-3.1,2.1,-1.0,0.1
191,Jordan Goodwin\goodwjo01,SG,23,WAS,2,6,-20.6,.000,.333,.000,0.0,17.8,9.1,0.0,0.0,0.0,0.0,22.2,,-0.1,0.0,-0.1,-0.531,,-24.5,-9.4,-33.8,0.0
192,Aaron Gordon\gordoaa01,PF,26,DEN,51,1621,15.7,.601,.323,.271,6.0,13.8,10.0,12.1,1.1,1.6,12.4,19.4,,2.4,1.4,3.8,.113,,0.8,-0.8,0.0,0.8
193,Eric Gordon\gordoer01,SG,33,HOU,45,1326,13.6,.626,.511,.251,1.1,6.3,3.7,16.3,0.8,1.1,15.0,19.1,,1.7,-0.2,1.5,.056,,0.8,-2.5,-1.6,0.1
194,Devonte' Graham\grahade01,PG,26,NOP,52,1615,12.1,.510,.680,.162,1.7,7.4,4.5,22.1,1.5,0.5,10.8,20.4,,1.0,0.7,1.7,.052,,0.3,-1.6,-1.3,0.3
195,Jerami Grant\grantje01,PF,27,DET,31,1001,15.5,.533,.341,.371,2.3,13.1,7.4,13.8,1.4,3.1,10.1,26.2,,0.4,0.7,1.1,.051,,0.7,-0.5,0.2,0.6
196,Hassani Gravett\graveha01,PG,25,ORL,8,171,10.3,.629,.684,.105,0.6,12.5,6.5,17.2,1.4,0.5,18.5,12.4,,0.1,0.1,0.2,.069,,-2.2,0.0,-2.2,0.0
197,Danny Green\greenda02,SF,34,PHI,38,888,10.2,.577,.836,.047,2.4,9.5,6.0,6.1,2.3,2.9,13.8,12.9,,0.2,1.1,1.3,.071,,-1.1,1.0,-0.2,0.4
198,Draymond Green\greendr01,PF,31,GSW,34,1018,15.1,.581,.209,.333,4.2,22.5,13.7,33.7,2.2,3.8,31.5,14.4,,0.8,2.3,3.1,.146,,-0.7,4.7,3.9,1.5
199,Jalen Green\greenja05,SG,19,HOU,40,1213,9.3,.507,.484,.288,1.4,10.5,5.9,12.1,0.9,0.5,13.9,23.0,,-0.9,0.0,-0.9,-0.035,,-2.5,-2.7,-5.2,-1.0
200,JaMychal Green\greenja01,PF,31,DEN,43,636,14.0,.558,.439,.266,7.3,19.8,13.7,8.1,2.4,2.6,14.0,19.3,,0.4,1.0,1.3,.101,,-2.5,0.8,-1.7,0.0
201,Javonte Green\greenja02,SF,28,CHI,40,953,14.2,.632,.278,.351,7.3,12.3,9.8,6.3,1.8,2.0,8.9,12.0,,2.0,0.9,2.8,.143,,-0.5,0.2,-0.3,0.4
202,Jeff Green\greenje02,C,35,DEN,52,1280,12.6,.614,.321,.353,2.7,11.6,7.2,7.2,0.7,1.5,9.7,16.8,,1.9,0.9,2.8,.104,,-1.4,-1.1,-2.5,-0.2
203,Josh Green\greenjo02,SG,21,DAL,42,588,13.2,.566,.230,.236,5.5,11.1,8.3,13.2,2.5,1.2,10.9,14.0,,0.8,0.9,1.7,.138,,-2.3,2.1,-0.3,0.3
204,Blake Griffin\griffbl01,PF,32,BRK,45,847,14.1,.503,.448,.242,7.1,18.7,13.0,15.5,1.4,1.3,7.2,17.1,,1.1,0.8,1.9,.105,,-0.6,-0.2,-0.9,0.2
205,Quentin Grimes\grimequ01,SG,21,NYK,37,624,11.6,.584,.796,.091,3.2,8.6,5.8,8.9,2.0,1.1,10.6,15.3,,0.6,0.6,1.2,.093,,-0.5,0.7,0.3,0.4
206,Kyle Guy\guyky01,SG,24,MIA,15,175,11.1,.567,.583,.167,1.3,7.0,4.2,14.6,2.0,0.6,15.7,19.3,,0.1,0.2,0.2,.067,,-2.0,-0.1,-2.1,0.0
207,Rui Hachimura\hachiru01,PF,23,WAS,16,293,13.9,.546,.301,.195,2.3,18.6,10.6,8.9,1.4,1.4,8.9,20.4,,0.1,0.2,0.4,.061,,-0.6,-0.9,-1.4,0.0
208,Tyrese Haliburton\halibty01,SG-PG,21,TOT,53,1837,17.7,.583,.439,.174,2.3,9.8,6.1,31.8,2.4,1.6,15.8,18.3,,3.5,1.1,4.6,.119,,2.7,0.1,2.8,2.2
208,Tyrese Haliburton\halibty01,SG,21,SAC,51,1757,17.4,.575,.430,.177,2.4,9.9,6.1,31.2,2.4,1.6,15.4,18.2,,3.2,1.0,4.2,.115,,2.5,0.1,2.6,2.0
208,Tyrese Haliburton\halibty01,PG,21,IND,2,80,22.9,.742,.621,.103,1.4,9.8,5.5,43.3,2.5,0.0,22.9,21.1,,0.3,0.0,0.4,.216,,6.1,-0.7,5.4,0.2
209,Tyler Hall\hallty01,SG,24,NYK,1,2,0.0,,,,0.0,0.0,0.0,0.0,0.0,0.0,,0.0,,0.0,0.0,0.0,-0.001,,-8.0,-0.7,-8.8,0.0
210,R.J. Hampton\hamptrj01,SG,20,ORL,42,815,9.5,.478,.382,.282,1.8,14.2,8.0,19.1,1.7,0.9,15.1,19.7,,-0.8,0.6,-0.1,-0.007,,-3.3,0.0,-3.3,-0.3
211,Tim Hardaway Jr.\hardati02,SG,29,DAL,42,1245,13.0,.520,.574,.194,1.1,12.7,6.9,11.5,1.5,0.4,5.6,21.9,,0.7,1.6,2.2,.086,,-0.2,0.1,-0.1,0.6
212,James Harden\hardeja01,PG,32,BRK,44,1627,21.0,.576,.435,.496,2.8,20.0,11.6,40.4,1.7,1.7,19.8,28.5,,2.8,1.7,4.5,.134,,3.8,0.2,4.0,2.5
213,Maurice Harkless\harklma01,SF,28,SAC,39,767,8.4,.569,.563,.156,1.7,12.6,7.1,3.9,1.5,2.6,13.6,11.5,,0.1,0.4,0.5,.032,,-3.0,0.1,-2.9,-0.2
214,Jared Harper\harpeja01,PG,24,NOP,2,10,21.5,.500,.286,.000,10.8,0.0,5.5,59.8,0.0,9.6,12.5,34.6,,0.0,0.0,0.0,.107,,5.2,-1.8,3.4,0.0
215,Montrezl Harrell\harremo01,C,28,TOT,48,1168,24.5,.687,.038,.548,9.6,20.4,15.1,14.1,0.8,2.3,9.6,20.8,,4.6,1.0,5.6,.229,,4.4,0.4,4.8,2.0
215,Montrezl Harrell\harremo01,C,28,WAS,46,1117,24.4,.684,.039,.535,9.5,20.4,15.1,14.3,0.8,2.3,9.6,20.8,,4.4,0.9,5.3,.229,,4.4,0.4,4.9,2.0
215,Montrezl Harrell\harremo01,C,28,CHO,2,51,26.5,.756,.000,.824,10.0,21.2,15.4,9.8,0.9,1.9,11.5,21.6,,0.2,0.0,0.2,.222,,3.0,-0.5,2.4,0.1
216,Gary Harris\harriga01,SG,27,ORL,50,1471,10.9,.568,.521,.167,2.2,5.6,3.9,9.9,1.4,0.5,9.1,16.3,,1.1,0.6,1.7,.056,,-1.8,-0.9,-2.8,-0.3
217,Joe Harris\harrijo01,SF,30,BRK,14,423,9.8,.624,.710,.048,1.3,12.7,7.1,4.5,0.8,0.4,11.2,14.6,,0.3,0.2,0.5,.059,,-0.8,-0.8,-1.6,0.0
218,Tobias Harris\harrito02,PF,29,PHI,47,1664,17.8,.568,.227,.232,3.6,19.2,11.5,17.1,0.9,1.7,9.9,23.5,,2.4,1.8,4.2,.122,,1.3,-0.5,0.8,1.2
219,Shaquille Harrison\harrish01,SG,28,BRK,2,23,4.7,.333,.333,.000,4.8,13.7,9.4,16.9,2.1,3.8,25.0,15.0,,-0.1,0.0,0.0,-0.070,,-8.8,0.7,-8.2,0.0
220,Josh Hart\hartjo01,PF-SG,26,TOT,42,1411,15.4,.608,.342,.407,4.1,21.3,12.5,18.3,1.6,0.7,15.3,17.0,,2.2,1.2,3.4,.117,,0.0,0.5,0.5,0.9
220,Josh Hart\hartjo01,PF,26,NOP,41,1374,15.4,.604,.337,.399,4.2,21.8,12.8,18.5,1.6,0.8,15.1,16.8,,2.2,1.2,3.4,.118,,0.0,0.6,0.6,0.9
220,Josh Hart\hartjo01,SG,26,POR,1,37,14.1,.741,.500,.667,0.0,3.0,1.5,8.7,0.0,0.0,20.5,23.0,,0.1,0.0,0.1,.070,,-0.5,-2.5,-3.0,0.0
221,Isaiah Hartenstein\harteis01,C,23,LAC,44,695,21.6,.645,.028,.330,10.4,18.0,14.3,18.7,2.1,5.8,15.8,18.7,,1.7,1.2,3.0,.205,,0.5,3.2,3.7,1.0
222,Udonis Haslem\hasleud01,C,41,MIA,9,57,13.8,.557,.091,.136,8.0,27.4,17.8,8.5,0.9,1.9,11.4,20.5,,0.1,0.1,0.1,.119,,-2.9,0.5,-2.4,0.0
223,Sam Hauser\hausesa01,SF,24,BOS,10,41,6.6,.429,1.000,.000,2.6,12.8,7.8,3.4,1.2,2.2,0.0,15.0,,0.0,0.1,0.0,.052,,-3.1,0.0,-3.2,0.0
224,Jaxson Hayes\hayesja02,C,21,NOP,44,725,19.4,.688,.120,.495,8.8,17.4,13.0,4.5,1.2,4.2,11.1,17.6,,2.0,0.7,2.7,.178,,0.1,-0.3,-0.2,0.3
225,Killian Hayes\hayeski01,PG,20,DET,44,1093,8.6,.458,.393,.172,1.9,11.5,6.4,24.6,2.0,1.9,19.7,14.9,,-0.7,0.8,0.1,.002,,-4.5,0.3,-4.1,-0.6
226,Gordon Hayward\haywago01,SF,31,CHO,48,1547,15.4,.571,.357,.244,2.5,12.8,7.5,16.2,1.4,1.3,10.6,20.6,,2.1,0.8,2.9,.091,,0.3,-1.0,-0.7,0.5
227,Aaron Henry\henryaa01,SF,22,PHI,6,17,-7.4,.200,.200,.000,0.0,6.4,3.3,0.0,0.0,10.5,28.6,18.6,,-0.1,0.0,-0.1,-0.307,,-13.8,-2.5,-16.4,-0.1
228,Juancho Hernangómez\hernaju01,PF,26,TOT,24,148,5.7,.336,.636,.394,9.3,19.2,14.3,5.0,1.7,1.8,17.1,13.7,,-0.3,0.2,0.0,-0.013,,-5.3,-1.1,-6.5,-0.2
228,Juancho Hernangómez\hernaju01,PF,26,BOS,18,96,3.9,.307,.667,.333,10.1,17.5,13.8,4.1,2.1,1.9,16.2,16.9,,-0.3,0.2,-0.1,-0.050,,-6.9,-1.6,-8.5,-0.2
228,Juancho Hernangómez\hernaju01,PF,26,SAS,5,51,9.2,.451,.500,.667,8.1,22.8,15.4,6.8,0.9,1.6,20.5,8.1,,0.0,0.1,0.1,.055,,-2.3,-0.3,-2.6,0.0
228,Juancho Hernangómez\hernaju01,PF,26,UTA,1,1,0.0,,,,0.0,0.0,0.0,0.0,0.0,0.0,,0.0,,0.0,0.0,0.0,.006,,-5.0,-2.9,-7.9,0.0
229,Willy Hernangómez\hernawi01,C,27,NOP,29,480,23.0,.586,.037,.433,18.0,29.4,23.5,13.6,1.0,1.8,11.2,22.6,,1.4,0.5,1.9,.186,,2.6,-1.5,1.1,0.4
230,Tyler Herro\herroty01,SG,22,MIA,46,1504,14.8,.536,.389,.177,2.0,14.5,8.3,20.5,1.0,0.6,13.0,29.1,,0.4,1.6,1.9,.062,,0.7,-1.2,-0.5,0.6
231,Buddy Hield\hieldbu01,SG,29,TOT,57,1654,12.1,.533,.711,.128,3.0,12.6,7.8,10.2,1.4,0.8,10.8,22.3,,0.3,0.6,0.9,.027,,0.3,-1.7,-1.4,0.2
231,Buddy Hield\hieldbu01,SG,29,SAC,55,1574,12.3,.540,.714,.133,2.9,12.2,7.6,9.9,1.5,0.8,10.9,22.4,,0.4,0.6,1.0,.031,,0.5,-1.7,-1.2,0.3
231,Buddy Hield\hieldbu01,SG,29,IND,2,80,7.6,.398,.639,.028,4.1,19.6,11.8,16.4,0.6,1.1,7.6,21.2,,-0.1,0.0,-0.1,-0.037,,-3.7,-2.7,-6.3,-0.1
232,Haywood Highsmith\highsha01,SF,25,MIA,4,42,10.9,.750,.875,.000,5.4,8.0,6.7,0.0,0.0,2.6,0.0,8.4,,0.1,0.0,0.1,.140,,0.0,-0.8,-0.8,0.0
233,George Hill\hillge01,SG,35,MIL,41,1044,11.0,.564,.500,.214,3.6,9.6,6.7,12.9,1.5,0.6,12.0,12.0,,1.3,0.9,2.2,.101,,-1.7,0.5,-1.3,0.2
234,Malcolm Hill\hillma01,SF-SG,26,TOT,16,196,13.6,.646,.688,.292,6.3,11.7,9.0,2.7,1.5,1.3,3.6,12.6,,0.4,0.1,0.6,.143,,-0.5,-0.9,-1.4,0.0
234,Malcolm Hill\hillma01,SG,26,ATL,3,46,19.3,.871,.625,.500,4.8,9.4,7.1,2.9,4.3,2.0,0.0,9.3,,0.2,0.1,0.2,.252,,0.3,3.6,3.9,0.1
234,Malcolm Hill\hillma01,SF,26,CHI,13,150,11.8,.597,.700,.250,6.7,12.4,9.6,2.7,0.7,1.2,4.3,13.6,,0.3,0.1,0.3,.110,,-0.7,-2.2,-3.0,0.0
235,Solomon Hill\hillso01,PF,30,ATL,13,139,3.4,.200,.650,.000,4.7,13.2,9.0,10.4,1.4,1.3,4.8,6.6,,-0.1,0.1,0.0,-0.010,,-5.0,1.0,-4.1,-0.1
236,Nate Hinton\hintona01,SG,22,IND,2,2,-45.7,.000,.000,.000,0.0,0.0,0.0,0.0,0.0,0.0,50.0,43.0,,-0.1,0.0,-0.1,-1.235,,-28.0,-14.3,-42.4,0.0
237,Jaylen Hoard\hoardja01,SF,22,OKC,1,2,6.0,.000,.000,.000,49.9,51.7,50.8,0.0,0.0,0.0,0.0,21.7,,0.0,0.0,0.0,-0.204,,-3.6,-9.4,-13.0,0.0
238,Aaron Holiday\holidaa01,PG,25,TOT,42,672,11.9,.557,.320,.160,1.5,9.4,5.5,17.3,1.8,1.1,14.6,18.1,,0.2,0.4,0.7,.047,,-2.2,0.2,-2.0,0.0
238,Aaron Holiday\holidaa01,PG,25,WAS,41,663,11.6,.547,.313,.164,1.5,9.4,5.5,17.5,1.8,1.1,14.5,18.0,,0.2,0.4,0.6,.045,,-2.3,0.2,-2.2,0.0
238,Aaron Holiday\holidaa01,PG,25,PHO,1,9,32.3,1.000,.600,.000,0.0,11.5,5.9,0.0,0.0,0.0,16.7,28.7,,0.0,0.0,0.0,.192,,6.5,2.0,8.5,0.0
239,Jrue Holiday\holidjr01,PG,31,MIL,44,1442,20.0,.590,.319,.167,3.1,11.7,7.5,32.1,2.2,1.6,15.0,23.5,,3.0,1.7,4.7,.156,,3.0,0.3,3.3,1.9
240,Justin Holiday\holidju01,SF-SG,32,TOT,51,1476,10.5,.564,.730,.090,1.5,9.0,5.2,9.2,1.3,1.1,9.8,16.0,,1.1,0.6,1.7,.054,,-0.7,-0.9,-1.6,0.1
240,Justin Holiday\holidju01,SF,32,IND,49,1416,10.6,.568,.734,.090,1.4,9.2,5.3,9.1,1.3,1.1,9.3,16.0,,1.2,0.5,1.7,.059,,-0.6,-0.8,-1.5,0.2
240,Justin Holiday\holidju01,SG,32,SAC,2,60,6.9,.453,.632,.105,3.6,3.6,3.6,13.5,2.4,1.4,20.1,17.7,,-0.1,0.0,-0.1,-0.052,,-3.5,-1.9,-5.5,-0.1
241,Richaun Holmes\holmeri01,C,28,SAC,39,980,19.1,.710,.018,.316,9.3,23.1,16.2,7.2,0.8,3.3,14.2,15.9,,2.6,0.7,3.3,.163,,0.4,-0.1,0.3,0.6
242,Rodney Hood\hoodro01,SF,29,MIL,39,581,6.9,.470,.611,.107,2.4,9.6,6.1,6.7,1.0,0.7,4.9,10.7,,0.2,0.4,0.6,.047,,-3.2,-0.3,-3.5,-0.2
243,Scotty Hopson\hopsosc01,SG,32,OKC,1,18,0.2,.500,.250,.000,0.0,5.7,2.8,8.4,0.0,0.0,33.3,14.5,,0.0,0.0,0.0,-0.121,,-8.7,-2.9,-11.6,0.0
244,Al Horford\horfoal01,C,35,BOS,49,1388,16.2,.541,.464,.184,6.1,21.9,14.1,17.4,1.0,4.3,9.6,15.8,,2.2,2.6,4.8,.166,,1.0,2.5,3.5,1.9
245,Talen Horton-Tucker\hortota01,SG,21,LAL,41,1057,10.4,.502,.344,.217,2.4,11.1,6.8,14.6,1.7,1.7,13.4,18.5,,-0.2,1.0,0.8,.034,,-3.5,-0.2,-3.8,-0.5
246,Danuel House Jr.\houseda01,SF,28,TOT,24,371,10.4,.525,.518,.289,2.4,15.5,9.0,11.6,1.3,1.9,14.6,17.3,,0.0,0.2,0.3,.034,,-2.0,-0.6,-2.6,-0.1
246,Danuel House Jr.\houseda01,SF,28,HOU,16,233,7.1,.467,.459,.257,1.9,18.5,10.2,11.7,1.0,2.0,17.9,18.2,,-0.3,0.1,-0.2,-0.047,,-4.6,-1.0,-5.6,-0.2
246,Danuel House Jr.\houseda01,SF,28,NYK,1,3,-13.5,.000,1.000,.000,0.0,0.0,0.0,0.0,0.0,0.0,0.0,14.7,,0.0,0.0,0.0,-0.352,,-12.4,-8.1,-20.5,0.0
246,Danuel House Jr.\houseda01,SF,28,UTA,7,135,16.7,.642,.615,.359,3.4,10.8,7.3,11.6,1.8,1.9,8.1,15.8,,0.4,0.2,0.5,.182,,2.7,0.3,3.0,0.2
247,Dwight Howard\howardw01,C,36,LAL,41,594,18.3,.657,.073,.685,14.2,25.5,19.9,5.1,2.3,3.8,17.0,14.1,,1.3,1.0,2.3,.183,,-0.7,0.7,0.0,0.3
248,Markus Howard\howarma02,SG,22,DEN,22,134,15.2,.568,.726,.192,0.0,4.9,2.5,6.9,2.6,0.0,7.0,28.1,,0.1,0.1,0.2,.077,,0.8,-1.5,-0.6,0.0
249,Kevin Huerter\huertke01,SG,23,ATL,49,1424,11.6,.565,.514,.072,1.6,10.3,6.0,13.9,1.0,1.1,11.7,17.4,,1.1,0.4,1.5,.050,,-0.7,-1.1,-1.8,0.1
250,Jay Huff\huffja01,C,23,LAL,4,20,0.6,.000,.667,.000,5.4,15.8,10.6,5.9,2.4,4.5,25.0,8.6,,-0.1,0.0,0.0,-0.111,,-8.2,0.9,-7.2,0.0
251,Elijah Hughes\hugheel01,SF-SG,23,TOT,15,123,9.9,.554,.786,.071,1.8,13.7,8.0,6.9,1.6,0.7,13.9,17.8,,0.0,0.1,0.1,.051,,-1.7,-0.8,-2.5,0.0
251,Elijah Hughes\hugheel01,SF,23,UTA,14,112,10.7,.576,.778,.083,2.0,14.0,8.3,7.5,1.8,0.8,15.8,17.2,,0.0,0.1,0.2,.065,,-1.1,-0.4,-1.5,0.0
251,Elijah Hughes\hugheel01,SG,23,POR,1,11,2.5,.417,.833,.000,0.0,10.2,5.0,0.0,0.0,0.0,0.0,23.8,,0.0,0.0,0.0,-0.098,,-8.7,-4.3,-13.0,0.0
252,De'Andre Hunter\huntede01,SF,24,ATL,28,811,10.0,.536,.339,.256,1.8,11.2,6.5,6.4,1.1,1.1,10.7,20.2,,0.0,0.3,0.2,.014,,-2.6,-1.5,-4.1,-0.4
253,Chandler Hutchison\hutchch01,SF,25,PHO,6,22,1.1,.694,.000,1.000,0.0,23.5,12.1,10.7,0.0,0.0,58.1,13.5,,-0.1,0.0,0.0,-0.082,,-7.8,-0.7,-8.4,0.0
254,Bones Hyland\hylanbo01,PG,21,DEN,44,784,10.9,.512,.618,.157,1.0,15.5,8.4,16.1,1.3,1.5,12.4,24.2,,-0.3,0.8,0.4,.027,,-2.0,-1.1,-3.1,-0.2
255,Serge Ibaka\ibakase01,C,32,LAC,35,538,15.1,.567,.323,.151,8.0,20.9,14.7,10.4,0.6,4.1,13.9,19.4,,0.4,0.7,1.1,.098,,-1.1,0.1,-1.0,0.1
256,Andre Iguodala\iguodan01,SF,38,GSW,26,518,13.1,.491,.598,.157,4.1,13.5,9.0,25.2,2.1,3.9,17.4,11.1,,0.6,1.0,1.6,.145,,-0.2,3.7,3.5,0.7
257,Joe Ingles\inglejo01,SF,34,UTA,45,1122,10.2,.551,.789,.077,1.2,11.1,6.4,18.9,1.0,0.4,13.5,13.2,,1.3,0.9,2.2,.095,,-0.5,0.4,-0.1,0.5
258,Brandon Ingram\ingrabr01,SF,24,NOP,42,1448,18.2,.545,.245,.304,2.2,16.1,9.0,27.2,0.9,1.3,11.4,29.5,,1.7,0.9,2.6,.086,,2.5,-1.0,1.4,1.3
259,Kyrie Irving\irvinky01,PG,29,BRK,14,507,19.0,.555,.338,.189,1.7,12.3,7.1,24.3,1.4,1.6,10.0,28.8,,0.7,0.4,1.1,.102,,2.7,-2.0,0.7,0.3
260,Wes Iwundu\iwundwe01,SF,27,ATL,3,82,7.3,.557,.278,.222,4.0,13.2,8.6,0.0,0.6,0.0,4.8,11.1,,0.1,0.0,0.1,.043,,-3.8,-2.8,-6.6,-0.1
261,Frank Jackson\jacksfr01,PG,23,DET,43,968,10.8,.536,.592,.194,1.5,6.5,3.8,7.0,1.1,0.8,7.0,20.7,,0.3,0.2,0.5,.026,,-1.4,-1.8,-3.2,-0.3
262,Isaiah Jackson\jacksis01,PF,20,IND,20,193,23.1,.590,.084,.398,13.6,18.0,15.8,6.0,2.8,6.7,10.1,24.2,,0.4,0.3,0.7,.175,,-0.2,0.2,0.1,0.1
263,Jaren Jackson Jr.\jacksja02,PF,22,MEM,57,1591,17.5,.537,.399,.326,5.6,17.2,11.3,5.6,1.7,7.2,9.8,25.6,,1.5,2.6,4.1,.123,,-0.4,0.5,0.1,0.8
264,Josh Jackson\jacksjo02,SF,24,DET,39,707,10.1,.501,.450,.223,2.4,17.1,9.3,11.0,1.4,2.3,12.1,19.0,,-0.4,0.5,0.1,.010,,-3.4,-0.4,-3.9,-0.3
265,Justin Jackson\jacksju01,SF,26,TOT,7,37,8.0,.472,.600,.133,2.9,16.8,10.0,7.2,0.0,0.0,5.9,19.7,,0.0,0.0,0.0,.040,,-2.1,-1.3,-3.4,0.0
265,Justin Jackson\jacksju01,SF,26,BOS,1,2,23.5,.532,.000,2.000,0.0,0.0,0.0,0.0,0.0,0.0,0.0,41.2,,0.0,0.0,0.0,.265,,1.9,-4.6,-2.7,0.0
265,Justin Jackson\jacksju01,SF,26,PHO,6,35,7.1,.464,.643,.000,3.1,17.7,10.6,7.6,0.0,0.0,6.7,18.5,,0.0,0.0,0.0,.027,,-2.3,-1.1,-3.4,0.0
266,Reggie Jackson\jacksre01,SG,31,LAC,54,1659,12.5,.497,.444,.135,1.8,9.6,5.8,22.4,1.2,0.4,11.4,27.0,,-0.8,1.3,0.6,.017,,-0.9,-1.5,-2.5,-0.2
267,LeBron James\jamesle01,SF,37,LAL,40,1469,26.6,.613,.373,.270,3.3,19.4,11.4,32.2,2.1,2.5,11.9,31.4,,4.1,1.9,6.0,.197,,6.7,1.3,8.0,3.7
268,DeJon Jarreau\jarrede01,SG,24,IND,1,1,0.0,,,,0.0,0.0,0.0,0.0,0.0,0.0,,0.0,,0.0,0.0,0.0,-0.016,,-6.3,-1.5,-7.8,0.0
269,DaQuan Jeffries\jeffrda01,SG,24,MEM,3,9,8.6,.500,.500,.000,0.0,23.7,11.7,14.3,0.0,0.0,0.0,9.2,,0.0,0.0,0.0,.097,,-5.7,0.7,-5.0,0.0
270,Ty Jerome\jeromty01,SG,24,OKC,47,782,11.2,.481,.567,.134,2.3,7.8,5.0,21.8,1.8,0.6,9.8,20.9,,0.0,0.7,0.6,.040,,-2.5,-0.2,-2.7,-0.1
271,Isaiah Joe\joeis01,SG,22,PHI,40,493,7.7,.520,.768,.152,1.1,8.9,5.1,7.9,1.0,0.4,8.1,14.7,,0.1,0.3,0.5,.044,,-2.8,-1.4,-4.2,-0.3
272,Alize Johnson\johnsal02,PF,25,TOT,19,139,9.8,.492,.138,.276,16.9,21.2,19.1,7.5,1.1,0.0,25.3,13.8,,0.0,0.1,0.1,.039,,-3.7,-1.7,-5.4,-0.1
272,Alize Johnson\johnsal02,PF,25,CHI,16,121,10.4,.537,.087,.304,14.8,18.2,16.5,8.6,1.2,0.0,23.5,12.4,,0.1,0.1,0.2,.071,,-3.1,-0.7,-3.9,-0.1
272,Alize Johnson\johnsal02,PF,25,WAS,3,18,5.9,.311,.333,.167,30.8,41.6,36.3,0.0,0.0,0.0,31.8,23.3,,-0.1,0.0,-0.1,-0.178,,-7.6,-8.3,-15.9,-0.1
273,B.J. Johnson\johnsbj01,SF,26,ORL,4,65,12.4,.520,.400,.000,9.8,14.8,12.3,0.0,0.0,1.4,0.0,16.7,,0.1,0.0,0.1,.063,,-0.5,-4.1,-4.6,0.0
274,Cameron Johnson\johnsca02,PF,25,PHO,53,1379,15.0,.623,.643,.156,2.7,14.3,8.6,6.6,1.6,0.8,6.0,16.8,,2.6,2.0,4.6,.160,,1.9,0.8,2.7,1.6
275,David Johnson\johnsda08,SG,20,TOR,2,2,-20.1,.000,1.000,.000,0.0,0.0,0.0,0.0,0.0,0.0,0.0,21.5,,0.0,0.0,0.0,-0.507,,-18.7,-8.9,-27.6,0.0
276,Jalen Johnson\johnsja05,PF,20,ATL,13,58,10.3,.578,.368,.316,0.0,27.9,14.1,2.5,0.0,0.0,12.2,18.6,,0.0,0.0,0.0,.018,,-2.6,-2.0,-4.6,0.0
277,James Johnson\johnsja01,PF,34,BRK,41,778,11.0,.520,.242,.171,5.5,13.9,9.8,13.8,1.3,1.7,11.3,14.2,,0.6,0.6,1.1,.070,,-2.3,-0.3,-2.5,-0.1
278,Joe Johnson\johnsjo02,SG,40,BOS,1,2,39.6,1.000,.000,.000,0.0,0.0,0.0,0.0,0.0,0.0,0.0,21.9,,0.0,0.0,0.0,.341,,12.1,2.7,14.8,0.0
279,Keldon Johnson\johnske04,SF,22,SAS,53,1653,14.4,.572,.365,.216,3.4,16.9,10.1,8.2,1.1,0.4,8.4,20.3,,1.8,1.3,3.1,.090,,0.3,-1.3,-1.0,0.4
280,Keon Johnson\johnske07,SG,19,LAC,15,135,9.6,.440,.216,.412,4.8,11.4,8.2,13.9,2.5,1.3,10.4,21.8,,-0.1,0.2,0.1,.020,,-5.9,0.1,-5.8,-0.1
281,Stanley Johnson\johnsst04,PF,25,LAL,23,509,10.4,.578,.427,.265,3.4,12.0,7.7,7.7,1.6,1.8,9.1,12.1,,0.5,0.5,1.0,.094,,-3.3,0.2,-3.1,-0.1
282,Tyler Johnson\johnsty01,PG,29,TOT,6,91,7.3,.425,.650,.000,3.5,10.6,7.1,9.5,1.6,2.8,9.1,10.6,,0.0,0.1,0.1,.036,,-3.7,0.7,-3.0,0.0
282,Tyler Johnson\johnsty01,PG,29,PHI,3,38,9.7,.550,.700,.000,3.0,14.4,8.7,7.4,1.3,2.4,9.1,13.1,,0.0,0.0,0.1,.078,,-2.3,0.4,-1.9,0.0
282,Tyler Johnson\johnsty01,PG,29,SAS,3,53,5.6,.300,.600,.000,3.9,8.0,5.9,10.9,1.8,3.1,9.1,8.8,,0.0,0.0,0.0,.005,,-4.7,1.0,-3.7,0.0
283,Nikola Jokić\jokicni01,C,26,DEN,50,1649,32.9,.659,.248,.327,9.5,36.2,23.1,43.6,2.0,2.1,16.0,31.3,,7.4,3.0,10.4,.302,,9.5,4.8,14.3,6.8
284,Carlik Jones\jonesca03,PG,24,TOT,5,23,-1.6,.202,.111,.222,4.7,9.6,7.2,26.9,2.2,0.0,23.3,25.0,,-0.2,0.0,-0.1,-0.280,,-11.2,-4.1,-15.3,-0.1
284,Carlik Jones\jonesca03,PG,24,DAL,3,19,-3.9,.127,.143,.286,5.7,11.7,8.7,32.5,2.6,0.0,27.6,25.6,,-0.2,0.0,-0.1,-0.333,,-12.9,-4.2,-17.1,-0.1
284,Carlik Jones\jonesca03,PG,24,DEN,2,4,9.3,.500,.000,.000,0.0,0.0,0.0,0.0,0.0,0.0,0.0,22.1,,0.0,0.0,0.0,-0.026,,-2.8,-3.7,-6.5,0.0
285,Damian Jones\jonesda03,C,26,SAC,37,564,17.3,.685,.099,.468,9.9,18.0,13.9,10.9,0.9,3.5,17.9,15.7,,1.3,0.4,1.7,.141,,-0.5,-0.1,-0.6,0.2
286,Derrick Jones Jr.\jonesde02,PF,24,CHI,32,556,14.9,.672,.299,.378,7.7,13.4,10.6,4.1,1.4,3.6,9.7,13.0,,1.3,0.5,1.8,.159,,-0.5,0.9,0.4,0.3
287,Herbert Jones\joneshe01,PF,23,NOP,53,1587,13.0,.590,.266,.273,4.6,9.9,7.2,10.2,2.5,2.9,13.0,13.5,,1.8,1.5,3.4,.103,,-1.6,1.3,-0.4,0.6
288,Jemerrio Jones\jonesje01,SF,26,LAL,2,15,14.9,.667,.000,.000,14.3,7.0,10.6,0.0,3.2,0.0,0.0,8.6,,0.0,0.0,0.1,.178,,-1.0,0.0,-1.0,0.0
289,Kai Jones\joneska01,C,21,CHO,17,48,7.2,.627,.182,.364,4.2,13.5,8.7,11.5,0.0,0.0,28.2,15.6,,0.0,0.0,0.0,-0.024,,-5.6,-3.2,-8.8,-0.1
290,Mason Jones\jonesma05,SG,23,LAL,2,9,-2.3,.282,.250,.250,11.9,11.7,11.8,0.0,5.3,0.0,10.1,47.2,,-0.1,0.0,-0.1,-0.444,,-13.3,-4.4,-17.8,0.0
291,Tre Jones\jonestr01,PG,22,SAS,45,607,14.7,.558,.111,.228,3.1,11.7,7.3,23.7,1.5,0.0,10.8,15.5,,1.1,0.4,1.5,.119,,-1.1,0.0,-1.1,0.1
292,Tyus Jones\jonesty01,PG,25,MEM,51,1047,16.2,.541,.360,.114,1.3,11.8,6.5,27.3,2.1,0.2,8.7,15.9,,2.2,1.0,3.2,.148,,0.8,0.5,1.3,0.9
293,DeAndre Jordan\jordade01,C,33,LAL,31,399,17.7,.657,.000,.284,13.2,31.6,22.5,4.6,1.2,5.7,16.8,12.8,,0.7,0.7,1.4,.166,,-1.4,0.9,-0.5,0.2
294,Cory Joseph\josepco01,PG,30,DET,45,1082,12.1,.578,.376,.280,1.9,9.7,5.6,24.9,1.3,1.0,16.8,15.0,,1.2,0.4,1.6,.071,,-1.6,-0.6,-2.2,-0.1
295,Georgios Kalaitzakis\kalaige01,SF,23,MIL,9,48,6.0,.535,.364,.818,9.0,8.6,8.8,0.0,1.0,2.0,21.1,17.0,,0.0,0.0,0.0,-0.004,,-5.8,-2.2,-8.0,-0.1
296,Frank Kaminsky\kaminfr01,C,28,PHO,9,181,21.7,.635,.227,.303,6.6,17.2,12.0,10.3,2.1,3.4,6.3,19.0,,0.6,0.3,0.9,.239,,2.5,2.3,4.8,0.3
297,Luke Kennard\kennalu01,SG,25,LAC,48,1341,12.9,.603,.669,.116,0.9,12.1,6.7,11.7,1.1,0.3,7.8,16.3,,1.9,1.1,3.0,.108,,0.6,0.0,0.6,0.9
298,Braxton Key\keybr01,SF,24,PHI,2,6,9.4,.500,.500,.000,18.7,18.2,18.5,25.6,8.3,0.0,50.0,30.1,,0.0,0.0,0.0,-0.161,,-9.4,3.3,-6.1,0.0
299,George King\kingge03,SF,28,DAL,4,19,-12.3,.085,.800,.400,0.0,29.2,14.4,0.0,0.0,0.0,14.5,16.2,,-0.1,0.0,-0.1,-0.291,,-16.4,-3.4,-19.9,-0.1
300,Louis King\kinglo02,SF,22,SAC,10,104,8.4,.438,.574,.213,0.0,12.5,6.2,12.4,0.9,0.8,0.0,21.1,,0.0,0.0,0.0,.008,,-2.8,-1.9,-4.6,-0.1
301,Corey Kispert\kispeco01,SF,22,WAS,50,955,10.8,.545,.577,.154,3.9,10.3,7.2,7.2,0.8,1.1,7.2,14.9,,0.8,0.4,1.2,.059,,-0.9,-1.6,-2.5,-0.1
302,Maxi Kleber\klebima01,PF,30,DAL,40,1001,12.1,.577,.742,.150,5.3,21.3,13.2,6.5,1.0,3.4,10.2,12.7,,1.0,1.6,2.6,.125,,-0.6,1.2,0.7,0.7
303,Brandon Knight\knighbr03,PG,30,DAL,3,54,17.2,.638,.650,.400,0.0,14.4,7.1,23.0,0.9,0.0,14.5,22.8,,0.1,0.1,0.2,.171,,-0.4,-0.9,-1.3,0.0
304,Nathan Knight\knighna01,PF,24,MIN,28,194,16.8,.580,.143,.804,11.7,21.0,16.2,10.1,1.0,3.5,13.7,18.9,,0.4,0.2,0.6,.149,,-1.6,-0.1,-1.8,0.0
305,Kevin Knox\knoxke01,SF,22,TOT,20,157,10.0,.497,.679,.179,5.4,15.2,10.3,6.5,1.0,0.6,10.4,18.9,,0.0,0.1,0.1,.025,,-1.3,-2.1,-3.4,-0.1
305,Kevin Knox\knoxke01,SF,22,NYK,13,111,12.0,.529,.700,.250,7.6,13.8,10.6,4.2,0.9,0.9,10.1,19.6,,0.1,0.1,0.1,.062,,0.6,-2.2,-1.6,0.0
305,Kevin Knox\knoxke01,SF,22,ATL,7,46,5.4,.406,.625,.000,0.0,18.8,9.5,12.0,1.1,0.0,11.1,17.1,,-0.1,0.0,-0.1,-0.062,,-5.9,-1.7,-7.6,-0.1
306,John Konchar\konchjo01,SG,25,MEM,50,925,13.6,.611,.495,.181,6.5,18.8,12.5,9.7,1.9,1.5,9.7,9.7,,1.7,1.2,2.8,.146,,0.2,1.2,1.4,0.8
307,Furkan Korkmaz\korkmfu01,SG,24,PHI,49,1175,11.3,.507,.549,.181,1.4,11.9,6.7,14.3,1.3,0.5,8.1,17.9,,0.4,1.0,1.4,.059,,-1.7,-0.9,-2.5,-0.2
308,Luke Kornet\kornelu01,C,26,TOT,3,18,6.6,.273,.167,.500,18.5,5.8,12.0,7.3,0.0,4.9,0.0,17.9,,0.0,0.0,0.0,-0.006,,-7.9,-4.4,-12.3,0.0
308,Luke Kornet\kornelu01,C,26,CLE,2,15,8.9,.316,.200,.600,15.0,7.0,10.9,8.8,0.0,5.9,0.0,18.6,,0.0,0.0,0.0,.023,,-6.6,-3.2,-9.9,0.0
308,Luke Kornet\kornelu01,C,26,MIL,1,3,-5.1,.000,.000,.000,35.9,0.0,17.6,0.0,0.0,0.0,0.0,14.3,,0.0,0.0,0.0,-0.154,,-14.2,-10.4,-24.7,0.0
309,Vit Krejci\krejcvi01,SG,21,OKC,4,18,9.6,.510,.600,.400,0.0,17.2,8.5,16.9,0.0,0.0,14.5,16.6,,0.0,0.0,0.0,.030,,-4.0,0.2,-3.8,0.0
310,Arnoldas Kulboka\kulboar01,SF,24,CHO,1,3,0.0,,,,0.0,0.0,0.0,0.0,0.0,0.0,,0.0,,0.0,0.0,0.0,-0.018,,-5.2,-5.3,-10.5,0.0
311,Jonathan Kuminga\kuminjo01,SF,19,GSW,45,631,14.6,.584,.327,.425,5.0,16.4,10.9,7.3,1.2,1.4,11.7,23.6,,0.5,1.0,1.5,.115,,-1.9,-0.5,-2.4,-0.1
312,Kyle Kuzma\kuzmaky01,PF,26,WAS,52,1719,15.4,.550,.413,.244,3.8,24.6,14.4,14.3,1.0,2.2,13.4,22.9,,0.5,1.7,2.2,.061,,0.3,-0.3,0.0,0.9
313,Anthony Lamb\lamban01,SF,24,SAS,2,8,-0.4,.000,1.000,.000,0.0,13.2,6.5,27.8,0.0,0.0,0.0,10.6,,0.0,0.0,0.0,-0.140,,-6.0,-1.9,-7.9,0.0
314,Jeremy Lamb\lambje01,SF-SG,29,TOT,40,644,14.0,.526,.523,.347,2.5,14.7,8.6,12.4,1.8,2.1,8.3,20.1,,0.7,0.5,1.2,.086,,0.1,-0.2,-0.1,0.3
314,Jeremy Lamb\lambje01,SF,29,IND,39,613,13.8,.524,.513,.351,2.7,14.4,8.5,11.9,1.8,2.0,8.4,20.2,,0.6,0.5,1.1,.083,,0.0,-0.2,-0.2,0.3
314,Jeremy Lamb\lambje01,SG,29,SAC,1,31,17.5,.568,.727,.273,0.0,20.9,10.4,22.6,0.0,5.5,7.5,18.4,,0.1,0.0,0.1,.141,,2.2,0.4,2.6,0.0
315,Jock Landale\landajo01,C,26,SAS,36,366,16.5,.596,.442,.194,11.1,11.6,11.3,12.0,0.9,2.7,14.1,18.9,,0.6,0.3,0.9,.119,,0.8,-1.0,-0.2,0.2
316,Romeo Langford\langfro01,SG,22,BOS,44,728,9.5,.520,.451,.185,4.4,10.7,7.6,3.7,1.4,2.0,7.4,13.0,,0.3,1.0,1.3,.086,,-2.3,0.8,-1.5,0.1
317,Zach LaVine\lavinza01,SF,26,CHI,47,1624,20.4,.606,.396,.268,0.9,14.5,7.8,20.9,0.9,1.0,11.9,29.3,,3.2,1.0,4.2,.124,,4.0,-1.5,2.5,1.9
318,Jake Layman\laymaja01,SF,27,MIN,23,169,6.7,.438,.531,.163,2.4,13.0,7.6,5.6,1.7,2.3,11.8,14.7,,-0.2,0.1,0.0,-0.008,,-4.9,-0.6,-5.5,-0.1
319,Damion Lee\leeda03,SG,29,GSW,46,934,11.4,.579,.510,.161,2.2,13.9,8.2,6.5,1.6,0.5,8.8,16.0,,0.8,1.4,2.2,.112,,-1.8,0.4,-1.4,0.1
320,Saben Lee\leesa01,PG,22,DET,28,407,13.4,.486,.361,.352,2.5,15.7,8.7,23.8,3.1,2.2,15.1,17.4,,0.0,0.4,0.5,.053,,-1.9,2.1,0.2,0.2
321,Alex Len\lenal01,C,28,SAC,33,557,13.4,.573,.123,.361,9.2,20.4,14.8,10.6,1.0,3.8,18.6,16.9,,0.4,0.4,0.8,.070,,-2.9,0.2,-2.7,-0.1
322,Caris LeVert\leverca01,SG,27,TOT,42,1309,16.5,.526,.295,.225,2.6,10.7,6.6,23.4,1.5,1.3,9.9,26.8,,1.2,0.7,2.0,.073,,1.0,-1.2,-0.2,0.6
322,Caris LeVert\leverca01,SG,27,IND,39,1214,16.9,.530,.304,.235,2.7,11.1,6.8,23.5,1.4,1.3,9.9,27.0,,1.3,0.6,1.9,.077,,1.3,-1.4,-0.1,0.6
322,Caris LeVert\leverca01,SG,27,CLE,3,95,12.0,.461,.174,.087,1.2,5.5,3.4,22.0,3.1,0.9,11.2,24.9,,-0.1,0.1,0.1,.026,,-3.0,0.8,-2.2,0.0
323,Kira Lewis Jr.\lewiski01,PG,20,NOP,24,341,10.0,.466,.397,.082,2.8,9.9,6.3,22.8,1.6,0.3,14.7,22.5,,-0.3,0.2,-0.1,-0.020,,-2.7,-1.5,-4.1,-0.2
324,Scottie Lewis\lewissc01,SG,21,CHO,2,7,14.7,.568,,,0.0,0.0,0.0,16.4,6.8,0.0,0.0,5.3,,0.0,0.0,0.0,.162,,0.2,5.9,6.1,0.0
325,Damian Lillard\lillada01,PG,31,POR,29,1056,19.1,.550,.514,.328,1.3,11.4,6.2,33.5,0.8,1.0,11.6,29.5,,2.0,0.2,2.2,.100,,4.2,-2.8,1.5,0.9
326,Nassir Little\littlna01,SF,21,POR,42,1088,13.9,.575,.489,.298,5.7,18.3,11.9,7.3,1.1,3.2,10.1,15.9,,1.3,0.7,2.1,.091,,-0.6,-0.6,-1.2,0.2
327,Isaiah Livers\liveris01,SF,23,DET,1,5,-10.9,.000,1.000,.000,0.0,0.0,0.0,0.0,9.7,18.2,33.3,25.6,,-0.1,0.0,-0.1,-0.523,,-21.0,4.0,-17.1,0.0
328,Kevon Looney\looneke01,C,25,GSW,57,1217,15.5,.571,.004,.347,14.4,23.9,19.3,10.9,1.4,3.4,14.9,13.0,,2.2,2.5,4.7,.184,,-1.4,1.4,0.0,0.6
329,Brook Lopez\lopezbr01,C,33,MIL,1,28,11.7,.444,.444,.000,7.7,11.1,9.4,0.0,1.7,10.5,0.0,13.8,,0.0,0.0,0.1,.089,,-3.3,0.7,-2.6,0.0
330,Robin Lopez\lopezro01,C,33,ORL,26,459,15.3,.583,.031,.238,12.5,10.0,11.3,15.9,0.1,2.8,16.5,20.0,,0.5,0.2,0.7,.073,,-1.3,-1.6,-2.8,-0.1
331,Didi Louzada\louzama01,SF,22,NOP,2,7,-1.1,.000,1.000,.000,30.8,0.0,15.8,17.8,0.0,0.0,0.0,18.5,,0.0,0.0,0.0,-0.250,,-4.0,-8.6,-12.6,0.0
332,Kevin Love\loveke01,PF,33,CLE,49,1091,21.2,.594,.599,.302,5.8,29.3,17.9,15.5,0.8,1.0,9.6,26.1,,2.6,2.0,4.5,.199,,5.4,0.6,5.9,2.2
333,Kyle Lowry\lowryky01,PG,35,MIA,44,1493,14.6,.565,.590,.262,1.9,12.9,7.4,34.6,1.7,1.1,20.6,18.9,,2.1,1.8,3.9,.127,,0.6,0.6,1.2,1.2
334,Timothé Luwawu-Cabarrot\luwawti01,SF,26,ATL,35,447,9.1,.545,.680,.156,2.2,9.4,5.8,7.8,1.3,0.8,8.7,14.7,,0.3,0.1,0.4,.048,,-2.2,-1.2,-3.5,-0.2
335,Trey Lyles\lylestr01,PF,26,DET,51,990,17.0,.576,.380,.458,6.1,21.2,13.2,9.8,1.1,2.4,10.5,22.2,,1.4,0.7,2.2,.105,,0.6,-0.7,-0.1,0.5
336,Théo Maledon\maledth01,PG,20,OKC,29,404,5.6,.435,.522,.292,2.2,9.5,5.8,11.9,1.5,0.9,16.4,16.4,,-0.6,0.3,-0.2,-0.027,,-6.4,-0.2,-6.6,-0.5
337,Sandro Mamukelashvili\mamuksa01,PF,22,MIL,31,301,12.5,.550,.476,.146,9.7,10.3,10.0,7.3,1.1,2.3,10.3,13.9,,0.4,0.3,0.7,.106,,-0.3,-0.6,-0.9,0.1
338,Terance Mann\mannte01,SF,25,LAC,57,1635,12.6,.565,.326,.214,5.0,13.7,9.5,12.1,1.1,0.3,9.6,15.3,,2.0,1.5,3.6,.105,,-1.0,0.0,-1.1,0.4
339,Tre Mann\manntr01,PG,20,OKC,43,835,8.1,.471,.463,.134,1.6,9.8,5.6,7.9,1.6,1.0,9.2,20.4,,-0.9,0.8,-0.1,-0.007,,-4.7,-0.6,-5.2,-0.7
340,Boban Marjanović\marjabo01,C,33,DAL,17,98,21.2,.632,.053,.281,7.8,26.0,16.8,4.6,0.0,1.8,14.7,34.3,,0.0,0.1,0.1,.072,,-1.4,-1.1,-2.5,0.0
341,Lauri Markkanen\markkla01,PF,24,CLE,38,1148,14.2,.557,.522,.169,4.0,14.7,9.6,7.4,1.3,1.6,6.3,19.0,,1.4,1.7,3.1,.128,,0.2,0.4,0.5,0.7
342,Naji Marshall\marshna01,SF,24,NOP,31,301,10.0,.473,.417,.340,5.4,18.7,11.9,11.7,2.1,1.3,15.7,20.2,,-0.2,0.3,0.1,.011,,-4.2,-0.5,-4.8,-0.2
343,Caleb Martin\martica02,SF,26,MIA,44,1009,15.4,.599,.365,.217,6.3,13.1,9.7,7.0,2.1,2.2,9.1,16.8,,1.6,1.4,3.0,.144,,0.4,0.8,1.2,0.8
344,Cody Martin\martico01,SF,26,CHO,49,1334,12.6,.554,.369,.259,4.7,11.9,8.2,12.5,2.2,1.8,11.1,12.6,,1.5,1.0,2.5,.092,,-1.2,0.6,-0.5,0.5
345,Kelan Martin\martike03,SF,26,IND,27,444,10.0,.492,.440,.077,3.9,9.3,6.6,7.0,1.4,1.8,7.5,18.2,,0.0,0.2,0.2,.022,,-2.2,-0.9,-3.1,-0.1
346,Kenyon Martin Jr.\martike04,SF,21,HOU,52,1021,15.3,.584,.281,.254,6.6,15.6,11.1,10.7,1.1,2.3,9.5,17.0,,1.6,0.3,1.9,.088,,0.4,-1.2,-0.8,0.3
347,Garrison Mathews\mathega01,SG,25,HOU,38,1046,12.6,.626,.828,.413,2.2,11.8,7.0,5.5,1.2,1.1,6.3,15.5,,2.0,0.2,2.2,.101,,-0.1,-1.7,-1.8,0.1
348,Dakota Mathias\mathida01,SG,26,MEM,6,16,11.3,.500,1.000,.000,0.0,13.3,6.6,8.2,3.0,0.0,0.0,15.5,,0.0,0.0,0.0,.113,,-1.3,1.5,0.2,0.0
349,Wesley Matthews\matthwe02,SG,35,MIL,28,538,7.5,.548,.717,.079,3.0,7.3,5.2,4.7,1.1,0.9,7.1,11.3,,0.4,0.4,0.7,.064,,-2.9,-0.5,-3.5,-0.2
350,Tyrese Maxey\maxeyty01,PG,21,PHI,49,1745,16.2,.570,.262,.238,1.2,9.8,5.6,20.7,0.9,1.3,7.5,20.4,,3.3,1.4,4.7,.128,,1.1,-0.5,0.6,1.1
351,Skylar Mays\mayssk01,SG,24,ATL,22,202,13.5,.600,.410,.148,2.7,10.7,6.7,11.3,1.7,0.0,11.0,15.8,,0.3,0.1,0.3,.083,,-0.2,-0.7,-0.9,0.1
352,Miles McBride\mcbrimi01,PG,21,NYK,21,151,5.9,.318,.534,.069,1.4,10.1,5.7,22.5,2.7,0.7,4.8,18.3,,-0.3,0.2,-0.1,-0.029,,-6.5,0.6,-6.0,-0.2
353,Mac McClung\mccluma01,PG,23,CHI,1,3,9.0,1.000,.000,.000,0.0,0.0,0.0,0.0,0.0,0.0,50.0,29.3,,0.0,0.0,0.0,-0.248,,-6.6,-8.6,-15.2,0.0
354,CJ McCollum\mccolcj01,SG,30,TOT,38,1340,16.5,.532,.431,.103,3.0,11.1,7.0,22.4,1.4,1.5,9.5,26.7,,1.1,0.5,1.6,.058,,2.0,-1.7,0.3,0.8
354,CJ McCollum\mccolcj01,SG,30,POR,36,1267,16.4,.532,.435,.102,2.9,10.5,6.6,22.2,1.4,1.6,9.2,26.3,,1.1,0.5,1.6,.060,,2.0,-1.7,0.3,0.7
354,CJ McCollum\mccolcj01,SG,30,NOP,2,73,17.7,.540,.378,.111,5.9,21.6,13.6,26.6,0.7,0.0,14.5,32.7,,0.0,0.0,0.0,.021,,2.3,-2.2,0.1,0.0
355,T.J. McConnell\mccontj01,PG,29,IND,24,581,15.6,.536,.138,.083,3.6,11.7,7.6,29.1,2.1,1.3,13.0,16.0,,0.9,0.4,1.3,.108,,-0.1,1.5,1.4,0.5
356,Jaden McDaniels\mcdanja02,PF,21,MIN,54,1402,9.5,.529,.447,.113,4.5,13.0,8.6,6.1,1.4,2.5,11.2,14.7,,0.5,1.2,1.6,.055,,-3.3,-0.3,-3.6,-0.6
357,Jalen McDaniels\mcdanja01,SF,24,CHO,39,685,12.6,.592,.437,.234,4.3,16.9,10.4,8.6,1.4,2.2,12.1,15.2,,0.7,0.5,1.2,.084,,-1.9,-0.4,-2.3,-0.1
358,Doug McDermott\mcderdo01,PF,30,SAS,41,1002,11.9,.596,.557,.077,1.6,9.1,5.3,6.8,0.5,0.3,7.6,18.4,,1.1,0.3,1.4,.067,,0.0,-2.2,-2.3,-0.1
359,JaVale McGee\mcgeeja01,C,34,PHO,50,811,24.7,.671,.018,.315,16.1,29.5,23.0,6.4,1.1,5.3,16.0,23.6,,2.1,1.8,3.9,.229,,1.2,1.1,2.3,0.9
360,Cameron McGriff\mcgrica01,SF,24,POR,3,46,12.8,.470,.429,.143,14.0,21.9,17.9,9.3,0.0,2.1,0.0,14.1,,0.1,0.0,0.1,.113,,-0.6,-3.1,-3.6,0.0
361,Rodney McGruder\mcgruro01,SG,30,DET,31,426,11.2,.584,.602,.119,4.0,11.2,7.4,9.0,1.4,0.6,9.5,13.8,,0.4,0.2,0.6,.069,,-1.1,-1.0,-2.1,0.0
362,Alfonzo McKinnie\mckinal01,SF,29,CHI,17,206,5.8,.457,.443,.131,7.1,10.7,8.9,3.2,0.5,1.3,9.8,15.3,,-0.1,0.1,0.0,-0.008,,-5.3,-3.5,-8.8,-0.4
363,JaQuori McLaughlin\mclauja01,PG,24,DAL,4,11,-2.9,.000,.500,.000,0.0,0.0,0.0,22.5,0.0,0.0,0.0,8.1,,0.0,0.0,0.0,-0.097,,-9.3,-4.2,-13.6,0.0
364,Jordan McLaughlin\mclaujo01,PG,25,MIN,39,482,13.1,.468,.372,.239,1.9,9.6,5.6,30.0,2.9,0.6,13.8,12.6,,0.6,0.5,1.0,.103,,-1.8,0.8,-1.1,0.1
365,Ben McLemore\mclembe01,SG,28,POR,40,745,11.5,.564,.802,.110,1.6,7.8,4.6,6.9,1.1,0.7,7.5,20.4,,0.6,0.1,0.7,.044,,-0.2,-2.5,-2.7,-0.1
366,De'Anthony Melton\meltode01,SG,23,MEM,49,1116,14.8,.494,.511,.164,4.7,16.5,10.5,16.4,3.4,2.2,12.5,20.7,,0.3,1.9,2.2,.095,,-0.2,1.8,1.6,1.0
367,Sam Merrill\merrisa01,SG,25,MEM,6,58,7.8,.485,.958,.167,1.8,11.0,6.3,9.2,0.0,0.0,7.2,19.8,,0.0,0.0,0.0,.028,,-2.0,-3.7,-5.7,-0.1
368,Chimezie Metu\metuch01,C,24,SAC,40,895,13.2,.524,.426,.183,3.0,25.9,14.4,7.5,1.9,2.2,10.5,18.3,,0.0,0.9,1.0,.051,,-1.3,0.0,-1.3,0.2
369,Khris Middleton\middlkh01,SF,30,MIL,45,1434,18.4,.577,.418,.291,2.2,15.6,9.0,25.5,1.9,0.9,15.1,26.8,,2.1,1.6,3.8,.126,,1.8,-0.1,1.6,1.3
370,C.J. Miles\milescj01,SG,34,BOS,1,2,-7.8,,,,0.0,0.0,0.0,0.0,0.0,0.0,,0.0,,0.0,0.0,0.0,.029,,-16.3,-0.2,-16.5,0.0
371,Patty Mills\millspa02,PG,33,BRK,55,1704,12.5,.589,.694,.071,0.8,6.7,3.8,11.8,1.1,0.8,7.7,17.2,,2.3,0.6,2.9,.082,,0.9,-1.5,-0.6,0.6
372,Paul Millsap\millspa01,PF,36,BRK,24,270,11.4,.443,.318,.200,11.8,23.4,17.7,12.0,0.9,3.6,10.6,16.6,,0.1,0.3,0.4,.068,,-3.4,0.2,-3.1,-0.1
373,Shake Milton\miltosh01,PG,25,PHI,29,714,12.0,.507,.302,.187,2.2,11.3,6.8,17.4,1.4,1.4,11.0,20.6,,0.1,0.7,0.8,.051,,-2.1,-0.4,-2.5,-0.1
374,Davion Mitchell\mitchda01,PG,23,SAC,52,1350,10.7,.479,.413,.079,2.4,7.5,4.9,20.0,1.3,1.0,9.9,19.8,,0.0,0.3,0.2,.009,,-1.8,-1.6,-3.5,-0.5
375,Donovan Mitchell\mitchdo01,SG,25,UTA,44,1466,22.2,.571,.465,.212,3.2,10.3,6.9,27.1,2.4,0.7,11.8,32.9,,3.1,1.7,4.8,.158,,4.5,0.0,4.4,2.4
376,Evan Mobley\mobleev01,PF,20,CLE,49,1667,15.6,.546,.113,.298,6.1,19.1,12.8,11.5,1.1,4.3,12.7,20.0,,1.0,3.0,4.0,.116,,-1.0,1.7,0.8,1.2
377,Malik Monk\monkma01,SG,23,LAL,51,1378,14.5,.602,.557,.150,1.7,11.1,6.4,13.6,1.3,1.3,11.5,19.3,,1.7,1.0,2.7,.095,,0.6,-0.8,-0.3,0.6
378,Greg Monroe\monrogr01,C,31,TOT,9,139,19.2,.550,.000,.286,16.3,21.7,18.8,14.5,2.1,4.1,14.5,17.0,,0.2,0.2,0.5,.158,,-0.7,0.5,-0.2,0.1
378,Greg Monroe\monrogr01,C,31,MIN,3,63,18.8,.617,.000,.357,8.2,28.0,17.7,24.6,1.5,6.2,19.8,13.4,,0.1,0.1,0.2,.175,,0.0,4.4,4.4,0.1
378,Greg Monroe\monrogr01,C,31,WAS,2,18,25.6,.500,.000,.000,43.1,17.8,30.3,9.2,2.8,4.6,20.0,24.7,,0.0,0.0,0.1,.143,,0.0,-4.2,-4.2,0.0
378,Greg Monroe\monrogr01,C,31,MIL,4,58,17.6,.520,.000,.350,16.7,16.0,16.4,5.1,2.5,1.7,8.0,18.6,,0.1,0.1,0.2,.145,,-1.6,-2.3,-3.9,0.0
379,Moses Moody\moodymo01,SG,19,GSW,33,309,8.2,.507,.608,.175,2.6,12.8,7.9,5.0,0.5,1.5,6.3,15.7,,0.1,0.4,0.4,.069,,-3.3,-1.3,-4.6,-0.2
380,Xavier Moon\moonxa01,SG,27,LAC,6,83,12.6,.467,.294,.088,1.3,9.9,5.7,18.6,2.9,1.0,7.8,20.2,,0.0,0.1,0.1,.045,,-3.5,0.7,-2.9,0.0
381,Matt Mooney\moonema01,SG,24,NYK,1,2,-20.2,.000,1.000,.000,0.0,0.0,0.0,0.0,25.1,0.0,50.0,44.0,,-0.1,0.0,0.0,-0.922,,-33.8,11.3,-22.6,0.0
382,Ja Morant\moranja01,PG,22,MEM,45,1489,24.6,.571,.223,.327,4.3,14.5,9.3,34.8,1.8,1.0,13.0,33.2,,3.7,1.6,5.3,.170,,5.9,-0.2,5.7,2.9
383,Juwan Morgan\morgaju01,PF,24,TOR,1,27,9.6,.833,.667,.000,7.7,8.5,8.1,4.9,0.0,0.0,0.0,4.8,,0.1,0.0,0.1,.133,,-2.9,-4.4,-7.4,0.0
384,Jaylen Morris\morrija01,SG,26,SAS,3,16,-11.5,.129,.333,.667,0.0,13.2,6.5,13.9,0.0,0.0,11.4,23.2,,-0.1,0.0,-0.1,-0.376,,-15.6,-5.8,-21.4,-0.1
385,Marcus Morris\morrima03,PF,32,LAC,33,995,13.8,.545,.402,.202,2.1,14.7,8.6,11.7,0.9,0.8,8.1,23.0,,0.7,0.9,1.6,.077,,0.0,-1.1,-1.1,0.2
386,Markieff Morris\morrima02,PF,32,MIA,10,187,10.5,.533,.314,.071,7.9,9.0,8.4,11.6,0.8,0.6,14.3,20.0,,0.1,0.2,0.2,.056,,-1.5,-0.2,-1.7,0.0
387,Monte Morris\morrimo01,PG,26,DEN,51,1529,14.4,.564,.401,.093,1.4,9.3,5.5,21.1,1.1,0.5,8.5,18.1,,2.4,1.0,3.4,.106,,0.4,-0.9,-0.5,0.6
388,Emmanuel Mudiay\mudiaem01,PG,25,SAC,2,11,12.7,.399,.000,2.000,0.0,0.0,0.0,43.1,4.4,0.0,21.0,18.5,,0.0,0.0,0.0,.029,,-2.4,1.3,-1.0,0.0
389,Mychal Mulder\muldemy01,PG,27,ORL,15,195,2.3,.405,.687,.030,1.1,10.4,5.7,2.2,1.0,0.5,10.5,16.9,,-0.5,0.1,-0.4,-0.095,,-6.7,-1.9,-8.5,-0.3
390,Ade Murkey\murkead01,SG,24,SAC,1,1,0.0,,,,0.0,0.0,0.0,0.0,0.0,0.0,,0.0,,0.0,0.0,0.0,-0.023,,-7.1,-2.5,-9.5,0.0
391,Trey Murphy III\murphtr02,SF,21,NOP,40,514,9.3,.499,.723,.189,5.9,12.9,9.3,5.5,1.2,1.1,7.0,14.5,,0.3,0.3,0.6,.053,,-1.8,-1.5,-3.3,-0.2
392,Dejounte Murray\murrade01,PG,25,SAS,50,1719,22.5,.520,.229,.157,3.9,21.8,12.8,41.2,2.9,0.8,11.3,26.7,,3.1,2.4,5.5,.154,,3.6,1.8,5.4,3.2
393,Mike Muscala\muscami01,C,30,OKC,43,592,20.2,.630,.657,.230,3.5,18.9,11.1,6.4,1.5,4.1,4.9,21.0,,1.5,0.9,2.3,.190,,3.9,1.2,5.1,1.1
394,Svi Mykhailiuk\mykhasv01,SF,24,TOR,42,649,10.3,.520,.551,.156,3.2,11.8,7.3,8.7,1.8,0.6,11.3,16.3,,0.3,0.5,0.8,.059,,-2.0,-0.3,-2.4,-0.1
395,Abdel Nader\naderab01,SF,28,PHO,14,145,5.0,.431,.400,.286,3.0,16.4,9.9,5.9,2.7,2.4,21.8,15.0,,-0.3,0.3,0.0,-0.003,,-7.0,2.0,-4.9,-0.1
396,Larry Nance Jr.\nancela02,PF,29,POR,37,858,14.7,.581,.313,.247,7.3,19.7,13.4,12.3,2.2,1.5,11.0,12.5,,1.4,0.7,2.1,.119,,0.0,0.6,0.6,0.6
397,RJ Nembhard Jr.\nembhrj01,SG,22,CLE,7,44,8.7,.463,.091,.182,0.0,4.8,2.5,32.0,0.0,0.0,14.4,13.9,,0.0,0.0,0.1,.059,,-4.0,-1.8,-5.8,0.0
398,Aaron Nesmith\nesmiaa01,SF,22,BOS,39,398,4.8,.445,.631,.123,2.7,14.3,8.5,4.3,1.5,0.5,13.3,17.4,,-0.6,0.6,0.0,-0.006,,-6.4,0.1,-6.3,-0.4
399,Raul Neto\netora01,PG,29,WAS,46,914,10.7,.517,.275,.255,1.0,9.4,5.2,19.7,1.7,0.1,14.5,19.1,,0.0,0.5,0.4,.022,,-3.5,-0.8,-4.3,-0.5
400,Malik Newman\newmama01,PG,24,CLE,1,8,29.1,.680,.200,.400,0.0,13.1,6.8,27.9,0.0,0.0,14.5,37.9,,0.0,0.0,0.0,.203,,6.7,0.1,6.8,0.0
401,Georges Niang\niangge01,PF,28,PHI,52,1201,10.8,.578,.636,.113,1.8,10.7,6.3,9.9,0.9,0.7,9.5,17.3,,1.0,0.9,1.9,.077,,-1.2,-1.1,-2.3,-0.1
402,Daishen Nix\nixda01,SG,19,HOU,8,67,17.4,.704,.350,.150,1.6,14.8,8.2,24.5,5.0,0.0,29.7,19.2,,0.0,0.1,0.1,.069,,-0.9,2.2,1.3,0.1
403,Zeke Nnaji\nnajize01,PF,21,DEN,39,651,14.8,.652,.432,.352,9.6,14.9,12.3,3.3,0.9,1.8,9.4,15.2,,1.4,0.6,1.9,.143,,0.0,-1.8,-1.8,0.0
404,Nerlens Noel\noelne01,C,27,NYK,25,562,12.0,.581,.050,.500,9.0,18.0,13.4,5.7,2.7,5.5,21.5,7.3,,0.5,1.0,1.5,.125,,-2.9,3.0,0.1,0.3
405,Jaylen Nowell\nowelja01,SG,22,MIN,40,603,17.3,.557,.365,.209,2.6,11.9,7.1,21.4,1.8,1.0,6.8,21.4,,1.3,0.5,1.8,.140,,1.1,-0.2,0.9,0.4
406,Frank Ntilikina\ntilila01,PG,23,DAL,46,586,9.5,.499,.521,.128,1.3,10.6,5.9,13.1,2.1,0.9,11.6,17.2,,-0.1,0.8,0.7,.057,,-3.5,0.9,-2.6,-0.1
407,Jusuf Nurkić\nurkiju01,C,27,POR,54,1514,20.0,.581,.092,.441,11.2,32.4,21.6,16.1,1.9,2.1,17.0,23.5,,2.1,1.8,3.9,.122,,0.0,0.2,0.2,0.8
408,David Nwaba\nwabada01,SF,29,HOU,35,485,15.6,.549,.253,.363,7.0,23.2,15.1,8.4,2.2,3.4,9.1,16.3,,0.6,0.4,1.0,.099,,-0.7,-0.1,-0.8,0.2
409,Jordan Nwora\nworajo01,SF,23,MIL,43,820,10.6,.503,.506,.064,3.8,16.5,10.3,7.6,1.2,1.6,10.9,19.7,,-0.3,0.9,0.6,.034,,-2.3,-1.1,-3.4,-0.3
410,Royce O'Neale\onealro01,SF,28,UTA,52,1634,11.6,.643,.674,.146,2.8,13.6,8.4,10.6,2.0,1.3,12.8,9.4,,2.5,2.0,4.5,.133,,-0.1,2.1,2.0,1.7
411,Semi Ojeleye\ojelese01,PF,27,MIL,20,308,5.1,.376,.586,.186,8.7,11.1,9.9,2.1,0.8,1.6,6.2,11.3,,-0.1,0.2,0.1,.016,,-4.8,-1.9,-6.6,-0.4
412,Chuma Okeke\okekech01,PF,23,ORL,47,1110,12.3,.501,.598,.117,3.0,18.1,10.5,9.6,2.8,2.1,9.0,16.5,,-0.1,1.4,1.3,.056,,-1.6,1.4,-0.2,0.5
413,Josh Okogie\okogijo01,SG,23,MIN,33,408,7.3,.466,.480,.493,6.3,9.4,7.8,5.6,2.0,2.4,15.7,11.1,,-0.1,0.3,0.3,.034,,-4.2,0.4,-3.8,-0.2
414,Onyeka Okongwu\okongon01,C,21,ATL,24,522,19.3,.730,.000,.453,11.1,16.8,14.0,7.5,1.6,5.9,16.6,14.1,,1.5,0.5,2.0,.183,,-0.4,1.0,0.6,0.3
415,Isaac Okoro\okorois01,SF,21,CLE,42,1213,10.2,.568,.383,.341,4.1,7.7,6.0,8.8,1.4,1.0,11.4,13.7,,1.2,1.4,2.6,.105,,-2.6,0.9,-1.7,0.1
416,KZ Okpala\okpalkz01,PF,22,MIA,21,244,10.6,.521,.377,.159,5.1,13.7,9.5,8.3,0.8,3.1,6.3,14.3,,0.2,0.3,0.5,.101,,-2.9,0.2,-2.7,0.0
417,Cameron Oliver\oliveca01,SF,25,ATL,2,43,21.8,.705,.200,.200,5.1,10.1,7.6,11.2,1.1,2.1,0.0,16.6,,0.2,0.0,0.2,.220,,2.5,-0.6,1.9,0.0
418,Kelly Olynyk\olynyke01,C,30,DET,19,389,14.9,.491,.406,.288,7.6,18.7,12.8,24.0,2.0,2.3,13.5,24.3,,0.0,0.4,0.3,.041,,-0.7,0.5,-0.2,0.2
419,Eugene Omoruyi\omorueu01,SF,24,DAL,4,18,17.2,.518,.400,.800,12.1,30.8,21.3,15.9,0.0,0.0,0.0,16.8,,0.1,0.0,0.1,.207,,3.5,0.7,4.2,0.0
420,Miye Oni\onimi01,SG,24,UTA,16,44,0.5,.265,.889,.111,2.6,14.2,8.7,14.2,0.0,0.0,9.6,10.3,,-0.1,0.0,0.0,-0.031,,-7.4,-0.4,-7.8,-0.1
421,Cedi Osman\osmande01,SF,26,CLE,45,1043,13.1,.547,.621,.209,1.9,8.7,5.4,13.1,1.9,0.7,8.4,20.7,,0.9,1.4,2.3,.106,,-0.3,0.9,0.6,0.7
422,Daniel Oturu\oturuda01,C,22,TOR,3,27,13.6,.549,.167,.833,3.8,16.9,10.1,0.0,0.0,7.2,0.0,13.0,,0.0,0.0,0.1,.117,,-2.5,-2.8,-5.3,0.0
423,Kelly Oubre Jr.\oubreke01,SF,26,CHO,52,1475,15.3,.559,.589,.186,4.1,11.4,7.6,6.1,1.9,1.3,6.4,23.2,,1.5,0.9,2.4,.078,,0.4,-1.8,-1.4,0.2
424,Jaysean Paige\paigeja01,PG,27,DET,1,7,-22.2,.000,.667,.000,0.0,16.3,7.7,18.5,0.0,0.0,25.0,24.4,,-0.1,0.0,-0.1,-0.583,,-25.1,-6.6,-31.7,0.0
425,Trayvon Palmer\palmetr01,SG,27,DET,1,17,-5.7,.000,.000,.000,0.0,13.4,6.3,0.0,0.0,0.0,50.0,5.0,,-0.1,0.0,0.0,-0.140,,-13.3,-2.2,-15.5,-0.1
426,Kevin Pangos\pangoke01,PG,29,CLE,24,166,6.7,.408,.565,.087,1.4,5.7,3.6,24.7,0.9,0.0,12.8,14.5,,0.0,0.2,0.1,.032,,-4.5,-1.3,-5.9,-0.2
427,Jabari Parker\parkeja01,PF,26,BOS,12,112,15.2,.632,.421,.237,4.8,21.6,13.3,8.2,1.8,0.8,16.0,19.6,,0.1,0.2,0.3,.146,,-0.4,0.9,0.5,0.1
428,Eric Paschall\pascher01,PF,25,UTA,42,556,13.3,.614,.509,.368,5.1,11.6,8.5,6.2,0.5,0.6,11.2,17.5,,1.0,0.4,1.4,.118,,0.1,-1.2,-1.1,0.1
429,Chris Paul\paulch01,PG,36,PHO,56,1861,21.1,.577,.272,.275,0.9,13.2,7.2,44.2,2.7,0.9,15.4,19.9,,5.3,3.2,8.5,.219,,3.1,2.2,5.3,3.4
430,Cameron Payne\payneca01,PG,27,PHO,40,815,12.8,.498,.343,.169,2.1,11.9,7.2,25.1,1.4,1.3,14.5,26.0,,-0.2,1.1,0.9,.051,,-1.0,0.1,-0.9,0.2
431,Elfrid Payton\paytoel01,PG,27,PHO,36,428,8.9,.412,.102,.204,4.8,13.1,9.1,23.6,2.1,0.8,19.4,18.7,,-0.6,0.7,0.1,.009,,-4.0,1.2,-2.9,-0.1
432,Gary Payton II\paytoga02,PG,29,GSW,54,892,19.0,.683,.361,.185,6.8,16.1,11.7,7.4,3.9,1.8,8.8,14.4,,2.1,2.0,4.1,.221,,1.0,3.6,4.6,1.5
433,Norvel Pelle\pelleno01,C,28,UTA,3,19,12.4,.600,.000,.000,17.9,16.5,17.2,0.0,0.0,4.5,28.6,16.0,,0.0,0.0,0.0,.043,,-2.7,-4.2,-6.9,0.0
434,Reggie Perry\perryre01,PF,21,TOT,3,51,7.9,.597,.200,.200,4.2,13.2,8.6,5.5,1.0,0.0,8.4,10.1,,0.1,0.0,0.1,.072,,-5.0,-1.8,-6.8,-0.1
434,Reggie Perry\perryre01,PF,21,POR,2,41,8.8,.557,.222,.222,5.2,13.7,9.4,6.9,1.2,0.0,9.2,11.6,,0.0,0.0,0.1,.069,,-4.3,-2.0,-6.4,0.0
434,Reggie Perry\perryre01,PF,21,IND,1,10,4.4,1.000,.000,.000,0.0,11.2,5.5,0.0,0.0,0.0,0.0,4.3,,0.0,0.0,0.0,.087,,-7.5,-0.9,-8.4,0.0
435,Jamorko Pickett\pickeja01,PF,24,DET,6,47,-4.2,.150,.700,.000,4.3,17.0,10.3,2.8,0.0,1.9,23.1,11.8,,-0.2,0.0,-0.2,-0.195,,-9.4,-4.2,-13.6,-0.1
436,Theo Pinson\pinsoth01,SF,26,DAL,16,120,8.2,.415,.781,.125,0.9,16.6,8.7,14.7,1.7,1.5,5.6,13.3,,0.0,0.2,0.2,.062,,-3.4,1.2,-2.2,0.0
437,Mason Plumlee\plumlma01,C,31,CHO,49,1249,14.4,.591,.009,.463,10.2,22.6,16.2,15.4,1.8,2.4,19.3,11.5,,1.8,1.3,3.1,.119,,-1.6,1.3,-0.3,0.5
438,Jakob Poeltl\poeltja01,C,26,SAS,47,1352,20.9,.603,.002,.285,14.0,18.8,16.4,13.7,1.3,5.2,12.6,18.1,,3.0,1.7,4.8,.169,,1.0,0.8,1.8,1.3
439,Aleksej Pokusevski\pokusal01,PF,20,OKC,40,646,10.2,.464,.454,.070,6.0,20.7,13.2,11.0,1.7,3.3,17.0,18.9,,-0.9,1.0,0.0,.002,,-4.0,0.7,-3.2,-0.2
440,Yves Pons\ponsyv01,SF,22,MEM,7,22,4.1,.387,.333,.667,9.4,14.6,11.9,0.0,0.0,0.0,0.0,7.3,,0.0,0.0,0.0,.027,,-4.1,-2.6,-6.6,0.0
441,Jordan Poole\poolejo01,SG,22,GSW,51,1481,14.4,.581,.550,.249,1.8,9.4,5.7,18.5,1.3,1.0,14.0,24.7,,1.5,2.0,3.5,.113,,-0.1,-0.3,-0.5,0.6
442,Kevin Porter Jr.\porteke02,PG,21,HOU,38,1143,12.0,.521,.507,.268,2.6,11.9,7.2,31.7,1.9,0.8,21.2,23.8,,-0.5,0.3,-0.2,-0.007,,-1.0,-1.9,-2.9,-0.3
443,Michael Porter Jr.\portemi01,SF,23,DEN,9,265,7.8,.416,.466,.087,3.9,20.5,12.4,9.1,1.9,0.7,10.1,19.8,,-0.5,0.3,-0.1,-0.027,,-3.8,0.4,-3.4,-0.1
444,Otto Porter Jr.\porteot01,PF,28,GSW,46,996,16.4,.593,.565,.106,5.2,20.0,12.9,10.6,2.5,2.1,6.6,15.2,,1.7,2.1,3.8,.183,,1.5,2.6,4.1,1.5
445,Bobby Portis\portibo01,C,26,MIL,48,1380,18.7,.586,.378,.146,9.7,23.3,16.6,6.9,1.2,2.9,10.1,21.9,,2.3,1.9,4.2,.148,,1.5,-0.9,0.6,0.9
446,Kristaps Porziņģis\porzikr01,PF,26,DAL,34,1002,22.1,.561,.341,.335,6.9,21.8,14.3,11.9,1.3,5.3,8.3,28.4,,1.7,1.9,3.6,.173,,2.5,0.8,3.2,1.3
447,Micah Potter\pottemi01,C,23,DET,3,31,13.8,.505,.182,.182,13.1,18.4,15.6,0.0,1.6,2.9,7.8,17.8,,0.0,0.0,0.0,.070,,-4.0,-3.2,-7.3,0.0
448,Dwight Powell\poweldw01,C,30,DAL,57,1164,16.7,.705,.128,.506,10.7,13.1,11.9,8.0,1.2,1.9,12.9,13.1,,3.4,1.5,4.9,.204,,-0.2,0.8,0.6,0.8
449,Myles Powell\powelmy01,PG,24,PHI,11,52,0.4,.364,.353,.118,2.2,10.5,6.4,8.0,1.0,0.0,14.4,18.1,,-0.2,0.0,-0.1,-0.105,,-10.3,-2.3,-12.6,-0.1
450,Norman Powell\powelno01,SF-SG,28,TOT,43,1413,16.3,.595,.416,.373,1.5,9.5,5.4,10.8,1.5,1.3,9.0,23.1,,2.5,0.5,3.0,.102,,1.1,-1.6,-0.5,0.5
450,Norman Powell\powelno01,SF,28,POR,40,1333,15.8,.593,.423,.365,1.4,9.6,5.4,9.9,1.5,1.2,9.0,22.6,,2.1,0.5,2.6,.094,,0.8,-1.6,-0.8,0.4
450,Norman Powell\powelno01,SG,28,LAC,3,80,25.2,.620,.333,.476,4.1,7.7,5.9,26.4,1.2,2.1,9.0,30.6,,0.3,0.1,0.4,.227,,6.1,-1.0,5.1,0.1
451,Joshua Primo\primojo01,SG,19,SAS,28,443,8.6,.500,.530,.172,4.2,6.7,5.4,11.5,1.1,2.8,16.3,16.5,,-0.2,0.3,0.1,.012,,-2.6,-1.2,-3.8,-0.2
452,Taurean Prince\princta02,PF,27,MIN,45,698,11.5,.595,.611,.182,2.7,13.7,8.0,7.8,1.8,1.4,12.4,15.0,,0.6,0.6,1.3,.086,,-1.3,-0.1,-1.4,0.1
453,Payton Pritchard\pritcpa01,SG,24,BOS,47,570,10.6,.502,.603,.065,2.5,11.1,6.8,20.1,0.8,0.6,11.6,19.2,,0.2,0.6,0.9,.073,,-1.3,-0.7,-2.1,0.0
454,Trevelin Queen\queentr01,SG,24,HOU,8,69,15.5,.610,.759,.103,8.0,14.4,11.2,7.1,3.4,0.0,18.8,22.9,,0.0,0.1,0.1,.045,,0.4,-0.9,-0.4,0.0
455,Neemias Queta\quetane01,C,22,SAC,10,56,12.9,.417,.000,.217,21.1,15.5,18.3,10.5,0.9,6.1,13.7,22.3,,0.0,0.0,0.0,.009,,-5.0,-1.3,-6.3,-0.1
456,Immanuel Quickley\quickim01,PG,22,NYK,53,1135,11.4,.508,.571,.208,1.6,10.0,5.7,21.6,1.4,0.3,11.7,21.5,,0.6,0.8,1.4,.061,,-1.7,-0.8,-2.4,-0.1
457,Jahmi'us Ramsey\ramseja01,SG,20,SAC,19,134,8.2,.468,.310,.241,3.2,7.3,5.2,7.9,0.4,0.6,7.2,22.1,,-0.1,0.0,-0.1,-0.042,,-3.2,-3.6,-6.9,-0.2
458,Julius Randle\randlju01,PF,27,NYK,55,1952,16.3,.514,.317,.304,5.6,25.4,15.3,25.2,1.1,1.6,15.5,27.7,,0.3,2.4,2.7,.067,,0.6,0.1,0.7,1.3
459,Austin Reaves\reaveau01,SG,23,LAL,38,803,10.4,.626,.562,.327,2.9,10.0,6.5,8.0,0.7,1.1,9.7,11.0,,1.2,0.4,1.6,.097,,-1.8,-0.8,-2.6,-0.1
460,Cam Reddish\reddica01,SF,22,TOT,41,881,13.1,.537,.449,.268,2.6,8.7,5.7,6.9,2.2,1.4,10.8,23.0,,0.2,0.5,0.7,.038,,-0.9,-0.7,-1.6,0.1
460,Cam Reddish\reddica01,SF,22,ATL,34,797,13.1,.537,.446,.233,2.8,8.7,5.7,7.0,2.2,1.3,10.4,23.2,,0.2,0.4,0.6,.035,,-0.7,-0.9,-1.6,0.1
460,Cam Reddish\reddica01,SF,22,NYK,7,84,12.8,.537,.481,.704,1.3,9.1,5.1,5.3,3.0,2.4,14.5,21.7,,0.0,0.1,0.1,.064,,-2.8,0.7,-2.1,0.0
461,Davon Reed\reedda01,SG,26,DEN,29,399,12.0,.602,.558,.053,2.9,17.2,10.2,9.9,2.1,0.7,7.6,11.7,,0.5,0.5,1.0,.121,,-1.0,1.0,0.0,0.2
462,Paul Reed\reedpa01,C,22,PHI,23,213,14.7,.447,.069,.138,15.3,16.4,15.9,6.7,4.0,5.0,11.5,14.7,,0.1,0.5,0.5,.115,,-3.7,1.7,-2.0,0.0
463,Naz Reid\reidna01,C,22,MIN,54,864,16.7,.562,.344,.318,9.2,16.6,12.7,8.0,1.3,6.3,12.4,21.8,,1.0,1.0,2.0,.110,,-0.7,0.0,-0.7,0.3
464,Nick Richards\richani01,C,24,CHO,41,344,16.5,.707,.000,.506,8.9,15.7,12.2,5.3,1.2,5.2,17.5,14.7,,0.7,0.3,1.0,.140,,-2.1,0.0,-2.2,0.0
465,Josh Richardson\richajo01,SG,28,BOS,44,1087,12.5,.570,.455,.207,2.6,9.6,6.1,9.0,1.6,1.9,9.4,16.7,,1.2,1.5,2.7,.118,,-1.0,1.0,0.0,0.6
466,Austin Rivers\riverau01,SG,29,DEN,42,879,7.4,.536,.656,.119,1.9,6.8,4.4,7.2,1.6,0.4,12.5,13.7,,0.0,0.6,0.6,.032,,-3.4,-0.5,-3.9,-0.4
467,Duncan Robinson\robindu01,SG,27,MIA,54,1474,10.7,.562,.839,.083,1.5,10.8,6.2,8.4,1.2,0.8,7.9,18.3,,1.2,1.5,2.7,.089,,-0.4,-0.3,-0.7,0.5
468,Justin Robinson\robinju01,PG,24,TOT,25,304,3.8,.404,.656,.086,1.4,6.0,3.7,14.3,1.4,0.3,15.0,16.0,,-0.5,0.2,-0.3,-0.052,,-6.3,-1.4,-7.8,-0.4
468,Justin Robinson\robinju01,PG,24,MIL,17,198,4.5,.415,.649,.035,1.1,5.7,3.5,14.0,2.0,0.0,16.0,14.9,,-0.3,0.2,-0.1,-0.024,,-6.2,-0.5,-6.6,-0.2
468,Justin Robinson\robinju01,PG,24,SAC,3,15,-13.4,.125,.375,.000,0.0,7.2,3.6,17.2,0.0,0.0,11.1,25.6,,-0.1,0.0,-0.1,-0.453,,-18.1,-7.9,-26.0,-0.1
468,Justin Robinson\robinju01,PG,24,DET,5,91,5.1,.457,.750,.214,2.2,6.3,4.1,14.7,0.5,1.0,14.0,16.7,,-0.1,0.0,-0.1,-0.046,,-4.7,-2.5,-7.2,-0.1
469,Mitchell Robinson\robinmi01,C,23,NYK,51,1285,20.5,.734,.000,.536,15.9,20.8,18.3,2.8,1.1,6.3,11.5,11.3,,4.0,1.9,5.9,.219,,1.0,0.6,1.6,1.2
470,Jeremiah Robinson-Earl\robinje02,C,21,OKC,44,1014,11.0,.506,.514,.144,7.0,18.7,12.7,6.6,1.3,1.4,10.1,14.8,,0.3,1.2,1.4,.068,,-2.4,-0.2,-2.5,-0.1
471,Isaiah Roby\robyis01,PF,23,OKC,20,282,16.7,.630,.287,.223,7.8,15.0,11.4,8.4,1.6,3.0,14.8,18.6,,0.4,0.4,0.7,.125,,-0.6,0.4,-0.1,0.1
472,Rajon Rondo\rondora01,PG,35,TOT,30,549,10.2,.474,.476,.143,2.6,14.9,8.9,30.9,2.2,0.8,26.4,16.8,,-0.3,0.7,0.4,.037,,-3.0,1.1,-2.0,0.0
472,Rajon Rondo\rondora01,PG,35,LAL,18,289,6.7,.383,.423,.028,3.7,14.2,9.0,30.1,2.0,1.6,32.1,15.8,,-0.6,0.3,-0.3,-0.044,,-4.7,0.3,-4.4,-0.2
472,Rajon Rondo\rondora01,PG,35,CLE,12,260,14.1,.551,.526,.250,1.3,15.8,8.8,31.7,2.5,0.0,20.7,18.0,,0.2,0.4,0.7,.127,,-1.1,1.9,0.8,0.2
473,Derrick Rose\rosede01,PG,33,NYK,26,636,17.4,.541,.336,.113,3.5,9.8,6.6,27.8,1.7,1.9,11.9,22.6,,0.9,0.6,1.5,.110,,2.5,-0.3,2.1,0.7
474,Terrence Ross\rosste01,SG,30,ORL,49,1197,11.0,.532,.469,.244,1.3,9.9,5.6,13.1,1.0,0.9,11.8,20.7,,0.0,0.5,0.5,.020,,-1.8,-1.3,-3.0,-0.3
475,Terry Rozier\roziete01,SG,27,CHO,49,1644,16.9,.551,.520,.154,2.4,11.6,6.9,19.0,1.6,1.0,7.2,23.2,,2.5,0.9,3.4,.099,,2.3,-0.9,1.3,1.4
476,Ricky Rubio\rubiori01,PG,31,CLE,34,970,14.3,.488,.423,.251,1.7,13.7,7.9,34.6,2.5,0.6,16.5,24.8,,0.1,1.6,1.7,.084,,-0.8,1.2,0.4,0.6
477,D'Angelo Russell\russeda01,PG,25,MIN,43,1379,17.4,.547,.531,.223,1.1,10.8,5.8,33.3,1.4,1.4,12.9,26.1,,2.3,0.9,3.2,.111,,3.0,-1.2,1.8,1.3
478,Domantas Sabonis\sabondo01,C-PF,25,TOT,49,1698,22.8,.648,.182,.439,10.4,28.3,19.3,23.2,1.4,1.1,17.3,21.9,,4.9,1.6,6.5,.185,,3.8,0.9,4.7,2.8
478,Domantas Sabonis\sabondo01,C,25,IND,47,1632,22.8,.649,.189,.452,10.4,28.2,19.2,22.8,1.4,1.2,17.3,21.8,,4.7,1.6,6.3,.185,,3.9,0.9,4.8,2.8
478,Domantas Sabonis\sabondo01,PF,25,SAC,2,66,22.6,.629,.036,.179,9.7,31.1,20.4,31.0,0.7,0.0,16.6,23.4,,0.2,0.0,0.2,.167,,1.3,0.0,1.3,0.1
479,Olivier Sarr\sarrol01,C,22,OKC,2,14,15.0,.515,.333,.667,0.0,37.0,18.1,0.0,0.0,13.3,0.0,12.0,,0.0,0.0,0.0,.150,,-3.3,3.2,-0.1,0.0
480,Tomáš Satoranský\satorto01,SG,30,NOP,32,481,6.7,.373,.290,.234,4.0,10.8,7.3,21.5,1.4,0.2,16.3,12.7,,-0.3,0.2,-0.1,-0.007,,-5.0,-0.8,-5.7,-0.5
481,Jordan Schakel\schakjo01,SG,23,WAS,2,14,-10.6,.000,.500,.000,15.8,7.6,11.7,0.0,0.0,0.0,0.0,19.0,,-0.1,0.0,-0.1,-0.390,,-12.0,-8.5,-20.5,-0.1
482,Admiral Schofield\schofad01,SF,24,ORL,22,246,8.0,.572,.593,.085,2.6,16.5,9.5,9.1,0.4,1.5,15.2,12.7,,0.0,0.1,0.2,.034,,-3.8,-0.8,-4.7,-0.2
483,Dennis Schröder\schrode01,SG,28,BOS,49,1433,13.9,.543,.329,.248,2.1,10.0,6.1,23.0,1.4,0.3,13.8,23.0,,1.2,1.8,2.9,.098,,-1.2,-0.2,-1.4,0.2
484,Tre Scott\scotttr01,SF,25,CLE,2,11,20.7,.500,.167,.000,10.2,9.6,9.9,0.0,4.5,8.1,0.0,24.0,,0.0,0.0,0.0,.155,,-4.7,1.8,-2.9,0.0
485,Jay Scrubb\scrubja01,SG,21,LAC,18,121,9.5,.486,.457,.217,1.8,11.9,7.0,9.9,1.6,2.1,12.2,20.8,,-0.1,0.1,0.0,.004,,-4.2,-0.6,-4.8,-0.1
486,Wayne Selden\seldewa01,SG,27,NYK,3,19,4.5,.434,.500,1.000,0.0,5.7,2.8,7.3,0.0,0.0,0.0,13.3,,0.0,0.0,0.0,.012,,-4.2,-2.1,-6.3,0.0
487,Alperen Şengün\sengual01,C,19,HOU,47,878,16.0,.555,.195,.510,10.0,17.6,13.8,20.6,2.0,4.7,20.8,22.2,,0.5,0.7,1.2,.064,,-1.6,0.8,-0.8,0.3
488,Collin Sexton\sextoco01,SG,23,CLE,11,316,11.5,.523,.298,.258,4.6,7.7,6.2,12.0,1.6,0.0,15.6,27.8,,-0.3,0.4,0.1,.010,,-3.3,-0.6,-3.9,-0.2
489,Landry Shamet\shamela01,SG,24,PHO,45,891,10.0,.529,.696,.187,1.3,8.7,5.1,10.2,1.1,0.4,7.1,16.3,,0.7,1.0,1.6,.089,,-1.0,0.1,-0.9,0.2
490,Day'Ron Sharpe\sharpda01,PF,20,BRK,28,370,20.2,.580,.029,.266,23.1,21.1,22.1,6.3,1.3,3.6,15.7,21.5,,0.7,0.4,1.1,.143,,-0.9,-2.8,-3.7,-0.2
491,Pascal Siakam\siakapa01,PF,27,TOR,42,1590,20.6,.570,.189,.314,5.7,20.1,12.6,22.6,1.7,2.0,12.3,25.1,,3.3,1.8,5.2,.156,,2.7,0.7,3.4,2.1
492,Chris Silva\silvach01,PF,25,TOT,10,91,11.8,.641,.000,.800,16.2,28.2,22.2,10.6,0.0,1.2,28.3,13.8,,0.1,0.1,0.3,.139,,-4.8,-0.1,-4.9,-0.1
492,Chris Silva\silvach01,PF,25,MIN,1,3,3.9,,,,0.0,36.7,17.7,0.0,0.0,0.0,,0.0,,0.0,0.0,0.0,.050,,-5.5,-1.2,-6.7,0.0
492,Chris Silva\silvach01,PF,25,MIA,9,88,12.1,.641,.000,.800,16.8,27.9,22.4,11.0,0.0,1.2,28.3,14.2,,0.1,0.1,0.3,.142,,-4.8,-0.1,-4.9,-0.1
493,Marko Simonovic\simonma01,C,22,CHI,9,35,10.4,.428,.333,.733,16.0,15.7,15.9,0.0,1.4,2.5,9.2,27.5,,0.0,0.0,0.0,.001,,-5.9,-5.1,-11.0,-0.1
494,Anfernee Simons\simonan01,SG,22,POR,51,1486,15.3,.574,.551,.134,1.8,8.5,5.1,21.5,0.9,0.4,11.6,24.2,,2.0,0.1,2.2,.070,,1.7,-2.5,-0.9,0.4
495,Jericho Sims\simsje01,PF,23,NYK,18,117,12.7,.745,.000,.364,9.9,14.9,12.4,1.2,1.3,5.9,13.6,5.6,,0.2,0.2,0.4,.146,,-1.8,1.2,-0.6,0.0
496,Deividas Sirvydis\sirvyde01,SG,21,DET,3,27,0.2,.150,.700,.000,0.0,25.3,11.9,5.0,5.4,3.4,0.0,15.8,,-0.1,0.1,-0.1,-0.146,,-10.9,2.0,-8.9,0.0
497,Javonte Smart\smartja01,PG,22,MIL,13,160,2.6,.340,.419,.140,2.7,9.7,6.3,11.2,1.2,1.2,16.5,14.7,,-0.3,0.1,-0.2,-0.066,,-7.2,-0.9,-8.1,-0.2
498,Marcus Smart\smartma01,PG,27,BOS,49,1624,13.5,.529,.486,.276,2.1,10.7,6.4,23.8,2.8,0.8,15.8,17.5,,1.2,2.7,3.9,.116,,-1.8,2.0,0.2,0.9
499,Dennis Smith Jr.\smithde03,PG,24,POR,37,638,13.6,.474,.143,.339,3.4,12.0,7.6,30.2,3.5,1.8,19.0,18.3,,0.0,0.6,0.6,.048,,-2.6,1.1,-1.5,0.1
500,Ish Smith\smithis01,PG,33,TOT,38,531,10.5,.442,.135,.099,2.3,9.6,5.8,26.8,2.1,1.9,15.6,18.9,,-0.3,0.3,0.0,.001,,-3.3,-0.7,-4.0,-0.3
500,Ish Smith\smithis01,PG,33,CHO,37,511,9.8,.434,.135,.103,2.2,9.7,5.8,26.3,1.9,1.9,15.7,18.9,,-0.4,0.3,-0.1,-0.010,,-3.6,-0.9,-4.6,-0.3
500,Ish Smith\smithis01,PG,33,WAS,1,20,28.5,.643,.143,.000,5.5,5.4,5.4,40.1,7.4,4.2,12.5,17.8,,0.1,0.0,0.1,.286,,5.0,6.1,11.1,0.1
501,Jalen Smith\smithja04,PF,21,TOT,31,426,17.3,.568,.299,.377,15.3,23.0,19.3,1.9,0.8,4.1,12.2,20.7,,0.6,0.7,1.3,.152,,-1.0,-0.7,-1.8,0.0
501,Jalen Smith\smithja04,PF,21,PHO,29,382,16.3,.547,.285,.380,15.7,22.8,19.3,2.1,0.8,4.2,12.1,20.5,,0.5,0.7,1.2,.147,,-1.7,-0.7,-2.4,0.0
501,Jalen Smith\smithja04,PF,21,IND,2,44,25.7,.738,.412,.353,12.4,25.4,18.9,0.0,1.1,3.9,13.3,22.1,,0.1,0.0,0.2,.195,,4.6,-1.2,3.4,0.1
502,Xavier Sneed\sneedxa01,SF,24,MEM,2,8,-7.2,.000,1.000,.000,12.9,13.3,13.1,0.0,0.0,0.0,0.0,10.3,,0.0,0.0,0.0,-0.152,,-14.3,-5.6,-20.0,0.0
503,Tony Snell\snellto01,SG,30,POR,38,546,5.4,.503,.773,.031,2.2,12.5,7.2,4.9,0.7,1.3,10.1,8.7,,0.0,0.1,0.2,.015,,-3.7,-1.0,-4.7,-0.4
504,Jaden Springer\sprinja01,SG,19,PHI,2,6,26.8,1.000,.000,.000,18.7,18.2,18.5,0.0,0.0,29.8,50.0,15.0,,0.0,0.0,0.0,.145,,8.4,8.7,17.1,0.0
505,Cassius Stanley\stanlca01,SG,22,DET,9,155,8.2,.516,.370,.217,3.3,10.3,6.6,4.0,1.6,1.2,10.6,15.5,,0.0,0.1,0.1,.017,,-4.9,-1.2,-6.1,-0.2
506,Nik Stauskas\stausni01,SG,28,MIA,2,24,13.4,.564,.500,.500,4.7,9.3,7.0,6.0,0.0,0.0,0.0,18.0,,0.1,0.0,0.1,.149,,0.1,-1.3,-1.2,0.0
507,Lance Stephenson\stephla01,SG-SF,31,TOT,28,490,14.2,.537,.297,.246,2.2,16.1,9.1,32.1,1.1,0.2,17.2,23.0,,0.4,0.2,0.6,.059,,-1.2,-1.9,-3.1,-0.1
507,Lance Stephenson\stephla01,SF,31,ATL,6,70,4.6,.396,.231,.154,1.6,21.6,11.7,20.1,0.0,0.0,22.4,11.2,,-0.1,0.0,0.0,-0.026,,-6.5,-0.8,-7.2,-0.1
507,Lance Stephenson\stephla01,SG,31,IND,22,420,15.8,.546,.302,.253,2.3,15.2,8.7,34.1,1.3,0.2,16.9,24.9,,0.4,0.2,0.6,.073,,-0.3,-2.1,-2.4,0.0
508,Lamar Stevens\stevela01,PF,24,CLE,41,586,10.8,.529,.249,.226,5.6,11.1,8.4,6.3,1.7,1.4,10.2,16.3,,0.2,0.8,1.1,.086,,-3.0,1.0,-2.0,0.0
509,Isaiah Stewart\stewais01,C,20,DET,48,1242,13.5,.544,.073,.209,11.9,23.8,17.5,6.7,0.6,4.1,14.7,14.5,,0.8,1.1,1.9,.074,,-2.9,-0.8,-3.7,-0.5
510,Max Strus\strusma01,SF,25,MIA,45,1085,13.0,.610,.761,.108,2.0,13.3,7.7,8.3,0.7,1.0,8.1,18.1,,1.6,1.0,2.6,.116,,1.5,-0.7,0.8,0.8
511,Jalen Suggs\suggsja01,PG,20,ORL,37,1030,9.4,.465,.354,.297,2.3,11.8,7.0,25.1,2.1,1.3,18.8,25.5,,-2.0,0.9,-1.1,-0.053,,-4.6,-0.5,-5.1,-0.8
512,Craig Sword\swordcr01,SG,28,WAS,3,19,14.5,.750,.250,.000,0.0,0.0,0.0,7.9,10.4,0.0,20.0,11.7,,0.0,0.0,0.1,.165,,-8.4,10.0,1.6,0.0
513,Keifer Sykes\sykeske01,PG,28,IND,19,358,6.2,.461,.476,.113,1.8,9.1,5.4,14.9,1.0,0.7,15.6,18.5,,-0.4,0.1,-0.3,-0.035,,-4.2,-2.1,-6.2,-0.4
514,Jae'Sean Tate\tateja01,SF,26,HOU,53,1458,14.9,.568,.270,.279,6.9,15.4,11.2,18.0,1.7,2.0,14.9,19.6,,1.6,0.7,2.3,.077,,-0.8,-0.4,-1.3,0.3
515,Jayson Tatum\tatumja01,SF,23,BOS,54,1951,20.3,.550,.405,.289,3.6,20.9,12.3,20.2,1.4,1.8,10.9,31.9,,2.4,3.3,5.7,.141,,3.2,0.5,3.7,2.8
516,Terry Taylor\taylote01,SG,22,IND,11,179,25.5,.605,.108,.162,23.8,20.0,21.9,15.7,0.3,1.0,4.8,20.0,,0.8,0.1,0.9,.245,,5.2,-3.2,2.0,0.2
517,Garrett Temple\templga01,SG,35,NOP,52,1007,8.8,.493,.617,.145,3.0,11.8,7.3,9.6,1.9,2.1,11.7,13.9,,-0.1,0.8,0.7,.035,,-2.8,0.2,-2.7,-0.2
518,Emanuel Terry\terryem01,PF,25,PHO,3,18,-0.1,.000,.000,.000,48.4,40.3,44.2,12.4,2.7,0.0,50.0,24.0,,-0.1,0.0,-0.1,-0.252,,-12.9,-5.6,-18.5,-0.1
519,Tyrell Terry\terryty01,PG,21,MEM,2,3,20.5,1.000,.000,.000,0.0,0.0,0.0,0.0,0.0,0.0,0.0,13.8,,0.0,0.0,0.0,.222,,-3.3,2.4,-0.9,0.0
520,Jon Teske\teskejo01,C,24,MEM,3,8,1.6,.000,.000,2.000,0.0,26.7,13.1,14.0,6.0,0.0,0.0,9.7,,0.0,0.0,0.0,-0.085,,-8.4,3.5,-4.9,0.0
521,Daniel Theis\theisda01,C,29,HOU,26,584,10.9,.554,.441,.223,6.0,18.5,12.3,5.2,0.9,2.7,13.6,16.5,,0.1,0.2,0.4,.030,,-2.4,-1.1,-3.5,-0.2
522,Brodric Thomas\thomabr01,SG,25,BOS,7,28,-1.7,.202,.667,.222,7.7,11.3,9.5,23.0,0.0,0.0,23.3,20.2,,-0.1,0.0,-0.1,-0.196,,-9.0,-3.0,-12.0,-0.1
523,Cam Thomas\thomaca02,SG,20,BRK,45,854,12.4,.527,.370,.178,1.2,12.7,7.1,9.6,1.4,0.7,8.8,21.8,,0.1,0.6,0.7,.038,,-1.5,-1.6,-3.1,-0.2
524,Isaiah Thomas\thomais02,PG,32,TOT,5,114,4.4,.415,.532,.234,0.9,6.5,3.7,13.3,0.0,1.6,8.8,21.6,,-0.2,0.0,-0.2,-0.065,,-5.3,-2.6,-7.9,-0.2
524,Isaiah Thomas\thomais02,PG,32,LAL,4,101,3.4,.422,.564,.282,1.1,7.3,4.2,8.1,0.0,1.8,10.2,20.8,,-0.2,0.0,-0.2,-0.075,,-5.9,-2.5,-8.3,-0.2
524,Isaiah Thomas\thomais02,PG,32,DAL,1,13,12.8,.375,.375,.000,0.0,0.0,0.0,53.2,0.0,0.0,0.0,27.6,,0.0,0.0,0.0,.014,,-0.6,-3.6,-4.2,0.0
525,Matt Thomas\thomama02,SG,27,CHI,33,431,9.8,.564,.680,.139,0.8,11.2,6.1,5.8,0.8,0.6,5.1,13.9,,0.4,0.2,0.6,.063,,-0.9,-1.6,-2.6,-0.1
526,Klay Thompson\thompkl01,SG,31,GSW,14,346,19.3,.568,.519,.130,2.0,13.9,8.2,20.7,1.1,1.9,8.7,30.3,,0.5,0.5,1.0,.137,,4.4,-0.5,3.8,0.5
527,Tristan Thompson\thomptr01,PF,30,TOT,32,485,14.3,.505,.006,.390,16.6,20.8,18.7,5.7,1.1,2.1,13.9,19.1,,0.2,0.3,0.6,.055,,-2.1,-2.2,-4.3,-0.3
527,Tristan Thompson\thomptr01,PF,30,SAC,30,455,15.4,.521,.007,.397,17.0,21.2,19.1,5.9,1.2,2.2,14.1,19.4,,0.3,0.3,0.7,.070,,-1.6,-1.9,-3.6,-0.2
527,Tristan Thompson\thomptr01,PF,30,IND,2,30,-2.0,.169,.000,.250,10.9,14.9,12.9,4.2,0.0,0.0,10.1,14.2,,-0.1,0.0,-0.1,-0.168,,-8.7,-5.8,-14.5,-0.1
528,JT Thor\thorjt01,PF,19,CHO,17,144,10.5,.507,.583,.278,4.2,12.0,8.0,9.0,2.0,4.6,11.0,13.3,,0.1,0.1,0.2,.062,,-3.2,-0.4,-3.6,-0.1
529,Matisse Thybulle\thybuma01,SG,24,PHI,41,1096,11.3,.596,.508,.109,2.3,7.3,4.8,5.9,3.5,3.7,11.4,9.4,,0.7,1.7,2.4,.107,,-2.3,3.6,1.3,0.9
530,Killian Tillie\tilliki02,C,23,MEM,32,427,9.1,.481,.664,.069,4.8,8.8,6.8,5.9,2.6,3.0,8.4,12.6,,0.1,0.5,0.7,.076,,-2.9,1.1,-1.8,0.0
531,Xavier Tillman Sr.\tillmxa01,PF,23,MEM,39,510,15.2,.505,.229,.314,9.3,14.7,11.9,10.4,3.9,2.5,13.0,16.2,,0.4,0.9,1.2,.117,,-1.1,2.3,1.2,0.4
532,Isaiah Todd\toddis01,PF,20,WAS,9,35,15.6,.477,.667,.267,6.3,21.4,14.0,4.2,2.8,4.8,5.6,22.5,,0.0,0.1,0.0,.058,,1.6,0.2,1.8,0.0
533,Obi Toppin\toppiob01,PF,23,NYK,52,794,16.6,.583,.303,.293,6.4,19.1,12.6,10.0,0.9,2.8,11.0,20.2,,1.2,0.9,2.0,.123,,0.2,0.0,0.2,0.4
534,Juan Toscano-Anderson\toscaju01,SF,28,GSW,55,805,11.6,.559,.361,.282,3.6,15.4,9.8,18.0,2.4,1.8,20.6,15.5,,0.3,1.5,1.8,.105,,-2.8,2.4,-0.4,0.3
535,Karl-Anthony Towns\townska01,C,26,MIN,50,1707,23.8,.631,.308,.352,8.6,21.7,14.9,19.6,1.4,3.3,14.7,27.4,,4.8,2.0,6.8,.192,,4.6,0.4,5.0,3.0
536,Gary Trent Jr.\trentga02,SG,23,TOR,46,1607,16.0,.563,.512,.149,1.0,7.7,4.2,8.7,2.8,0.9,5.6,21.5,,2.6,1.5,4.1,.124,,0.6,0.3,0.9,1.2
537,P.J. Tucker\tuckepj01,PF,36,MIA,50,1415,12.4,.623,.486,.159,5.8,15.8,10.8,10.7,1.5,0.8,12.7,12.1,,2.2,1.8,4.0,.135,,-0.1,1.2,1.1,1.1
538,Rayjon Tucker\tuckera01,SG,24,DEN,3,29,13.9,.798,1.000,2.000,3.9,11.3,7.7,16.9,1.7,0.0,0.0,5.7,,0.1,0.0,0.1,.220,,0.7,1.3,2.0,0.0
539,Myles Turner\turnemy01,C,25,IND,42,1235,17.9,.615,.466,.267,5.8,21.0,13.3,5.3,1.1,8.3,10.9,17.2,,1.9,1.6,3.5,.135,,0.3,1.4,1.7,1.1
540,Jonas Valančiūnas\valanjo01,C,29,NOP,50,1568,21.0,.612,.178,.311,11.3,29.9,20.4,14.0,0.8,2.8,14.5,23.7,,3.2,1.6,4.8,.148,,2.1,-0.4,1.7,1.5
541,Denzel Valentine\valende01,SG,28,TOT,24,222,8.2,.523,.712,.000,4.5,15.6,10.3,7.0,1.8,0.0,15.4,15.5,,-0.1,0.3,0.2,.054,,-3.0,0.4,-2.6,0.0
541,Denzel Valentine\valende01,SG,28,CLE,22,204,8.6,.516,.710,.000,4.9,14.9,10.1,7.6,1.7,0.0,13.9,15.5,,0.0,0.3,0.3,.061,,-2.6,0.3,-2.3,0.0
541,Denzel Valentine\valende01,SG,28,UTA,2,18,4.3,.625,.750,.000,0.0,23.2,12.1,0.0,2.7,0.0,33.3,14.5,,0.0,0.0,0.0,-0.023,,-7.7,1.5,-6.2,0.0
542,Jarred Vanderbilt\vandeja01,PF,22,MIN,52,1349,16.6,.621,.042,.341,12.3,24.4,18.1,7.0,2.8,2.8,14.5,10.9,,2.6,2.1,4.7,.168,,-0.4,1.3,0.9,1.0
543,Fred VanVleet\vanvlfr01,PG,27,TOR,49,1889,19.1,.572,.577,.201,2.0,11.4,6.5,28.3,2.1,1.3,12.6,24.1,,4.2,1.7,6.0,.152,,4.4,0.1,4.5,3.1
544,Devin Vassell\vassede01,SF,21,SAS,49,1254,13.7,.543,.493,.108,2.2,15.4,8.8,8.7,1.8,2.0,6.4,18.9,,0.9,1.3,2.2,.086,,-0.3,0.0,-0.3,0.5
545,Gabe Vincent\vincega01,PG,25,MIA,48,1154,12.0,.571,.621,.115,1.8,7.6,4.7,20.3,2.0,1.1,15.8,18.0,,1.0,1.3,2.4,.098,,-1.0,0.6,-0.4,0.5
546,Nikola Vučević\vucevni01,C,31,CHI,50,1689,19.3,.537,.298,.102,6.8,31.2,19.2,16.6,1.4,3.1,10.1,24.3,,1.6,2.4,4.0,.115,,1.5,0.2,1.7,1.6
547,Dean Wade\wadede01,PF,25,CLE,42,809,10.5,.588,.676,.148,3.5,13.3,8.5,8.1,1.5,0.5,7.6,11.4,,1.0,1.1,2.1,.125,,-1.6,1.4,-0.2,0.4
548,Franz Wagner\wagnefr01,SF,20,ORL,58,1856,14.5,.554,.275,.219,3.5,11.7,7.6,15.4,1.3,1.3,10.4,21.1,,1.6,1.2,2.7,.070,,-0.5,-0.7,-1.1,0.4
549,Moritz Wagner\wagnemo01,C,24,ORL,45,564,18.4,.627,.521,.332,4.1,16.7,10.4,15.1,1.1,1.6,10.5,23.5,,1.2,0.4,1.7,.141,,1.7,-0.2,1.6,0.5
550,Ish Wainright\wainris01,PF,27,PHO,29,215,7.2,.442,.534,.121,9.6,8.7,9.1,5.8,2.0,2.1,14.1,14.3,,-0.1,0.3,0.2,.048,,-4.1,0.6,-3.6,-0.1
551,Kemba Walker\walkeke02,PG,31,NYK,35,901,14.2,.536,.537,.185,1.5,11.5,6.4,22.2,1.4,0.6,10.9,21.1,,1.0,0.7,1.7,.090,,0.7,-0.5,0.1,0.5
552,Lonnie Walker IV\walkelo01,SG,23,SAS,52,1177,11.2,.491,.454,.169,1.1,10.5,5.7,14.0,1.4,1.1,9.0,22.8,,-0.3,0.8,0.5,.021,,-2.1,-1.3,-3.4,-0.4
553,M.J. Walker\walkemj01,SG,23,PHO,2,8,-3.3,.000,.500,.000,0.0,12.9,6.6,13.9,12.1,0.0,0.0,21.6,,-0.1,0.0,0.0,-0.270,,-15.7,6.1,-9.7,0.0
554,Derrick Walton\waltode01,PG,26,DET,3,108,6.0,.342,.500,.154,1.9,8.4,5.0,27.1,3.1,3.4,28.4,15.3,,-0.3,0.1,-0.2,-0.076,,-5.4,0.7,-4.7,-0.1
555,Brad Wanamaker\wanambr01,PG,32,TOT,23,320,7.8,.472,.221,.325,2.1,11.5,6.7,23.0,1.1,1.6,20.7,15.0,,-0.1,0.1,0.1,.014,,-5.1,-0.6,-5.7,-0.3
555,Brad Wanamaker\wanambr01,PG,32,IND,22,293,6.8,.465,.236,.306,2.2,11.1,6.6,21.9,0.8,1.8,22.0,15.4,,-0.1,0.1,0.0,-0.006,,-5.5,-1.1,-6.5,-0.3
555,Brad Wanamaker\wanambr01,PG,32,WAS,1,27,18.5,.554,.000,.600,0.0,15.9,8.1,34.6,3.7,0.0,0.0,10.4,,0.1,0.0,0.1,.222,,-1.5,4.7,3.2,0.0
556,Duane Washington Jr.\washidu02,PG,21,IND,26,531,9.4,.489,.509,.111,0.4,10.1,5.2,14.4,1.2,0.2,9.9,22.1,,-0.2,0.2,0.0,-0.003,,-2.5,-2.7,-5.2,-0.4
557,P.J. Washington\washipj01,PF,23,CHO,41,1011,14.0,.588,.611,.193,5.2,17.9,11.4,11.3,1.4,3.6,13.8,16.6,,1.1,0.9,1.9,.092,,-0.2,0.1,-0.1,0.5
558,Yuta Watanabe\watanyu01,SF,27,TOR,24,359,9.6,.511,.562,.248,4.0,17.8,10.6,5.8,1.0,3.0,12.1,15.8,,0.0,0.3,0.4,.047,,-2.5,-0.6,-3.2,-0.1
559,Lindy Waters III\waterli01,SG,24,OKC,2,5,2.4,,,,0.0,20.7,10.2,0.0,0.0,0.0,,0.0,,0.0,0.0,0.0,.037,,-9.0,-0.2,-9.2,0.0
560,Tremont Waters\watertr01,PG,24,TOT,3,50,5.6,.357,.643,.000,0.0,9.2,4.4,18.3,5.0,0.0,22.2,15.5,,-0.1,0.1,0.0,-0.043,,-7.6,-0.1,-7.7,-0.1
560,Tremont Waters\watertr01,PG,24,TOR,2,42,5.3,.333,.750,.000,0.0,10.9,5.2,21.8,4.8,0.0,25.0,16.3,,-0.1,0.1,-0.1,-0.064,,-7.3,-0.9,-8.2,-0.1
560,Tremont Waters\watertr01,PG,24,WAS,1,8,7.5,.500,.000,.000,0.0,0.0,0.0,0.0,6.2,0.0,0.0,11.1,,0.0,0.0,0.0,.063,,-9.3,4.1,-5.2,0.0
561,Trendon Watford\watfotr01,SF,21,POR,31,379,14.5,.614,.103,.340,6.8,20.1,13.3,12.0,1.2,3.6,16.5,15.4,,0.5,0.3,0.8,.102,,-2.7,0.2,-2.5,-0.1
562,Paul Watson\watsopa01,SF,27,OKC,9,156,5.9,.432,.743,.057,1.9,15.9,8.8,7.4,0.9,1.8,10.0,11.1,,-0.1,0.2,0.0,.014,,-4.9,-0.6,-5.5,-0.1
563,Quinndary Weatherspoon\weathqu01,SG,25,GSW,5,33,11.2,.643,.100,.200,3.4,15.8,9.9,9.3,1.5,2.9,21.6,18.3,,0.0,0.1,0.1,.098,,-6.8,0.4,-6.4,0.0
564,Russell Westbrook\westbru01,PG,33,LAL,56,1937,15.2,.505,.217,.321,4.2,19.6,12.0,33.7,1.5,0.7,18.2,27.5,,-0.4,2.0,1.6,.039,,-0.7,-0.6,-1.4,0.3
565,Coby White\whiteco01,PG,21,CHI,37,1027,13.2,.574,.538,.158,1.3,10.6,6.0,13.7,0.9,0.8,9.9,20.3,,1.1,0.5,1.6,.077,,-0.3,-1.9,-2.2,0.0
566,Derrick White\whitede01,SG,27,TOT,51,1543,16.1,.550,.461,.277,1.9,10.6,6.2,24.8,1.6,2.3,11.9,20.9,,2.3,1.3,3.6,.113,,1.3,0.4,1.7,1.5
566,Derrick White\whitede01,SG,27,SAS,49,1486,16.2,.551,.453,.281,1.7,10.5,6.1,25.0,1.6,2.3,12.0,20.7,,2.2,1.2,3.5,.113,,1.4,0.4,1.7,1.4
566,Derrick White\whitede01,SG,27,BOS,2,57,15.3,.514,.654,.192,5.7,12.9,9.3,19.3,1.7,1.6,9.6,24.0,,0.1,0.1,0.1,.121,,0.2,2.5,2.6,0.1
567,Hassan Whiteside\whiteha01,C,32,UTA,44,813,22.0,.651,.000,.475,14.8,29.7,22.6,3.4,0.8,7.0,11.8,17.7,,2.3,1.6,3.9,.229,,0.1,1.1,1.3,0.7
568,Joe Wieskamp\wieskjo01,SG,22,SAS,15,92,12.9,.595,.679,.250,3.4,5.7,4.6,7.2,1.0,1.8,3.1,14.8,,0.2,0.0,0.2,.106,,0.8,-0.9,-0.1,0.0
569,Aaron Wiggins\wiggiaa01,SG,23,OKC,32,698,11.3,.580,.450,.272,4.1,12.2,8.1,7.5,1.6,0.8,11.8,14.2,,0.6,0.7,1.2,.086,,-3.0,0.5,-2.6,-0.1
570,Andrew Wiggins\wiggian01,SF,26,GSW,52,1649,16.5,.582,.392,.232,3.6,10.8,7.3,10.8,1.5,2.1,8.6,23.2,,2.2,2.5,4.6,.135,,1.3,0.2,1.5,1.5
571,Lindell Wigginton\wiggili01,PG,23,MIL,7,43,16.8,.864,.364,.000,2.5,7.2,4.9,17.5,2.3,2.3,26.7,15.0,,0.1,0.0,0.1,.160,,0.9,1.1,2.0,0.0
572,Brandon Williams\willibr03,PG,22,POR,2,12,26.5,.658,.000,2.333,0.0,18.7,9.1,25.9,0.0,0.0,0.0,22.1,,0.1,0.0,0.1,.287,,5.1,-1.0,4.1,0.0
573,Grant Williams\willigr01,PF,23,BOS,53,1211,11.8,.654,.670,.178,3.6,11.3,7.5,6.7,1.1,2.9,12.1,12.0,,1.8,1.7,3.5,.139,,-0.8,1.3,0.5,0.8
574,Kenrich Williams\willike04,SF,27,OKC,48,1045,13.5,.527,.380,.179,7.2,14.0,10.5,15.8,2.0,0.9,12.2,15.7,,0.8,1.2,2.0,.092,,-1.4,1.1,-0.3,0.4
575,Lou Williams\willilo02,PG,35,ATL,38,556,13.3,.508,.351,.234,2.2,9.5,5.9,19.6,1.8,0.5,10.5,22.4,,0.3,0.2,0.5,.046,,-1.4,-1.5,-2.9,-0.1
576,Patrick Williams\willipa01,PF,20,CHI,5,125,9.5,.666,.261,.174,0.9,8.8,4.9,3.1,1.2,1.4,7.5,9.4,,0.2,0.1,0.2,.088,,-2.5,0.4,-2.1,0.0
577,Robert Williams\williro04,C,24,BOS,47,1408,21.9,.738,.004,.264,14.1,20.3,17.3,10.0,1.5,6.8,15.2,11.7,,4.4,3.0,7.4,.252,,2.1,2.8,4.9,2.4
578,Ziaire Williams\willizi02,SF,20,MEM,38,821,8.3,.537,.573,.101,1.4,7.3,4.3,5.6,1.2,0.8,7.8,14.1,,0.5,0.5,1.0,.060,,-3.2,-1.0,-4.1,-0.4
579,D.J. Wilson\wilsodj01,PF,25,TOR,3,48,26.8,.779,.182,.909,2.2,31.0,15.9,12.5,5.2,2.0,11.5,15.6,,0.2,0.1,0.3,.317,,1.5,3.2,4.7,0.1
580,Dylan Windler\windldy01,SF,25,CLE,37,344,9.7,.581,.701,.117,4.6,14.7,9.8,10.0,1.3,0.5,13.8,12.0,,0.3,0.5,0.8,.111,,-2.0,1.3,-0.7,0.1
581,Justise Winslow\winslju01,SF,25,TOT,41,602,13.2,.499,.240,.257,6.3,21.6,14.1,15.8,2.3,3.2,17.8,17.6,,-0.2,1.0,0.8,.064,,-2.9,1.7,-1.2,0.1
581,Justise Winslow\winslju01,SF,25,LAC,37,479,12.7,.490,.206,.291,6.8,22.0,14.6,15.8,2.1,3.2,18.9,17.9,,-0.3,0.8,0.6,.057,,-3.4,1.8,-1.6,0.0
581,Justise Winslow\winslju01,SF,25,POR,4,123,15.4,.535,.368,.132,4.4,20.1,12.0,15.9,2.8,3.2,13.0,16.4,,0.1,0.1,0.2,.089,,-1.1,1.3,0.2,0.1
582,Cassius Winston\winstca01,PG,23,WAS,3,17,11.0,.595,.800,.400,0.0,0.0,0.0,33.3,0.0,0.0,14.5,18.0,,0.0,0.0,0.0,.110,,-3.0,-3.4,-6.4,0.0
583,Christian Wood\woodch01,C,26,HOU,52,1617,18.5,.572,.372,.352,6.2,30.2,18.2,12.0,1.1,2.8,10.9,23.7,,1.9,1.3,3.2,.096,,1.6,-0.9,0.7,1.1
584,Robert Woodard II\woodaro01,SF,22,SAC,12,42,2.2,.207,.250,.125,12.8,15.5,14.1,9.0,1.1,2.0,5.6,18.2,,-0.1,0.0,-0.1,-0.143,,-6.5,-3.8,-10.3,-0.1
585,Delon Wright\wrighde01,SG,29,ATL,51,927,13.2,.548,.393,.219,3.9,12.5,8.2,17.7,2.8,1.0,14.1,11.0,,1.2,0.7,2.0,.101,,-0.5,1.8,1.3,0.8
586,McKinley Wright IV\wrighmc01,PG,23,MIN,3,9,13.9,.833,.667,.000,0.0,0.0,0.0,17.6,0.0,0.0,25.0,18.6,,0.0,0.0,0.0,.079,,0.5,-2.7,-2.3,0.0
587,Moses Wright\wrighmo01,PF,23,LAC,1,1,31.7,,,,0.0,0.0,0.0,100.0,0.0,0.0,,0.0,,0.0,0.0,0.0,.439,,10.8,13.5,24.3,0.0
588,Thaddeus Young\youngth01,PF,33,SAS,26,370,19.0,.574,.039,.172,11.2,15.1,13.2,22.8,3.0,1.6,17.9,19.2,,0.5,0.5,1.0,.129,,0.7,1.6,2.3,0.4
589,Trae Young\youngtr01,PG,23,ATL,51,1763,24.7,.588,.381,.327,2.1,10.2,6.2,46.5,1.4,0.3,15.0,35.0,,5.2,0.5,5.7,.156,,6.6,-2.2,4.4,2.9
590,Omer Yurtseven\yurtsom01,C,23,MIA,40,564,18.0,.549,.036,.268,13.5,33.5,23.6,11.8,1.3,3.4,13.6,19.7,,0.7,1.1,1.8,.155,,-1.3,0.7,-0.6,0.2
591,Cody Zeller\zelleco01,C,29,POR,27,355,17.7,.627,.044,.544,15.1,23.7,19.3,9.3,1.1,1.6,14.6,16.0,,0.9,0.2,1.2,.161,,-0.9,-1.0,-1.9,0.0
592,Ivica Zubac\zubaciv01,C,24,LAC,52,1256,18.2,.683,.000,.563,11.3,22.8,17.2,8.3,0.9,3.5,17.5,15.2,,2.9,1.9,4.8,.182,,-0.3,0.9,0.7,0.8