Rk,Player,Pos,Age,Tm,G,MP,PE_PG%,PE_SG%,PE_SF%,PE_PF%,PE_C%,+/-_OnCourt,+/-_On-Off,TO_BadPass,TO_LostBall,Shoot_Fl_Com,Off._Fl_Com,Shoot_Fl_Drn,Off._Fl_Drn,PGA,And1,Blkd
1,Precious Achiuwa\achiupr01,C,22,TOR,46,1071,,,,,100%,1.1,-1.4,11,15,39,11,38,3,130,8,35
2,Steven Adams\adamsst01,C,28,MEM,54,1397,,,,,100%,8.5,6.9,47,14,47,15,63,8,376,16,35
3,Bam Adebayo\adebaba01,C,24,MIA,32,1057,,,,3%,98%,5.9,1.5,34,28,40,25,99,2,275,25,29
4,Santi Aldama\aldamsa01,PF,21,MEM,27,277,,,3%,63%,34%,3.3,-1.8,4,1,11,4,11,1,40,4,3
5,LaMarcus Aldridge\aldrila01,C,36,BRK,36,825,,,,,100%,4.7,6.2,8,8,36,8,39,0,81,16,10
6,Nickeil Alexander-Walker\alexani01,SG,23,TOT,51,1318,12%,55%,33%,,,-5.3,-2.6,58,16,39,6,42,11,329,5,41
6,Nickeil Alexander-Walker\alexani01,SG,23,NOP,50,1317,12%,55%,33%,,,-5.3,-2.5,58,16,39,6,42,11,329,5,41
6,Nickeil Alexander-Walker\alexani01,SG,23,UTA,1,1,,,100%,,,-100.0,-106.7,0,0,0,0,0,0,0,0,0
7,Grayson Allen\allengr01,SG,26,MIL,47,1323,8%,81%,12%,,,6.6,5.9,18,4,32,3,24,8,171,5,21
8,Jarrett Allen\allenja01,C,23,CLE,49,1597,,,,,100%,5.4,2.8,31,33,52,11,104,14,207,30,32
9,Jose Alvarado\alvarjo01,PG,23,NOP,29,373,100%,,,,,8.4,14.4,9,3,15,0,8,7,130,2,8
10,Justin Anderson\anderju01,SF,28,TOT,6,77,,8%,81%,12%,,26.3,25.3,2,1,6,0,3,0,25,1,0
10,Justin Anderson\anderju01,SF,28,CLE,3,47,,6%,75%,19%,,35.7,32.1,1,1,3,0,1,0,17,0,0
10,Justin Anderson\anderju01,SF,28,IND,3,30,,10%,90%,,,11.5,14.7,1,0,3,0,2,0,8,1,0
11,Kyle Anderson\anderky01,PF,28,MEM,45,998,,,11%,62%,27%,2.3,-4.2,19,14,29,6,30,3,286,9,15
12,Giannis Antetokounmpo\antetgi01,PF,27,MIL,47,1528,,,,57%,43%,8.9,12.3,54,43,62,35,248,2,749,56,45
13,Thanasis Antetokounmpo\antetth01,SF,29,MIL,34,355,2%,30%,47%,21%,1%,-14.0,-20.1,5,5,27,3,11,6,46,2,11
14,Carmelo Anthony\anthoca01,PF,37,LAL,50,1327,,,,65%,35%,1.7,6.0,17,6,61,13,43,1,128,8,13
15,Cole Anthony\anthoco01,PG,21,ORL,44,1466,99%,1%,,,,-5.7,6.5,75,39,61,3,68,13,649,16,32
16,OG Anunoby\anunoog01,SF,24,TOR,40,1486,5%,29%,58%,8%,,3.2,2.7,32,23,49,11,40,5,264,8,42
17,Trevor Ariza\arizatr01,SF,36,LAL,19,366,,,39%,59%,2%,-2.6,-1.3,3,3,12,0,3,3,61,1,3
18,D.J. Augustin\augusdj01,PG,34,HOU,34,510,100%,,,,,-13.9,-5.4,33,8,8,1,9,1,181,2,5
19,Deni Avdija\avdijde01,SF,21,WAS,55,1266,,7%,61%,32%,,1.3,8.6,25,12,73,3,34,2,206,9,19
20,Joel Ayayi\ayayijo01,SG,21,WAS,7,20,20%,51%,29%,,,0.2,3.4,0,0,0,0,0,0,11,0,2
21,Deandre Ayton\aytonde01,C,23,PHO,35,1018,,,,,100%,7.4,-2.0,14,18,45,16,48,2,133,12,23
22,Udoka Azubuike\azubuud01,C,22,UTA,14,170,,,,,100%,-0.1,-7.2,2,2,12,5,5,0,0,3,2
23,Marvin Bagley III\baglema01,PF,22,SAC,30,656,,,,78%,22%,-2.9,2.0,4,4,32,7,24,5,45,9,21
24,LaMelo Ball\ballla01,PG,20,CHO,51,1654,96%,4%,,,,-0.4,0.8,96,29,54,13,63,13,901,14,36
25,Lonzo Ball\balllo01,PG,24,CHI,35,1212,82%,18%,,,,2.8,0.8,57,15,41,7,13,4,408,5,18
26,Mo Bamba\bambamo01,C,23,ORL,47,1235,,,,2%,98%,-11.8,-5.3,24,16,76,10,24,2,151,3,20
27,Desmond Bane\banede01,SF,23,MEM,54,1624,,53%,46%,1%,,4.9,-0.3,33,26,59,10,34,2,340,11,48
28,Dalano Banton\bantoda01,SF,22,TOR,45,535,3%,33%,54%,10%,1%,1.8,-0.3,17,11,20,10,14,1,178,2,14
29,Cat Barber\barbeca01,PG,27,ATL,3,13,100%,,,,,35.7,35.7,0,1,1,0,1,0,8,0,1
30,Harrison Barnes\barneha02,PF,29,SAC,53,1788,,,42%,58%,1%,-7.1,-7.3,37,32,29,11,139,12,320,36,37
31,Scottie Barnes\barnesc01,PF,20,TOR,47,1684,,,26%,65%,10%,1.5,-1.5,56,15,61,8,71,10,391,18,25
32,RJ Barrett\barrerj01,SF,21,NYK,48,1587,,1%,96%,4%,,-5.5,-10.5,50,30,50,7,111,11,298,21,64
33,Will Barton\bartowi01,SG,31,DEN,49,1595,,65%,34%,1%,,1.4,-1.4,49,31,41,8,38,6,463,6,37
34,Paris Bass\basspa01,SF,26,PHO,2,7,,,100%,,,12.5,3.9,1,1,1,0,1,0,0,0,2
35,Charles Bassey\bassech01,PF,21,PHI,22,161,,,,19%,81%,-10.1,-13.5,1,4,20,0,6,0,18,1,2
36,Keita Bates-Diop\bateske01,SF,26,SAS,43,708,,,17%,79%,4%,2.8,3.3,14,10,20,3,21,1,60,6,18
37,Nicolas Batum\batumni01,PF,33,LAC,37,918,,,,86%,15%,-6.6,-7.7,19,1,16,2,12,9,131,3,2
38,Kent Bazemore\bazemke01,SF,32,LAL,31,455,,19%,66%,14%,,-8.0,-7.8,7,2,31,0,7,6,71,1,0
39,Darius Bazley\bazleda01,PF,21,OKC,51,1377,,,11%,81%,8%,-10.4,-6.6,29,28,31,5,64,3,160,13,61
40,Bradley Beal\bealbr01,SG,28,WAS,40,1439,16%,83%,1%,,,-3.2,-0.1,77,38,50,10,86,17,623,16,34
41,Malik Beasley\beaslma01,SG,25,MIN,57,1463,19%,73%,9%,,,-2.4,-8.3,11,17,38,6,11,5,214,2,27
42,Jordan Bell\belljo01,C,27,CHI,1,2,,,,,100%,25.0,22.7,0,0,2,0,0,0,0,0,0
43,DeAndre' Bembry\bembrde01,SF,27,BRK,48,949,,15%,65%,20%,,1.6,2.0,17,5,40,5,17,7,142,3,22
44,Dāvis Bertāns\bertada01,PF,29,WAS,34,501,,,,81%,20%,-4.9,-2.2,8,4,28,2,6,4,37,1,0
45,Patrick Beverley\beverpa01,PG,33,MIN,38,990,97%,3%,,,,5.1,5.7,31,5,42,4,25,21,457,6,16
46,Saddiq Bey\beysa01,SF,22,DET,56,1878,,7%,46%,47%,,-12.2,-5.3,31,11,27,15,70,5,367,16,38
47,Khem Birch\birchkh01,C,29,TOR,29,542,,,,,100%,4.2,2.7,4,6,20,7,19,2,90,6,8
48,Goga Bitadze\bitadgo01,C,22,IND,34,387,,,,1%,100%,-1.5,1.8,11,7,29,6,26,3,56,10,14
49,Bismack Biyombo\biyombi01,C,29,PHO,17,308,,,,1%,99%,12.2,4.0,4,2,23,4,22,0,34,7,5
50,Nemanja Bjelica\bjeline01,C,33,GSW,51,786,,,,,100%,5.8,-2.6,27,15,44,10,28,0,227,6,16
51,Eric Bledsoe\bledser01,PG,32,LAC,54,1361,100%,,,,,-1.4,0.1,66,35,25,10,61,23,550,23,19
52,Keljin Blevins\blevike01,SF,26,POR,12,73,,66%,34%,1%,,-29.1,-25.5,4,1,3,0,0,0,9,0,0
53,Bogdan Bogdanović\bogdabo01,SG,29,ATL,38,1094,,49%,51%,,,1.5,2.2,24,10,28,2,16,4,258,3,11
54,Bojan Bogdanović\bogdabo02,PF,32,UTA,54,1673,,,5%,94%,1%,5.6,-2.8,34,38,29,8,73,4,241,17,52
55,Bol Bol\bolbo01,PF,22,DEN,14,81,,,,14%,86%,1.7,-0.3,0,1,4,0,2,0,12,1,1
56,Leandro Bolmaro\bolmale01,SF,21,MIN,25,188,,28%,53%,19%,,-8.6,-10.7,8,1,7,1,2,0,26,1,1
57,Isaac Bonga\bongais01,SF,22,TOR,13,66,3%,49%,44%,4%,,-23.3,-26.0,1,1,4,0,3,0,8,0,2
58,Devin Booker\bookede01,SG,25,PHO,49,1661,,85%,15%,,,9.3,1.8,64,31,57,10,89,7,517,23,43
59,Brandon Boston Jr.\bostobr01,SG,20,LAC,39,605,6%,39%,53%,3%,,-3.3,-2.4,10,8,17,0,22,2,80,4,24
60,Chris Boucher\bouchch01,PF,29,TOR,53,1067,,8%,48%,40%,4%,6.4,7.2,8,9,79,4,62,16,47,15,26
61,James Bouknight\bouknja01,SG,21,CHO,27,288,31%,56%,13%,,,-9.8,-10.2,3,5,11,1,12,4,50,2,16
62,Avery Bradley\bradlav01,SG,31,LAL,49,1165,19%,81%,,,,-3.5,-3.6,19,6,33,3,5,7,95,1,17
63,Tony Bradley\bradlto01,C,24,CHI,43,488,,,,,100%,8.6,7.7,4,7,24,14,12,2,54,3,16
64,Ignas Brazdeikis\brazdig01,SF,23,ORL,27,239,4%,27%,49%,20%,,-5.0,4.2,5,0,16,1,4,4,51,0,4
65,Mikal Bridges\bridgmi01,SF,25,PHO,56,1945,,5%,92%,4%,,10.4,6.3,27,9,47,5,45,14,283,17,17
66,Miles Bridges\bridgmi02,PF,23,CHO,56,2009,,,6%,80%,14%,1.2,6.5,51,32,72,15,108,10,496,28,43
67,Oshae Brissett\brissos01,SF,23,IND,45,897,,,21%,76%,3%,-4.6,-2.2,14,12,26,5,38,5,90,8,19
68,Malcolm Brogdon\brogdma01,PG,29,IND,28,934,75%,25%,,,,1.3,6.5,40,11,23,6,38,6,403,8,26
69,Armoni Brooks\brookar01,SG,23,HOU,41,690,58%,39%,3%,,,-6.4,4.2,10,7,35,1,8,3,115,3,4
70,Dillon Brooks\brookdi01,SF,26,MEM,21,587,,12%,83%,4%,,8.8,4.9,7,17,29,7,32,12,127,6,22
71,Bruce Brown\brownbr01,SF,25,BRK,47,964,,34%,56%,10%,,-5.1,-8.4,16,9,59,5,26,3,137,10,20
72,Charlie Brown Jr.\brownch02,SG,24,TOT,18,166,5%,60%,34%,1%,,-0.1,-2.4,4,1,11,0,4,0,13,2,4
72,Charlie Brown Jr.\brownch02,SG,24,DAL,3,15,,35%,51%,14%,,-86.4,-90.1,0,0,1,0,0,0,2,0,0
72,Charlie Brown Jr.\brownch02,SG,24,PHI,15,151,6%,63%,32%,,,8.5,6.3,4,1,10,0,4,0,11,2,4
73,Chaundee Brown Jr.\brownch05,SG-SF,23,TOT,5,104,,34%,61%,5%,,-7.7,-7.8,0,1,4,0,2,1,9,0,3
73,Chaundee Brown Jr.\brownch05,SF,23,LAL,2,21,,4%,71%,25%,,-2.3,-0.8,0,1,0,0,0,1,0,0,1
73,Chaundee Brown Jr.\brownch05,SG,23,ATL,3,83,1%,41%,59%,,,-9.1,-9.6,0,0,4,0,2,0,9,0,2
74,Greg Brown III\browngr01,SF,20,POR,26,190,,,,82%,18%,-12.1,-8.5,1,3,11,2,14,3,16,2,6
75,Jaylen Brown\brownja02,SF,25,BOS,44,1512,,40%,50%,11%,,8.2,7.0,52,51,48,13,100,11,340,22,59
76,Moses Brown\brownmo01,C,22,DAL,26,169,,,,2%,98%,0.6,-2.8,1,2,14,6,18,0,2,3,5
77,Sterling Brown\brownst02,SG,26,DAL,36,513,,16%,57%,27%,,2.6,-0.8,7,9,20,2,5,1,71,1,11
78,Troy Brown Jr.\browntr01,SF,22,CHI,46,820,,5%,58%,37%,,-2.3,-6.5,11,6,25,1,14,2,128,5,21
79,Jalen Brunson\brunsja01,PG,25,DAL,56,1784,94%,6%,,,,3.9,1.9,59,20,42,10,51,33,756,17,29
80,Thomas Bryant\bryanth01,C,24,WAS,13,218,,,,,100%,-17.9,-16.0,6,1,16,1,8,0,23,1,3
81,Shaq Buchanan\buchash01,PG,25,MEM,2,10,,100%,,,,-8.7,-13.7,1,0,1,0,0,0,4,0,1
82,Reggie Bullock\bullore01,SF,30,DAL,49,1242,,15%,59%,26%,,7.7,8.2,17,5,31,1,8,5,122,3,10
83,Trey Burke\burketr01,PG,29,DAL,32,346,100%,,,,,0.0,-3.7,12,6,18,2,6,4,109,0,5
84,Alec Burks\burksal01,SG,30,NYK,56,1490,23%,36%,41%,,,2.3,7.3,38,9,59,5,84,11,354,19,19
85,Jared Butler\butleja02,SG,21,UTA,27,210,36%,61%,4%,,,-9.7,-17.8,11,8,14,2,4,0,73,1,5
86,Jimmy Butler\butleji01,SF,32,MIA,38,1284,,,67%,33%,1%,6.2,2.3,48,18,17,11,126,12,578,24,22
87,Devontae Cacok\cacokde01,PF,25,SAS,10,80,,,,95%,5%,-1.5,-1.9,1,0,8,1,3,0,4,1,2
88,Kentavious Caldwell-Pope\caldwke01,SG,28,WAS,52,1523,1%,28%,71%,,,-6.4,-7.7,30,25,46,3,28,17,189,9,19
89,Facundo Campazzo\campafa01,PG,30,DEN,53,1077,100%,,,,,-10.4,-20.5,49,8,38,5,19,24,483,4,8
90,Vlatko Čančar\cancavl01,PF,24,DEN,14,152,,5%,28%,39%,28%,2.7,0.8,4,2,9,2,5,2,35,0,2
91,Clint Capela\capelca01,C,27,ATL,48,1348,,,,,100%,1.4,2.4,10,9,51,6,59,7,157,12,27
92,Vernon Carey Jr.\careyve01,C,20,TOT,5,18,,,,32%,68%,-50.2,-49.7,1,0,1,0,2,0,0,1,0
92,Vernon Carey Jr.\careyve01,C,20,CHO,4,17,,,,34%,66%,-56.1,-55.7,1,0,1,0,2,0,0,1,0
92,Vernon Carey Jr.\careyve01,C,20,WAS,1,1,,,,,100%,50.0,53.2,0,0,0,0,0,0,0,0,0
93,Jevon Carter\carteje01,PG,26,BRK,43,505,64%,36%,,,,0.7,0.4,13,2,17,1,1,1,96,0,3
94,Wendell Carter Jr.\cartewe01,C,22,ORL,49,1436,,,,62%,38%,-4.8,8.2,31,26,60,20,72,2,310,18,26
95,Alex Caruso\carusal01,SG,27,CHI,28,775,27%,69%,5%,,,9.0,9.3,26,11,33,2,23,19,259,7,13
96,Willie Cauley-Stein\caulewi01,C,28,DAL,18,177,,,,,100%,5.2,2.1,2,2,11,2,1,0,23,0,6
97,Ahmad Caver\caverah01,PG,25,IND,1,1,100%,,,,,100.0,103.1,0,0,0,0,0,0,0,0,0
98,Justin Champagnie\champju01,SF,20,TOR,30,252,15%,61%,24%,,,9.9,8.7,1,1,15,1,4,1,24,1,4
99,Zylan Cheatham\cheatzy01,SF,26,UTA,1,5,,,,100%,,-118.2,-125.1,0,0,0,0,0,0,0,0,0
100,Chris Chiozza\chiozch01,PG,26,GSW,26,279,100%,,,,,-3.0,-11.7,11,9,11,1,1,6,113,1,5
101,Marquese Chriss\chrisma01,PF,24,DAL,23,256,,,,21%,79%,-0.1,-3.7,4,3,24,9,7,2,30,1,14
102,Josh Christopher\chrisjo01,SG,20,HOU,47,780,7%,65%,27%,2%,,-10.0,-0.6,32,20,27,3,26,6,193,6,23
103,Gary Clark\clarkga01,PF,27,NOP,24,269,,,33%,67%,,-3.6,0.5,1,2,7,0,3,2,19,0,5
104,Brandon Clarke\clarkbr01,PF,25,MEM,43,818,,,23%,77%,1%,6.3,1.9,4,6,38,7,41,3,151,13,18
105,Jordan Clarkson\clarkjo01,SG,29,UTA,53,1405,1%,92%,7%,,,7.7,2.1,31,37,32,6,45,5,309,19,21
106,Nic Claxton\claxtni01,C,22,BRK,25,530,,,,4%,96%,-6.6,-8.7,4,6,30,6,30,2,49,9,11
107,Amir Coffey\coffeam01,SG,24,LAC,45,993,,46%,47%,7%,,0.4,2.8,7,8,28,3,34,8,174,6,14
108,John Collins\collijo01,PF,24,ATL,50,1564,,,,94%,6%,0.9,1.7,24,12,82,12,64,16,214,16,37
109,Zach Collins\colliza01,PF,24,SAS,3,48,,,,,100%,-3.9,-4.3,3,1,5,1,2,0,18,0,3
110,Darren Collison\collida01,PG,34,LAL,3,37,100%,,,,,-21.7,-20.6,1,0,5,0,0,0,4,0,0
111,Mike Conley\conlemi01,PG,34,UTA,50,1419,100%,,,,,11.1,9.3,65,14,29,2,39,17,629,8,11
112,Pat Connaughton\connapa01,SG,29,MIL,54,1457,1%,28%,59%,12%,,-0.5,-8.7,17,8,36,4,12,15,166,3,10
113,Tyler Cook\cookty01,PF,24,CHI,19,196,,,,26%,74%,-8.7,-11.9,1,1,15,5,13,8,8,0,6
114,Sharife Cooper\coopesh01,PG,20,ATL,11,35,99%,1%,,,,-38.2,-38.9,2,2,0,0,0,0,12,0,3
115,Petr Cornelie\cornepe01,PF,26,DEN,13,38,,,4%,75%,22%,6.0,4.1,3,0,5,1,0,0,8,0,1
116,DeMarcus Cousins\couside01,C,31,TOT,23,366,,,,,100%,4.6,1.8,15,4,31,8,27,7,63,12,14
116,DeMarcus Cousins\couside01,C,31,MIL,17,287,,,,,100%,9.3,6.4,10,1,24,4,21,5,47,12,10
116,DeMarcus Cousins\couside01,C,31,DEN,6,79,,,,,100%,-12.5,-14.9,5,3,7,4,6,2,16,0,4
117,Robert Covington\covinro01,PF-SF,31,TOT,52,1505,,,2%,90%,9%,-1.9,4.3,34,13,73,11,13,8,177,1,21
117,Robert Covington\covinro01,PF,31,POR,48,1431,,,1%,90%,9%,-2.2,4.2,31,13,67,9,11,8,172,1,18
117,Robert Covington\covinro01,SF,31,LAC,4,74,,,12%,85%,3%,5.4,7.1,3,0,6,2,2,0,5,0,3
118,Torrey Craig\craigto01,SF,31,TOT,52,1057,,1%,6%,81%,12%,-6.7,-6.5,20,11,45,3,16,11,155,5,11
118,Torrey Craig\craigto01,SF,31,IND,51,1034,,,5%,83%,12%,-7.7,-7.3,19,11,45,3,16,10,146,5,10
118,Torrey Craig\craigto01,SF,31,PHO,1,23,,29%,65%,7%,,41.2,32.8,1,0,0,0,0,1,9,0,1
119,Jae Crowder\crowdja01,PF,31,PHO,46,1301,,1%,14%,85%,,10.9,4.3,25,6,60,6,18,8,169,2,5
120,Jarrett Culver\culveja01,SG,22,MEM,26,237,5%,66%,30%,,,4.9,-0.1,6,1,12,2,10,0,58,3,8
121,Jarron Cumberland\cumbeja01,SG,24,POR,3,12,33%,39%,28%,,,30.5,34.9,0,0,0,0,0,0,2,0,0
122,Cade Cunningham\cunnica01,PG,20,DET,42,1336,3%,81%,16%,,,-10.2,0.7,82,40,59,13,31,3,513,7,46
123,Seth Curry\curryse01,SG,31,PHI,45,1566,18%,76%,7%,,,2.8,0.5,47,18,32,5,20,11,435,9,9
124,Stephen Curry\curryst01,PG,33,GSW,52,1808,96%,4%,,,,12.3,13.9,96,46,43,12,86,10,780,18,35
125,Anthony Davis\davisan02,C,28,LAL,36,1281,,,,23%,77%,-2.6,-2.1,28,32,54,10,83,4,269,23,17
126,Ed Davis\davised01,C,32,CLE,19,142,,,,5%,95%,-4.0,-8.7,2,0,18,3,3,0,12,0,1
127,Terence Davis\daviste02,SG,24,SAC,30,536,,47%,51%,3%,,5.6,12.4,16,5,34,5,19,2,92,8,14
128,Gabriel Deck\deckga01,PF,26,OKC,7,56,,,14%,72%,14%,-12.2,-5.1,2,0,1,0,0,0,13,0,0
129,Dewayne Dedmon\dedmode01,C,32,MIA,50,820,,,,,100%,6.6,2.3,9,8,52,27,27,11,91,3,20
130,Sam Dekker\dekkesa01,PF,27,TOR,1,1,,,,,100%,-250.0,-252.1,0,0,0,0,0,0,0,0,0
131,Javin DeLaurier\delauja01,C,23,MIL,1,3,,,,,100%,85.7,82.3,0,0,1,0,0,0,0,0,0
132,DeMar DeRozan\derozde01,PF,32,CHI,53,1884,,,7%,84%,10%,5.4,10.0,57,44,60,9,206,7,683,51,61
133,Mamadi Diakite\diakima01,PF,25,OKC,13,188,,,,10%,90%,-5.8,1.5,1,1,18,4,5,2,5,1,5
134,Cheick Diallo\diallch01,C,25,DET,3,31,,,,,100%,-45.3,-35.1,0,0,3,1,3,0,0,0,1
135,Hamidou Diallo\diallha01,SG,23,DET,49,1113,,16%,80%,4%,,-8.7,3.3,24,13,62,4,66,10,150,21,20
136,Gorgui Dieng\dienggo01,C,32,ATL,36,327,,,,,100%,-4.6,-5.4,5,1,22,5,12,4,72,4,4
137,Spencer Dinwiddie\dinwisp01,PG,28,WAS,44,1330,64%,36%,,,,-4.1,-1.9,48,10,40,11,63,7,604,12,26
138,Donte DiVincenzo\divindo01,SG,25,TOT,18,360,14%,76%,10%,,,-4.8,-9.2,13,11,15,3,6,4,81,1,6
138,Donte DiVincenzo\divindo01,SG,25,MIL,17,341,15%,76%,9%,,,-5.6,-10.4,13,11,14,3,5,4,67,1,6
138,Donte DiVincenzo\divindo01,SG,25,SAC,1,19,,74%,26%,,,8.6,13.1,0,0,1,0,1,0,14,0,0
139,Luka Dončić\doncilu01,PG,22,DAL,42,1483,36%,62%,2%,,,3.5,0.7,121,38,35,12,137,4,920,34,27
140,Luguentz Dort\dortlu01,SF,22,OKC,51,1665,1%,16%,65%,19%,,-8.4,-3.3,37,23,58,17,80,41,217,14,48
141,Ayo Dosunmu\dosunay01,SG,22,CHI,52,1321,17%,65%,17%,,,-0.2,-4.8,31,13,50,6,23,2,348,6,21
142,Damyean Dotson\dotsoda01,SG,27,NYK,2,21,30%,70%,,,,8.3,9.5,0,0,0,0,0,0,2,0,1
143,Devon Dotson\dotsode01,PG,22,CHI,11,85,100%,,,,,0.2,-2.2,3,0,4,1,3,2,38,1,2
144,Sekou Doumbouya\doumbse01,PF,21,LAL,2,16,,,,100%,,65.5,67.3,0,2,1,0,1,0,0,0,1
145,Jeff Dowtin\dowtije01,PG,24,TOT,5,31,100%,,,,,17.8,10.8,0,1,0,0,0,0,7,0,0
145,Jeff Dowtin\dowtije01,PG,24,GSW,4,28,100%,,,,,28.3,20.9,0,1,0,0,0,0,7,0,0
145,Jeff Dowtin\dowtije01,PG,24,MIL,1,3,100%,,,,,-80.0,-83.6,0,0,0,0,0,0,0,0,0
146,PJ Dozier\doziepj01,SG,25,DEN,18,340,,16%,60%,25%,,-12.6,-16.7,10,1,16,0,7,5,70,1,5
147,Goran Dragić\dragigo01,PG,35,TOR,5,90,61%,39%,,,,-12.9,-15.4,0,1,2,0,2,1,23,0,2
148,Andre Drummond\drumman01,C,28,PHI,49,902,,,,1%,99%,0.8,-2.7,35,13,66,19,34,3,230,10,23
149,Chris Duarte\duartch01,SG,24,IND,50,1433,25%,66%,9%,,,-1.9,2.3,42,20,32,7,49,6,256,8,33
150,David Duke Jr.\dukeda01,PG,22,BRK,17,289,16%,81%,3%,,,1.4,1.2,3,1,13,1,7,0,35,1,11
151,Kevin Durant\duranke01,PF,33,BRK,36,1313,,,1%,60%,39%,5.0,9.1,48,41,31,12,90,3,485,18,26
152,Jaime Echenique\echenja01,C,24,WAS,1,3,,,,,100%,-25.0,-21.8,0,0,0,0,0,0,0,0,0
153,Anthony Edwards\edwaran01,SG,20,MIN,51,1784,2%,32%,62%,4%,,4.8,9.6,69,47,47,14,89,4,474,25,32
154,Kessler Edwards\edwarke02,SF,21,BRK,25,639,,2%,29%,66%,3%,-5.1,-7.2,9,8,24,2,6,2,44,2,13
155,Rob Edwards\edwarro01,SG,25,OKC,2,11,19%,17%,64%,,,-51.7,-44.7,1,0,0,0,0,0,0,0,0
156,CJ Elleby\ellebcj01,SF,21,POR,33,464,,10%,72%,18%,,-9.9,-6.8,9,4,20,2,9,5,80,3,3
157,Wayne Ellington\ellinwa01,SG,34,LAL,34,657,11%,42%,46%,2%,,-5.1,-4.8,13,1,19,1,0,5,60,0,3
158,Joel Embiid\embiijo01,C,27,PHI,44,1451,,,,,100%,7.5,10.6,57,44,56,17,229,0,473,56,52
159,James Ennis III\ennisja01,SF,31,TOT,7,56,,,32%,68%,,0.8,0.9,0,2,3,0,3,0,9,1,1
159,James Ennis III\ennisja01,SF,31,BRK,2,14,,,11%,89%,,33.0,32.8,0,0,0,0,0,0,0,0,0
159,James Ennis III\ennisja01,SF,31,LAC,2,28,,,42%,58%,,0.4,1.9,0,1,2,0,2,0,0,0,0
159,James Ennis III\ennisja01,SF,31,DEN,3,14,,,31%,69%,,-30.8,-32.9,0,1,1,0,1,0,9,1,1
160,Drew Eubanks\eubandr01,C,24,SAS,49,595,,,,6%,94%,-5.4,-7.3,17,7,29,14,32,4,124,7,17
161,Tacko Fall\fallta01,C,26,CLE,11,59,,,,,100%,-0.3,-4.6,0,3,3,0,4,0,5,1,1
162,Derrick Favors\favorde01,C,30,OKC,36,604,,,,,100%,-10.9,-4.7,3,2,34,0,11,2,62,0,7
163,Bruno Fernando\fernabr01,C,23,BOS,20,58,,,,12%,88%,-18.8,-24.3,0,1,2,2,2,0,10,1,2
164,Dorian Finney-Smith\finnedo01,PF,28,DAL,56,1833,,,42%,57%,1%,4.8,4.7,34,6,50,9,29,3,264,4,23
165,Malik Fitts\fittsma01,PF,24,UTA,7,35,,,,67%,33%,-39.2,-46.4,1,0,2,0,0,0,0,0,1
166,Malachi Flynn\flynnma01,PG,23,TOR,32,290,99%,1%,,,,-5.9,-8.9,7,1,14,2,3,1,84,1,5
167,Bryn Forbes\forbebr01,SG,28,TOT,53,927,21%,73%,6%,,,-2.5,-4.3,19,10,31,6,24,3,131,5,24
167,Bryn Forbes\forbebr01,SG,28,SAS,40,676,28%,70%,2%,,,-3.8,-5.6,15,7,16,5,18,3,92,3,16
167,Bryn Forbes\forbebr01,SG,28,DEN,13,251,2%,81%,18%,,,1.0,-1.1,4,3,15,1,6,0,39,2,8
168,Aleem Ford\fordal03,SF,24,ORL,5,74,,11%,44%,33%,11%,-21.2,-12.7,0,2,3,1,0,1,4,0,1
169,Trent Forrest\forretr01,PG,23,UTA,44,538,87%,13%,,,,4.7,-2.5,20,4,15,3,17,0,160,4,8
170,Evan Fournier\fournev01,SG,29,NYK,55,1605,,72%,27%,,,-3.1,-5.0,36,29,49,8,33,8,240,10,22
171,De'Aaron Fox\foxde01,PG,24,SAC,46,1578,100%,,,,,-4.4,0.2,61,47,54,12,135,26,564,36,37
172,Tim Frazier\fraziti01,PG,31,ORL,10,200,100%,,,,,-17.7,-9.6,8,2,7,2,4,4,77,1,2
173,Enes Freedom\kanteen01,C,29,BOS,35,411,,,,,100%,8.9,4.6,3,9,29,4,15,1,19,5,16
174,Wenyen Gabriel\gabriwe01,PF,24,TOT,7,47,,,,,100%,-0.8,0.6,2,0,8,1,2,0,4,0,2
174,Wenyen Gabriel\gabriwe01,PF,24,BRK,1,1,,,,,100%,100.0,99.7,0,0,0,0,0,0,0,0,0
174,Wenyen Gabriel\gabriwe01,PF,24,LAC,6,46,,,,,100%,-3.0,-1.6,2,0,8,1,2,0,4,0,2
175,Daniel Gafford\gaffoda01,C,23,WAS,48,988,,,,,100%,-6.4,-5.1,14,18,78,10,47,3,120,18,27
176,Danilo Gallinari\gallida01,PF,33,ATL,45,1042,,,,65%,35%,1.5,2.1,8,11,26,4,44,3,150,4,5
177,Langston Galloway\gallola01,SG,30,TOT,7,107,48%,31%,21%,,,-3.1,-5.0,3,1,4,1,0,1,29,0,1
177,Langston Galloway\gallola01,SG,30,BRK,4,58,4%,57%,38%,,,10.9,10.8,2,1,3,1,0,1,13,0,0
177,Langston Galloway\gallola01,SG,30,MIL,3,49,100%,,,,,-19.7,-23.7,1,0,1,0,0,0,16,0,1
178,Darius Garland\garlada01,PG,22,CLE,46,1591,96%,4%,,,,8.6,10.5,100,41,34,11,34,13,854,11,25
179,Marcus Garrett\garrema01,SG,23,MIA,12,128,2%,62%,36%,1%,,9.6,4.8,1,1,8,0,3,1,17,1,3
180,Usman Garuba\garubus01,PF,19,HOU,15,105,,,,35%,65%,17.5,28.2,1,1,3,1,1,2,19,0,2
181,Luka Garza\garzalu01,C,23,DET,29,340,,,,1%,99%,-6.3,4.9,6,2,28,7,19,7,40,5,14
182,Rudy Gay\gayru01,PF,35,UTA,35,699,,,,71%,29%,7.2,0.7,12,12,33,4,28,4,99,5,12
183,Paul George\georgpa01,SF,31,LAC,26,924,,4%,49%,45%,2%,1.3,4.1,70,29,24,7,51,10,346,11,27
184,Taj Gibson\gibsota01,C,36,NYK,37,674,,,,9%,92%,6.7,10.2,7,1,41,10,14,3,67,3,5
185,Josh Giddey\giddejo01,SG,19,OKC,51,1591,5%,61%,33%,2%,,-8.9,-4.0,98,37,42,8,35,3,759,6,44
186,Shai Gilgeous-Alexander\gilgesh01,PG,23,OKC,43,1487,76%,23%,,,,-5.6,3.6,48,34,39,15,120,5,583,19,51
187,Anthony Gill\gillan01,PF,29,WAS,23,166,,,18%,65%,18%,11.9,16.1,2,1,19,2,9,5,20,1,2
188,Freddie Gillespie\gillefr01,PF,24,ORL,9,119,,,,28%,72%,-10.9,-2.2,1,1,9,2,3,3,12,1,5
189,Rudy Gobert\goberru01,C,29,UTA,42,1364,,,,,100%,12.2,11.1,18,23,51,28,116,4,128,21,29
190,Brandon Goodwin\goodwbr01,PG,26,CLE,16,254,100%,,,,,1.6,-2.9,14,1,4,2,4,3,115,0,10
191,Jordan Goodwin\goodwjo01,SG,23,WAS,2,6,48%,52%,,,,-100.0,-97.0,0,0,1,0,0,0,0,0,0
192,Aaron Gordon\gordoaa01,PF,26,DEN,51,1621,,,47%,50%,4%,6.8,12.1,31,28,36,20,70,5,305,22,36
193,Eric Gordon\gordoer01,SG,33,HOU,45,1326,16%,55%,29%,,,-6.4,6.4,45,32,19,6,49,3,337,12,21
194,Devonte' Graham\grahade01,PG,26,NOP,52,1615,99%,1%,,,,-1.6,6.0,56,19,37,4,30,13,553,4,20
195,Jerami Grant\grantje01,PF,27,DET,31,1001,,,2%,94%,5%,-12.2,-2.5,25,18,34,15,73,9,203,11,19
196,Hassani Gravett\graveha01,PG,25,ORL,8,171,87%,13%,,,,-0.3,9.0,8,1,7,0,2,1,50,0,3
197,Danny Green\greenda02,SF,34,PHI,38,888,,5%,83%,13%,,6.2,5.4,16,10,30,2,0,4,95,0,6
198,Draymond Green\greendr01,PF,31,GSW,34,1018,,,5%,79%,16%,8.8,1.9,82,8,46,12,31,12,602,3,9
199,Jalen Green\greenja05,SG,19,HOU,40,1213,27%,73%,,,,-18.9,-17.5,39,33,24,9,62,11,226,11,48
200,JaMychal Green\greenja01,PF,31,DEN,43,636,,,29%,58%,13%,-6.8,-11.3,14,7,43,15,25,8,91,2,20
201,Javonte Green\greenja02,SF,28,CHI,40,953,1%,59%,38%,2%,,5.8,5.4,7,6,39,5,35,10,109,2,15
202,Jeff Green\greenje02,C,35,DEN,52,1280,,,,67%,33%,1.4,-1.2,17,14,62,11,74,15,153,23,18
203,Josh Green\greenjo02,SG,21,DAL,42,588,2%,58%,41%,,,6.8,4.6,15,2,27,3,16,9,128,5,11
204,Blake Griffin\griffbl01,PF,32,BRK,45,847,,,9%,50%,41%,-2.7,-4.6,12,8,40,2,30,34,228,10,18
205,Quentin Grimes\grimequ01,SG,21,NYK,37,624,14%,80%,6%,,,-1.1,0.0,14,4,19,1,3,5,86,3,2
206,Kyle Guy\guyky01,SG,24,MIA,15,175,52%,48%,,,,-10.3,-16.3,9,2,9,0,4,3,41,1,3
207,Rui Hachimura\hachiru01,PF,23,WAS,16,293,,,36%,60%,4%,-4.4,-1.4,5,2,8,2,13,1,46,4,4
208,Tyrese Haliburton\halibty01,SG-PG,21,TOT,53,1837,21%,75%,4%,,,-5.6,-3.4,85,20,33,6,44,6,935,14,28
208,Tyrese Haliburton\halibty01,SG,21,SAC,51,1757,18%,78%,4%,,,-5.8,-3.6,79,17,30,6,44,4,882,14,27
208,Tyrese Haliburton\halibty01,PG,21,IND,2,80,81%,16%,3%,,,-2.4,0.7,6,3,3,0,0,2,53,0,1
209,Tyler Hall\hallty01,SG,24,NYK,1,2,,100%,,,,-90.0,-89.0,0,0,0,0,0,0,0,0,0
210,R.J. Hampton\hamptrj01,SG,20,ORL,42,815,28%,69%,4%,,,-16.7,-11.2,33,16,28,2,35,10,266,5,24
211,Tim Hardaway Jr.\hardati02,SG,29,DAL,42,1245,,50%,48%,2%,,1.3,-3.5,17,12,26,1,43,13,220,9,18
212,James Harden\hardeja01,PG,32,BRK,44,1627,29%,56%,15%,,,1.6,3.1,131,55,45,13,154,3,1012,39,66
213,Maurice Harkless\harklma01,SF,28,SAC,39,767,,2%,72%,26%,,-3.0,2.0,12,6,30,6,12,2,52,3,9
214,Jared Harper\harpeja01,PG,24,NOP,2,10,100%,,,,,-19.4,-15.5,0,1,2,0,0,0,9,0,0
215,Montrezl Harrell\harremo01,C,28,TOT,48,1168,,,,1%,99%,2.1,8.6,22,18,44,10,112,12,226,34,22
215,Montrezl Harrell\harremo01,C,28,WAS,46,1117,,,,,100%,1.7,8.4,21,16,42,10,103,12,218,30,21
215,Montrezl Harrell\harremo01,C,28,CHO,2,51,,,,23%,77%,12.0,12.9,1,2,2,0,9,0,8,4,1
216,Gary Harris\harriga01,SG,27,ORL,50,1471,4%,83%,14%,,,-8.6,0.5,21,15,34,6,32,11,232,7,26
217,Joe Harris\harrijo01,SF,30,BRK,14,423,,7%,83%,10%,,1.8,1.7,7,3,11,4,2,0,33,1,6
218,Tobias Harris\harrito02,PF,29,PHI,47,1664,,,,97%,3%,1.9,-1.7,35,29,49,15,79,2,412,23,62
219,Shaquille Harrison\harrish01,SG,28,BRK,2,23,,,72%,28%,,-10.8,-11.2,2,0,1,0,0,1,8,0,1
220,Josh Hart\hartjo01,PF-SG,26,TOT,42,1411,,3%,58%,38%,1%,-3.2,1.0,49,25,52,6,78,10,411,15,28
220,Josh Hart\hartjo01,PF,26,NOP,41,1374,,2%,58%,39%,1%,-3.7,0.5,48,24,50,6,73,9,406,13,28
220,Josh Hart\hartjo01,SG,26,POR,1,37,,48%,52%,,,14.7,19.2,1,1,2,0,5,1,5,2,0
221,Isaiah Hartenstein\harteis01,C,23,LAC,44,695,,,,,100%,8.7,13.5,24,6,52,8,37,5,193,11,11
222,Udonis Haslem\hasleud01,C,41,MIA,9,57,,,,8%,92%,8.7,3.8,1,2,6,0,2,1,7,1,3
223,Sam Hauser\hausesa01,SF,24,BOS,10,41,,,45%,55%,,-0.5,-5.5,0,0,2,0,0,0,3,0,0
224,Jaxson Hayes\hayesja02,C,21,NOP,44,725,,,,19%,81%,-3.4,0.8,10,6,49,16,54,3,47,16,10
225,Killian Hayes\hayeski01,PG,20,DET,44,1093,64%,35%,1%,,,-12.7,-3.5,42,16,58,4,21,8,432,2,20
226,Gordon Hayward\haywago01,SF,31,CHO,48,1547,,3%,78%,19%,,0.0,1.6,41,22,35,15,67,8,437,17,27
227,Aaron Henry\henryaa01,SF,22,PHI,6,17,,11%,69%,21%,,-51.1,-54.1,1,0,2,0,0,0,0,0,2
228,Juancho Hernangómez\hernaju01,PF,26,TOT,24,148,,,8%,77%,16%,-10.8,-14.7,5,2,3,1,7,0,16,1,1
228,Juancho Hernangómez\hernaju01,PF,26,BOS,18,96,,,12%,84%,5%,-17.4,-23.2,3,2,3,1,5,0,8,1,1
228,Juancho Hernangómez\hernaju01,PF,26,SAS,5,51,,,,64%,37%,3.3,3.0,2,0,0,0,2,0,8,0,0
228,Juancho Hernangómez\hernaju01,PF,26,UTA,1,1,,,,100%,,-100.0,-106.7,0,0,0,0,0,0,0,0,0
229,Willy Hernangómez\hernawi01,C,27,NOP,29,480,,,,,100%,-6.5,-3.1,12,11,29,5,39,1,93,9,19
230,Tyler Herro\herroty01,SG,22,MIA,46,1504,25%,68%,8%,,,4.1,-1.9,70,40,34,5,50,8,438,8,56
231,Buddy Hield\hieldbu01,SG,29,TOT,57,1654,,34%,63%,3%,,-4.8,-1.4,53,29,55,5,24,3,273,5,35
231,Buddy Hield\hieldbu01,SG,29,SAC,55,1574,,31%,66%,3%,,-5.2,-1.7,51,28,51,5,24,3,250,5,31
231,Buddy Hield\hieldbu01,SG,29,IND,2,80,3%,87%,10%,,,2.6,5.8,2,1,4,0,0,0,23,0,4
232,Haywood Highsmith\highsha01,SF,25,MIA,4,42,,,36%,62%,2%,-10.3,-15.5,0,0,1,0,0,0,0,0,0
233,George Hill\hillge01,SG,35,MIL,41,1044,60%,39%,1%,,,13.6,16.1,22,4,27,3,9,8,252,1,12
234,Malcolm Hill\hillma01,SF-SG,26,TOT,16,196,,8%,63%,30%,,-5.0,-7.3,0,1,11,0,6,2,10,1,2
234,Malcolm Hill\hillma01,SG,26,ATL,3,46,,24%,65%,11%,,7.9,7.8,0,0,5,0,2,0,2,0,0
234,Malcolm Hill\hillma01,SF,26,CHI,13,150,,3%,62%,35%,,-8.9,-11.9,0,1,6,0,4,2,8,1,2
235,Solomon Hill\hillso01,PF,30,ATL,13,139,,,49%,51%,,16.0,16.6,0,0,6,1,0,0,32,0,1
236,Nate Hinton\hintona01,SG,22,IND,2,2,,100%,,,,93.3,96.5,1,0,0,0,0,0,0,0,0
237,Jaylen Hoard\hoardja01,SF,22,OKC,1,2,,,,100%,,-100.0,-92.8,0,0,0,0,0,0,0,0,0
238,Aaron Holiday\holidaa01,PG,25,TOT,42,672,100%,,,,,-6.2,-4.3,20,12,30,2,15,7,187,3,10
238,Aaron Holiday\holidaa01,PG,25,WAS,41,663,100%,,,,,-6.6,-4.6,19,12,28,2,15,7,187,3,10
238,Aaron Holiday\holidaa01,PG,25,PHO,1,9,100%,,,,,23.8,15.2,1,0,2,0,0,0,0,0,0
239,Jrue Holiday\holidjr01,PG,31,MIL,44,1442,99%,1%,,,,10.8,15.3,67,34,41,6,44,4,709,6,37
240,Justin Holiday\holidju01,SF-SG,32,TOT,51,1476,,12%,75%,12%,1%,-3.0,-0.3,36,17,55,1,15,9,222,2,11
240,Justin Holiday\holidju01,SF,32,IND,49,1416,,10%,77%,12%,1%,-3.5,-0.9,32,16,54,1,14,9,207,2,10
240,Justin Holiday\holidju01,SG,32,SAC,2,60,,63%,26%,11%,,9.5,14.2,4,1,1,0,1,0,15,0,1
241,Richaun Holmes\holmeri01,C,28,SAC,39,980,,,,,100%,-5.2,-1.1,16,17,67,12,43,4,114,16,19
242,Rodney Hood\hoodro01,SF,29,MIL,39,581,1%,11%,41%,46%,2%,-1.3,-6.2,5,1,17,0,5,2,77,1,0
243,Scotty Hopson\hopsosc01,SG,32,OKC,1,18,,21%,79%,,,-14.2,-7.0,1,0,0,1,0,0,2,0,0
244,Al Horford\horfoal01,C,35,BOS,49,1388,,,,2%,99%,5.5,0.9,28,9,49,7,34,0,385,7,11
245,Talen Horton-Tucker\hortota01,SG,21,LAL,41,1057,,13%,80%,7%,,-0.3,1.8,34,16,52,8,36,6,260,7,21
246,Danuel House Jr.\houseda01,SF,28,TOT,24,371,,2%,40%,57%,1%,-7.9,-4.5,15,5,13,0,12,2,77,2,7
246,Danuel House Jr.\houseda01,SF,28,HOU,16,233,,,11%,88%,1%,-7.3,2.5,11,5,10,0,5,1,48,1,5
246,Danuel House Jr.\houseda01,SF,28,NYK,1,3,,,100%,,,14.3,15.4,0,0,0,0,0,0,0,0,0
246,Danuel House Jr.\houseda01,SF,28,UTA,7,135,,6%,88%,6%,,-9.4,-16.9,4,0,3,0,7,1,29,1,2
247,Dwight Howard\howardw01,C,36,LAL,41,594,,,,,100%,-1.2,0.3,4,9,46,15,41,1,53,6,15
248,Markus Howard\howarma02,SG,22,DEN,22,134,4%,65%,31%,,,4.3,2.5,4,0,5,1,2,4,15,0,6
249,Kevin Huerter\huertke01,SG,23,ATL,49,1424,1%,89%,10%,,,3.8,7.7,37,16,47,3,15,4,326,4,13
250,Jay Huff\huffja01,C,23,LAL,4,20,,,,,100%,31.5,33.2,0,1,1,0,0,1,3,0,0
251,Elijah Hughes\hugheel01,SF-SG,23,TOT,15,123,,38%,52%,10%,,-26.9,-34.1,2,4,5,1,1,1,15,0,0
251,Elijah Hughes\hugheel01,SF,23,UTA,14,112,,32%,57%,11%,,-30.8,-39.1,2,4,3,1,1,1,15,0,0
251,Elijah Hughes\hugheel01,SG,23,POR,1,11,,100%,,,,13.2,17.5,0,0,2,0,0,0,0,0,0
252,De'Andre Hunter\huntede01,SF,24,ATL,28,811,,,82%,18%,,-3.3,-5.0,9,16,27,6,33,11,88,7,20
253,Chandler Hutchison\hutchch01,SF,25,PHO,6,22,,16%,54%,30%,,30.6,22.2,0,2,0,0,1,0,5,0,0
254,Bones Hyland\hylanbo01,PG,21,DEN,44,784,33%,66%,1%,,,0.3,-2.3,19,17,40,5,19,2,211,3,26
255,Serge Ibaka\ibakase01,C,32,LAC,35,538,,,,16%,84%,-3.0,-2.0,11,11,25,7,13,0,85,3,10
256,Andre Iguodala\iguodan01,SF,38,GSW,26,518,,10%,65%,23%,2%,11.5,4.7,18,4,14,0,5,7,239,0,1
257,Joe Ingles\inglejo01,SF,34,UTA,45,1122,,,91%,9%,,7.9,2.0,28,11,15,4,6,4,383,1,8
258,Brandon Ingram\ingrabr01,SF,24,NOP,42,1448,,50%,44%,6%,,0.5,9.6,50,37,37,19,100,7,547,28,38
259,Kyrie Irving\irvinky01,PG,29,BRK,14,507,29%,71%,,,,-1.0,-1.6,24,8,14,1,21,2,180,8,10
260,Wes Iwundu\iwundwe01,SF,27,ATL,3,82,1%,7%,64%,29%,,0.7,0.6,0,1,3,0,2,1,0,0,4
261,Frank Jackson\jacksfr01,PG,23,DET,43,968,40%,59%,1%,,,-10.3,0.4,17,8,41,2,35,8,102,8,19
262,Isaiah Jackson\jacksis01,PF,20,IND,20,193,,,,22%,78%,-6.1,-3.2,1,3,15,6,13,2,17,3,5
263,Jaren Jackson Jr.\jacksja02,PF,22,MEM,57,1591,,,3%,55%,42%,5.3,0.7,27,24,96,37,115,6,145,26,75
264,Josh Jackson\jacksjo02,SF,24,DET,39,707,,,47%,53%,,-9.2,1.9,29,5,32,1,28,12,115,9,17
265,Justin Jackson\jacksju01,SF,26,TOT,7,37,,44%,22%,34%,,-22.0,-30.8,1,0,2,0,0,0,5,0,0
265,Justin Jackson\jacksju01,SF,26,BOS,1,2,,,,100%,,-125.0,-130.1,0,0,0,0,0,0,0,0,0
265,Justin Jackson\jacksju01,SF,26,PHO,6,35,,46%,24%,30%,,-16.1,-25.1,1,0,2,0,0,0,5,0,0
266,Reggie Jackson\jacksre01,SG,31,LAC,54,1659,66%,34%,,,,-2.7,-3.1,79,25,44,6,39,20,548,8,25
267,LeBron James\jamesle01,SF,37,LAL,40,1469,,,31%,63%,7%,-0.6,1.8,78,23,43,14,107,13,632,39,33
268,DeJon Jarreau\jarrede01,SG,24,IND,1,1,,100%,,,,0.0,3.1,0,0,0,0,0,0,0,0,0
269,DaQuan Jeffries\jeffrda01,SG,24,MEM,3,9,,10%,53%,37%,,-28.2,-33.3,0,0,1,0,0,0,2,0,0
270,Ty Jerome\jeromty01,SG,24,OKC,47,782,30%,65%,5%,,,-3.4,5.3,19,12,26,2,19,3,267,4,18
271,Isaiah Joe\joeis01,SG,22,PHI,40,493,27%,63%,10%,,,0.6,-2.4,8,2,17,2,10,6,66,5,4
272,Alize Johnson\johnsal02,PF,25,TOT,19,139,,,8%,25%,66%,-19.4,-21.9,1,5,10,3,5,0,20,2,5
272,Alize Johnson\johnsal02,PF,25,CHI,16,121,,,4%,20%,76%,-21.8,-25.1,0,4,10,3,4,0,20,1,3
272,Alize Johnson\johnsal02,PF,25,WAS,3,18,,,39%,61%,,-3.8,-0.6,1,1,0,0,1,0,0,1,2
273,B.J. Johnson\johnsbj01,SF,26,ORL,4,65,1%,49%,50%,,,-11.2,-2.5,0,0,3,0,0,0,0,0,2
274,Cameron Johnson\johnsca02,PF,25,PHO,53,1379,,,4%,90%,6%,8.5,-0.3,15,9,46,3,36,14,163,11,20
275,David Johnson\johnsda08,SG,20,TOR,2,2,,100%,,,,-50.0,-52.1,0,0,0,0,0,0,0,0,0
276,Jalen Johnson\johnsja05,PF,20,ATL,13,58,,,,83%,17%,-10.6,-11.0,2,0,3,0,1,0,3,0,1
277,James Johnson\johnsja01,PF,34,BRK,41,778,,,29%,66%,6%,-0.7,-1.5,18,6,42,3,19,1,192,4,15
278,Joe Johnson\johnsjo02,SG,40,BOS,1,2,,,100%,,,-125.0,-130.1,0,0,0,0,0,0,0,0,0
279,Keldon Johnson\johnske04,SF,22,SAS,53,1653,,2%,47%,50%,1%,1.4,2.5,33,18,50,11,70,7,242,15,47
280,Keon Johnson\johnske07,SG,19,LAC,15,135,45%,55%,1%,,,-0.5,0.9,3,3,14,0,8,3,29,1,4
281,Stanley Johnson\johnsst04,PF,25,LAL,23,509,,,1%,58%,41%,0.1,1.9,2,3,29,4,16,3,74,5,4
282,Tyler Johnson\johnsty01,PG,29,TOT,6,91,100%,,,,,-6.1,-7.6,1,1,3,0,0,2,16,0,1
282,Tyler Johnson\johnsty01,PG,29,PHI,3,38,100%,,,,,8.8,6.3,0,1,1,0,0,0,5,0,1
282,Tyler Johnson\johnsty01,PG,29,SAS,3,53,100%,,,,,-16.8,-17.5,1,0,2,0,0,2,11,0,0
283,Nikola Jokić\jokicni01,C,26,DEN,50,1649,,,,,100%,9.9,20.7,117,47,66,13,120,9,927,49,39
284,Carlik Jones\jonesca03,PG,24,TOT,5,23,100%,,,,,-33.2,-36.4,2,1,0,0,0,0,11,0,0
284,Carlik Jones\jonesca03,PG,24,DAL,3,19,100%,,,,,-35.5,-39.0,2,1,0,0,0,0,11,0,0
284,Carlik Jones\jonesca03,PG,24,DEN,2,4,100%,,,,,-22.2,-24.2,0,0,0,0,0,0,0,0,0
285,Damian Jones\jonesda03,C,26,SAC,37,564,,,,,100%,-7.0,-3.2,14,11,41,8,33,3,102,10,12
286,Derrick Jones Jr.\jonesde02,PF,24,CHI,32,556,,,37%,51%,13%,3.0,0.9,4,6,39,4,23,3,40,6,14
287,Herbert Jones\joneshe01,PF,23,NOP,53,1587,,,6%,92%,3%,-0.1,9.4,26,15,67,9,49,12,264,11,36
288,Jemerrio Jones\jonesje01,SF,26,LAL,2,15,,,19%,81%,,-43.3,-42.1,0,0,0,0,0,0,0,0,0
289,Kai Jones\joneska01,C,21,CHO,17,48,,,12%,55%,33%,-10.2,-9.7,2,2,3,0,1,0,9,0,0
290,Mason Jones\jonesma05,SG,23,LAL,2,9,,100%,,,,-29.0,-27.7,0,1,0,0,1,0,0,0,0
291,Tre Jones\jonestr01,PG,22,SAS,45,607,100%,,,,,-3.3,-4.7,13,9,17,2,16,10,264,6,19
292,Tyus Jones\jonesty01,PG,25,MEM,51,1047,100%,,,,,6.7,2.7,21,9,9,1,14,2,515,4,13
293,DeAndre Jordan\jordade01,C,33,LAL,31,399,,,,,100%,-9.5,-9.4,5,8,29,6,13,0,31,1,6
294,Cory Joseph\josepco01,PG,30,DET,45,1082,93%,7%,,,,-8.4,3.6,32,21,36,9,27,22,437,11,12
295,Georgios Kalaitzakis\kalaige01,SF,23,MIL,9,48,,15%,68%,15%,2%,-50.5,-55.0,2,0,1,1,3,0,0,1,0
296,Frank Kaminsky\kaminfr01,C,28,PHO,9,181,,,,,100%,8.8,0.1,0,3,9,1,10,2,31,4,3
297,Luke Kennard\kennalu01,SG,25,LAC,48,1341,8%,85%,7%,,,3.5,9.4,23,10,25,5,15,2,255,5,11
298,Braxton Key\keybr01,SF,24,PHI,2,6,,,,100%,,-28.6,-31.2,1,1,1,0,0,0,2,0,0
299,George King\kingge03,SF,28,DAL,4,19,,,26%,74%,,-60.0,-63.7,1,0,3,0,1,0,0,0,1
300,Louis King\kinglo02,SF,22,SAC,10,104,,8%,56%,35%,1%,-14.7,-10.6,0,0,7,0,5,2,21,1,1
301,Corey Kispert\kispeco01,SF,22,WAS,50,955,1%,35%,60%,4%,,1.6,7.4,8,6,19,4,19,4,111,3,14
302,Maxi Kleber\klebima01,PF,30,DAL,40,1001,,,,69%,31%,2.8,-0.6,6,7,49,8,14,16,115,4,10
303,Brandon Knight\knighbr03,PG,30,DAL,3,54,49%,51%,,,,3.3,0.1,2,0,2,1,0,1,20,0,2
304,Nathan Knight\knighna01,PF,24,MIN,28,194,,,,28%,72%,0.6,-0.9,4,2,10,5,23,0,34,3,6
305,Kevin Knox\knoxke01,SF,22,TOT,20,157,,4%,38%,58%,1%,-14.7,-14.6,3,1,4,0,4,1,17,0,2
305,Kevin Knox\knoxke01,SF,22,NYK,13,111,,,26%,72%,1%,-23.0,-22.9,2,0,3,0,4,0,7,0,1
305,Kevin Knox\knoxke01,SF,22,ATL,7,46,,13%,66%,22%,,5.3,5.2,1,1,1,0,0,1,10,0,1
306,John Konchar\konchjo01,SG,25,MEM,50,925,17%,65%,18%,,,3.6,-2.1,17,4,39,0,14,4,175,0,4
307,Furkan Korkmaz\korkmfu01,SG,24,PHI,49,1175,1%,23%,71%,5%,,0.9,-3.1,25,5,23,1,29,9,281,4,15
308,Luke Kornet\kornelu01,C,26,TOT,3,18,,,,11%,89%,30.2,26.3,0,0,2,0,1,0,3,1,1
308,Luke Kornet\kornelu01,C,26,CLE,2,15,,,,13%,87%,54.9,51.0,0,0,1,0,1,0,3,1,1
308,Luke Kornet\kornelu01,C,26,MIL,1,3,,,,,100%,-93.3,-97.0,0,0,1,0,0,0,0,0,0
309,Vit Krejci\krejcvi01,SG,21,OKC,4,18,,41%,59%,,,5.6,12.8,1,0,0,0,1,0,4,0,0
310,Arnoldas Kulboka\kulboar01,SF,24,CHO,1,3,,,,100%,,-120.0,-119.4,0,0,0,0,0,0,0,0,0
311,Jonathan Kuminga\kuminjo01,SF,19,GSW,45,631,,,12%,58%,30%,3.1,-5.9,18,12,35,7,53,3,72,7,22
312,Kyle Kuzma\kuzmaky01,PF,26,WAS,52,1719,,,4%,87%,9%,-6.1,-8.5,50,38,57,14,75,6,371,19,31
313,Anthony Lamb\lamban01,SF,24,SAS,2,8,,,50%,50%,,25.8,25.6,0,0,0,0,0,0,5,0,1
314,Jeremy Lamb\lambje01,SF-SG,29,TOT,40,644,,36%,57%,7%,1%,3.5,7.9,13,5,20,1,30,1,131,7,6
314,Jeremy Lamb\lambje01,SF,29,IND,39,613,,35%,57%,7%,1%,1.5,5.9,13,5,20,1,30,1,120,7,6
314,Jeremy Lamb\lambje01,SG,29,SAC,1,31,,40%,60%,,,42.9,47.8,0,0,0,0,0,0,11,0,0
315,Jock Landale\landajo01,C,26,SAS,36,366,,,,3%,97%,0.2,-0.1,10,4,22,5,13,3,82,5,10
316,Romeo Langford\langfro01,SG,22,BOS,44,728,3%,43%,52%,2%,,1.3,-5.0,9,3,27,1,17,3,49,6,14
317,Zach LaVine\lavinza01,SF,26,CHI,47,1624,,17%,68%,15%,,3.0,1.8,49,56,36,11,93,1,487,29,40
318,Jake Layman\laymaja01,SF,27,MIN,23,169,,3%,60%,37%,,-12.7,-15.0,3,3,5,1,5,0,17,2,3
319,Damion Lee\leeda03,SG,29,GSW,46,934,3%,69%,27%,1%,,1.5,-9.2,8,10,35,7,12,9,108,2,9
320,Saben Lee\leesa01,PG,22,DET,28,407,100%,,,,,-9.1,1.7,18,3,10,1,20,6,158,3,15
321,Alex Len\lenal01,C,28,SAC,33,557,,,,,100%,-6.6,-2.8,13,11,49,14,26,1,108,6,12
322,Caris LeVert\leverca01,SG,27,TOT,42,1309,10%,61%,29%,,,-1.6,2.1,33,31,41,5,69,13,445,14,42
322,Caris LeVert\leverca01,SG,27,IND,39,1214,8%,60%,31%,,,-1.4,2.9,29,30,39,5,67,11,415,14,38
322,Caris LeVert\leverca01,SG,27,CLE,3,95,26%,72%,3%,,,-3.1,-7.6,4,1,2,0,2,2,30,0,4
323,Kira Lewis Jr.\lewiski01,PG,20,NOP,24,341,92%,8%,,,,-15.5,-13.2,19,5,8,0,6,4,120,2,6
324,Scottie Lewis\lewissc01,SG,21,CHO,2,7,33%,67%,,,,-26.7,-26.1,0,0,0,0,0,0,2,0,0
325,Damian Lillard\lillada01,PG,31,POR,29,1056,100%,,,,,-1.5,4.4,59,17,21,4,53,9,505,8,22
326,Nassir Little\littlna01,SF,21,POR,42,1088,,,64%,35%,,-0.7,5.9,15,15,50,5,44,5,147,12,14
327,Isaiah Livers\liveris01,SF,23,DET,1,5,,,,100%,,-18.2,-7.6,1,0,1,0,0,0,0,0,0
328,Kevon Looney\looneke01,C,25,GSW,57,1217,,,,1%,99%,7.8,0.4,21,14,78,13,48,2,231,7,30
329,Brook Lopez\lopezbr01,C,33,MIL,1,28,,,,,100%,-6.4,-10.0,0,0,2,0,0,0,0,0,2
330,Robin Lopez\lopezro01,C,33,ORL,26,459,,,,,100%,-6.8,2.4,8,6,27,15,17,1,101,4,4
331,Didi Louzada\louzama01,SF,22,NOP,2,7,,,,100%,,-37.9,-34.0,0,0,0,0,0,0,2,0,0
332,Kevin Love\loveke01,PF,33,CLE,49,1091,,,23%,70%,7%,4.2,-0.1,35,14,26,8,49,21,242,8,8
333,Kyle Lowry\lowryky01,PG,35,MIA,44,1493,100%,,,,,6.4,3.3,95,16,48,9,42,35,848,9,15
334,Timothé Luwawu-Cabarrot\luwawti01,SF,26,ATL,35,447,,5%,87%,8%,,-4.7,-5.8,8,1,13,2,10,7,66,2,5
335,Trey Lyles\lylestr01,PF,26,DET,51,990,,,,35%,65%,-8.1,3.8,25,14,51,11,93,6,145,33,18
336,Théo Maledon\maledth01,PG,20,OKC,29,404,84%,16%,,,,-17.0,-11.5,16,4,12,0,15,4,84,3,6
337,Sandro Mamukelashvili\mamuksa01,PF,22,MIL,31,301,,,1%,40%,60%,-20.3,-26.7,4,3,12,0,6,0,41,2,7
338,Terance Mann\mannte01,SF,25,LAC,57,1635,,10%,66%,24%,,-1.4,0.0,24,13,48,8,43,14,339,8,30
339,Tre Mann\manntr01,PG,20,OKC,43,835,100%,,,,,-7.6,-0.6,15,14,41,2,22,2,102,5,22
340,Boban Marjanović\marjabo01,C,33,DAL,17,98,,,,,100%,16.8,14.1,2,4,10,2,8,1,5,4,5
341,Lauri Markkanen\markkla01,PF,24,CLE,38,1148,,,,74%,26%,7.3,5.3,12,12,36,3,33,5,133,8,33
342,Naji Marshall\marshna01,SF,24,NOP,31,301,,11%,68%,21%,,-5.3,-1.5,12,7,12,2,16,4,59,1,9
343,Caleb Martin\martica02,SF,26,MIA,44,1009,,19%,60%,21%,,4.1,-1.3,13,8,30,7,35,14,119,6,16
344,Cody Martin\martico01,SF,26,CHO,49,1334,8%,65%,26%,1%,,1.4,3.9,21,15,34,3,34,21,315,8,24
345,Kelan Martin\martike03,SF,26,IND,27,444,,3%,68%,28%,1%,-5.6,-3.0,9,1,17,1,7,0,51,1,10
346,Kenyon Martin Jr.\martike04,SF,21,HOU,52,1021,,,17%,75%,8%,-5.7,6.2,17,9,44,6,43,3,177,10,37
347,Garrison Mathews\mathega01,SG,25,HOU,38,1046,,15%,84%,1%,,-5.6,6.5,13,5,59,2,42,48,96,10,13
348,Dakota Mathias\mathida01,SG,26,MEM,6,16,80%,20%,,,,-37.5,-42.7,0,0,0,0,0,0,2,0,0
349,Wesley Matthews\matthwe02,SG,35,MIL,28,538,15%,45%,39%,2%,,13.0,11.8,5,3,25,1,5,15,47,2,6
350,Tyrese Maxey\maxeyty01,PG,21,PHI,49,1745,99%,1%,,,,3.6,2.8,32,16,58,7,76,4,554,24,36
351,Skylar Mays\mayssk01,SG,24,ATL,22,202,23%,63%,14%,,,-7.3,-8.0,6,2,4,0,4,2,44,3,4
352,Miles McBride\mcbrimi01,PG,21,NYK,21,151,95%,5%,,,,11.9,13.7,1,2,7,0,1,0,58,1,3
353,Mac McClung\mccluma01,PG,23,CHI,1,3,,100%,,,,-60.0,-62.4,1,0,0,0,0,0,0,0,0
354,CJ McCollum\mccolcj01,SG,30,TOT,38,1340,5%,89%,7%,,,-4.9,-0.6,43,21,39,5,36,5,423,10,34
354,CJ McCollum\mccolcj01,SG,30,POR,36,1267,4%,90%,7%,,,-4.1,0.2,38,18,36,5,34,5,398,9,30
354,CJ McCollum\mccolcj01,SG,30,NOP,2,73,16%,79%,5%,,,-18.1,-14.5,5,3,3,0,2,0,25,1,4
355,T.J. McConnell\mccontj01,PG,29,IND,24,581,100%,,,,,-4.0,-1.1,21,5,23,0,7,9,284,3,8
356,Jaden McDaniels\mcdanja02,PF,21,MIN,54,1402,,,34%,66%,,-1.4,-5.7,24,8,97,9,29,11,153,15,25
357,Jalen McDaniels\mcdanja01,SF,24,CHO,39,685,,,29%,68%,3%,3.0,4.8,7,15,31,3,22,6,107,6,3
358,Doug McDermott\mcderdo01,PF,30,SAS,41,1002,,,,97%,3%,-2.3,-4.2,14,13,34,2,12,1,114,2,19
359,JaVale McGee\mcgeeja01,C,34,PHO,50,811,,,,,100%,7.6,-1.5,18,20,68,24,49,6,75,19,10
360,Cameron McGriff\mcgrica01,SF,24,POR,3,46,,,14%,78%,8%,7.5,11.9,0,0,4,0,1,0,8,0,0
361,Rodney McGruder\mcgruro01,SG,30,DET,31,426,,34%,61%,6%,,0.5,13.2,5,4,14,3,5,3,62,0,8
362,Alfonzo McKinnie\mckinal01,SF,29,CHI,17,206,,6%,47%,47%,,-12.7,-16.2,2,1,14,1,3,1,10,0,4
363,JaQuori McLaughlin\mclauja01,PG,24,DAL,4,11,50%,50%,,,,-41.8,-45.2,0,0,1,0,0,0,5,0,0
364,Jordan McLaughlin\mclaujo01,PG,25,MIN,39,482,100%,,,,,-1.1,-3.1,16,4,7,0,11,5,277,3,11
365,Ben McLemore\mclembe01,SG,28,POR,40,745,3%,76%,21%,,,-7.6,-4.7,12,7,35,1,10,6,84,1,11
366,De'Anthony Melton\meltode01,SG,23,MEM,49,1116,16%,82%,2%,,,8.0,5.1,34,22,39,4,27,6,311,2,26
367,Sam Merrill\merrisa01,SG,25,MEM,6,58,66%,15%,11%,8%,,-11.5,-16.8,2,0,2,0,2,1,8,1,0
368,Chimezie Metu\metuch01,C,24,SAC,40,895,,,,74%,26%,-3.8,0.9,16,18,21,5,29,7,111,4,23
369,Khris Middleton\middlkh01,SF,30,MIL,45,1434,,10%,51%,37%,2%,5.7,4.7,87,33,51,8,69,4,556,18,26
370,C.J. Miles\milescj01,SG,34,BOS,1,2,,100%,,,,-125.0,-130.1,0,0,1,0,0,0,0,0,0
371,Patty Mills\millspa02,PG,33,BRK,55,1704,100%,,,,,2.4,5.7,34,8,29,5,15,29,318,6,20
372,Paul Millsap\millspa01,PF,36,BRK,24,270,,,10%,61%,30%,0.2,-0.2,3,4,30,2,7,1,56,1,3
373,Shake Milton\miltosh01,PG,25,PHI,29,714,61%,39%,,,,-1.9,-6.1,21,7,26,6,27,3,193,12,14
374,Davion Mitchell\mitchda01,PG,23,SAC,52,1350,62%,38%,,,,-2.6,3.6,41,12,44,3,17,11,446,5,25
375,Donovan Mitchell\mitchdo01,SG,25,UTA,44,1466,49%,51%,,,,9.2,5.7,64,50,39,13,90,8,562,30,33
376,Evan Mobley\mobleev01,PF,20,CLE,49,1667,,,32%,36%,32%,4.4,0.5,30,46,69,7,86,0,301,22,33
377,Malik Monk\monkma01,SG,23,LAL,51,1378,20%,51%,29%,,,2.9,8.8,47,13,50,5,31,4,298,10,22
378,Greg Monroe\monrogr01,C,31,TOT,9,139,,,,,100%,1.9,0.2,7,0,8,0,7,0,34,2,10
378,Greg Monroe\monrogr01,C,31,MIN,3,63,,,,,100%,-5.3,-6.9,4,0,4,0,3,0,26,1,2
378,Greg Monroe\monrogr01,C,31,WAS,2,18,,,,,100%,18.9,22.2,2,0,1,0,0,0,2,0,2
378,Greg Monroe\monrogr01,C,31,MIL,4,58,,,,,100%,4.5,0.9,1,0,3,0,4,0,6,1,6
379,Moses Moody\moodymo01,SG,19,GSW,33,309,,41%,50%,9%,,-5.1,-14.4,4,1,15,2,8,3,27,1,1
380,Xavier Moon\moonxa01,SG,27,LAC,6,83,94%,7%,,,,-8.7,-7.5,2,1,3,0,1,0,27,0,3
381,Matt Mooney\moonema01,SG,24,NYK,1,2,100%,,,,,-90.0,-89.0,1,0,0,0,0,0,0,0,0
382,Ja Morant\moranja01,PG,22,MEM,45,1489,90%,10%,,,,4.6,-0.8,97,42,29,3,129,4,719,32,76
383,Juwan Morgan\morgaju01,PF,24,TOR,1,27,,,47%,53%,,-45.5,-48.0,0,0,1,0,0,0,2,0,0
384,Jaylen Morris\morrija01,SG,26,SAS,3,16,59%,41%,,,,14.3,14.0,0,1,1,0,1,0,6,0,1
385,Marcus Morris\morrima03,PF,32,LAC,33,995,,,31%,60%,9%,-6.5,-7.7,21,13,34,3,34,7,185,8,17
386,Markieff Morris\morrima02,PF,32,MIA,10,187,,,,86%,14%,8.4,3.7,5,2,11,3,3,1,36,1,1
387,Monte Morris\morrimo01,PG,26,DEN,51,1529,87%,13%,,,,7.4,12.5,33,10,26,4,21,8,527,5,26
388,Emmanuel Mudiay\mudiaem01,PG,25,SAC,2,11,100%,,,,,-16.4,-12.0,1,0,1,0,1,0,9,0,0
389,Mychal Mulder\muldemy01,PG,27,ORL,15,195,84%,16%,,,,-14.4,-6.0,5,1,3,1,1,1,8,0,6
390,Ade Murkey\murkead01,SG,24,SAC,1,1,,,100%,,,-16.7,-12.2,0,0,0,0,0,0,0,0,0
391,Trey Murphy III\murphtr02,SF,21,NOP,40,514,,1%,51%,45%,2%,-4.6,-0.7,7,4,16,1,13,6,50,3,7
392,Dejounte Murray\murrade01,PG,25,SAS,50,1719,95%,5%,,,,2.1,4.7,86,24,36,7,70,8,1091,20,42
393,Mike Muscala\muscami01,C,30,OKC,43,592,,,,,100%,0.5,10.0,4,6,35,3,26,3,55,7,10
394,Svi Mykhailiuk\mykhasv01,SF,24,TOR,42,649,11%,50%,36%,3%,,-7.7,-12.9,13,9,21,2,14,6,98,2,11
395,Abdel Nader\naderab01,SF,28,PHO,14,145,,13%,86%,1%,,-1.6,-10.9,8,2,6,1,4,3,20,0,2
396,Larry Nance Jr.\nancela02,PF,29,POR,37,858,,,,48%,52%,-1.3,4.3,12,3,24,8,21,10,186,5,9
397,RJ Nembhard Jr.\nembhrj01,SG,22,CLE,7,44,53%,39%,8%,,,-2.1,-6.5,1,1,2,0,1,0,24,0,3
398,Aaron Nesmith\nesmiaa01,SF,22,BOS,39,398,,24%,67%,10%,,0.5,-5.3,12,3,28,3,9,5,28,5,2
399,Raul Neto\netora01,PG,29,WAS,46,914,90%,10%,,,,-2.2,1.5,40,9,29,3,32,16,294,12,14
400,Malik Newman\newmama01,PG,24,CLE,1,8,100%,,,,,0.8,-3.5,1,0,0,0,1,0,3,0,0
401,Georges Niang\niangge01,PF,28,PHI,52,1201,,,31%,66%,3%,4.8,4.1,22,10,57,8,19,9,182,5,22
402,Daishen Nix\nixda01,SG,19,HOU,8,67,,11%,76%,14%,,-2.7,7.0,6,3,1,0,2,0,25,1,1
403,Zeke Nnaji\nnajize01,PF,21,DEN,39,651,,,3%,53%,43%,-3.2,-6.8,7,7,34,7,31,3,40,4,18
404,Nerlens Noel\noelne01,C,27,NYK,25,562,,,,,100%,-4.4,-4.2,3,7,33,6,10,6,53,4,4
405,Jaylen Nowell\nowelja01,SG,22,MIN,40,603,18%,57%,25%,,,-0.9,-3.0,13,5,31,0,24,3,202,8,11
406,Frank Ntilikina\ntilila01,PG,23,DAL,46,586,18%,79%,3%,,,3.9,0.9,19,2,23,5,10,7,122,2,8
407,Jusuf Nurkić\nurkiju01,C,27,POR,54,1514,,,,,100%,-1.6,5.8,51,40,78,38,120,6,372,33,44
408,David Nwaba\nwabada01,SF,29,HOU,35,485,,3%,50%,43%,4%,-6.6,3.7,10,4,23,1,25,2,66,5,18
409,Jordan Nwora\nworajo01,SF,23,MIL,43,820,,1%,37%,52%,10%,-4.5,-11.5,18,13,27,3,8,5,108,0,13
410,Royce O'Neale\onealro01,SF,28,UTA,52,1634,,24%,75%,1%,,6.1,-1.5,29,6,61,3,16,13,326,6,11
411,Semi Ojeleye\ojelese01,PF,27,MIL,20,308,,1%,6%,75%,18%,-18.3,-24.5,3,2,12,0,5,1,14,1,6
412,Chuma Okeke\okekech01,PF,23,ORL,47,1110,,,6%,90%,4%,-10.7,-3.2,23,9,33,3,22,4,172,3,10
413,Josh Okogie\okogijo01,SG,23,MIN,33,408,1%,39%,56%,4%,,0.4,-1.1,9,4,19,1,15,16,46,2,8
414,Onyeka Okongwu\okongon01,C,21,ATL,24,522,,,,2%,98%,5.1,6.1,10,7,47,7,24,1,66,5,10
415,Isaac Okoro\okorois01,SF,21,CLE,42,1213,1%,77%,22%,1%,,4.8,1.0,16,14,45,7,50,13,184,11,19
416,KZ Okpala\okpalkz01,PF,22,MIA,21,244,,,1%,56%,43%,4.3,-0.7,1,2,17,2,6,0,35,1,2
417,Cameron Oliver\oliveca01,SF,25,ATL,2,43,,,,38%,62%,3.5,3.4,0,0,3,0,2,0,7,1,0
418,Kelly Olynyk\olynyke01,C,30,DET,19,389,,,,,100%,-12.7,-2.4,14,7,24,8,19,8,135,7,9
419,Eugene Omoruyi\omorueu01,SF,24,DAL,4,18,,,,100%,,2.6,-0.6,0,0,1,0,1,0,4,0,0
420,Miye Oni\onimi01,SG,24,UTA,16,44,,10%,84%,6%,,-28.8,-36.1,0,0,4,0,1,0,14,1,0
421,Cedi Osman\osmande01,SF,26,CLE,45,1043,,28%,62%,10%,,1.3,-4.7,22,11,31,6,40,9,223,12,18
422,Daniel Oturu\oturuda01,C,22,TOR,3,27,,,,,100%,-42.1,-44.6,0,0,1,0,3,0,0,1,2
423,Kelly Oubre Jr.\oubreke01,SF,26,CHO,52,1475,1%,34%,58%,7%,,-1.3,-1.4,22,23,54,3,66,12,143,19,33
424,Jaysean Paige\paigeja01,PG,27,DET,1,7,,100%,,,,-69.6,-59.2,1,0,2,0,0,0,3,0,0
425,Trayvon Palmer\palmetr01,SG,27,DET,1,17,,,100%,,,-33.9,-23.5,1,0,1,0,0,0,0,0,0
426,Kevin Pangos\pangoke01,PG,29,CLE,24,166,93%,7%,,,,-12.0,-17.3,3,3,5,1,0,1,70,0,1
427,Jabari Parker\parkeja01,PF,26,BOS,12,112,,,,28%,72%,-1.2,-6.4,5,2,10,1,3,0,13,1,2
428,Eric Paschall\pascher01,PF,25,UTA,42,556,,,3%,80%,17%,1.6,-6.4,7,11,16,7,32,2,63,7,15
429,Chris Paul\paulch01,PG,36,PHO,56,1861,100%,,,,,10.5,5.8,95,26,42,5,31,8,1366,7,12
430,Cameron Payne\payneca01,PG,27,PHO,40,815,74%,26%,,,,5.3,-4.8,38,21,34,7,29,17,355,8,23
431,Elfrid Payton\paytoel01,PG,27,PHO,36,428,49%,48%,3%,,,1.8,-8.2,21,6,10,2,12,1,183,4,22
432,Gary Payton II\paytoga02,PG,29,GSW,54,892,37%,63%,,,,9.4,2.6,17,3,24,5,22,3,106,6,8
433,Norvel Pelle\pelleno01,C,28,UTA,3,19,,,,5%,95%,-56.0,-63.1,1,0,0,0,0,0,0,0,0
434,Reggie Perry\perryre01,PF,21,TOT,3,51,,,,,100%,-14.7,-10.8,1,0,4,0,1,0,5,0,1
434,Reggie Perry\perryre01,PF,21,POR,2,41,,,,,100%,-13.7,-9.6,1,0,2,0,1,0,5,0,1
434,Reggie Perry\perryre01,PF,21,IND,1,10,,,,,100%,-19.0,-16.0,0,0,2,0,0,0,0,0,0
435,Jamorko Pickett\pickeja01,PF,24,DET,6,47,,,,75%,26%,-27.0,-16.7,0,3,2,0,0,0,2,0,0
436,Theo Pinson\pinsoth01,SF,26,DAL,16,120,,5%,42%,54%,,-16.8,-21.0,2,0,4,0,2,0,30,0,0
437,Mason Plumlee\plumlma01,C,31,CHO,49,1249,,,,,100%,0.0,1.3,34,15,80,12,53,4,364,10,23
438,Jakob Poeltl\poeltja01,C,26,SAS,47,1352,,,,,100%,4.7,8.6,31,13,92,21,65,9,306,16,28
439,Aleksej Pokusevski\pokusal01,PF,20,OKC,40,646,,,1%,66%,33%,-6.8,0.5,23,16,23,7,6,3,113,0,13
440,Yves Pons\ponsyv01,SF,22,MEM,7,22,,18%,78%,4%,,-2.7,-7.8,0,0,2,0,1,0,0,0,1
441,Jordan Poole\poolejo01,SG,22,GSW,51,1481,23%,71%,6%,,,7.8,0.4,61,29,50,13,65,11,420,18,44
442,Kevin Porter Jr.\porteke02,PG,21,HOU,38,1143,98%,2%,,,,-7.5,3.6,91,34,37,7,49,12,573,10,25
443,Michael Porter Jr.\portemi01,SF,23,DEN,9,265,,,91%,9%,,9.6,8.4,5,2,6,4,5,0,38,3,4
444,Otto Porter Jr.\porteot01,PF,28,GSW,46,996,,,,65%,35%,10.6,4.6,11,4,40,3,14,3,190,3,4
445,Bobby Portis\portibo01,C,26,MIL,48,1380,,,,2%,98%,7.4,7.8,15,21,56,18,34,3,156,7,29
446,Kristaps Porziņģis\porzikr01,PF,26,DAL,34,1002,,,,39%,61%,2.0,-1.9,19,19,35,11,66,1,164,10,18
447,Micah Potter\pottemi01,C,23,DET,3,31,,,,,100%,-56.2,-46.2,0,0,1,1,2,1,0,2,0
448,Dwight Powell\poweldw01,C,30,DAL,57,1164,,,,,100%,2.5,-1.2,11,10,72,20,58,10,148,20,17
449,Myles Powell\powelmy01,PG,24,PHI,11,52,100%,,,,,-14.6,-17.5,1,1,3,0,0,1,8,0,1
450,Norman Powell\powelno01,SF-SG,28,TOT,43,1413,2%,21%,70%,7%,,-8.0,-6.9,30,28,46,4,103,6,228,20,30
450,Norman Powell\powelno01,SF,28,POR,40,1333,,18%,75%,7%,,-7.6,-6.5,27,27,41,3,92,6,200,18,29
450,Norman Powell\powelno01,SG,28,LAC,3,80,33%,67%,,,,-15.5,-14.4,3,1,5,1,11,0,28,2,1
451,Joshua Primo\primojo01,SG,19,SAS,28,443,2%,36%,59%,3%,,-2.7,-3.6,18,4,19,4,9,6,92,1,5
452,Taurean Prince\princta02,PF,27,MIN,45,698,,2%,66%,32%,,-2.6,-5.3,18,5,39,2,21,19,94,7,6
453,Payton Pritchard\pritcpa01,SG,24,BOS,47,570,80%,20%,,,,-4.0,-11.3,15,7,14,1,3,3,192,1,8
454,Trevelin Queen\queentr01,SG,24,HOU,8,69,32%,67%,1%,,,1.3,11.1,2,4,4,1,2,1,8,1,0
455,Neemias Queta\quetane01,C,22,SAC,10,56,,,,,100%,-4.3,0.1,1,1,4,2,3,0,8,1,3
456,Immanuel Quickley\quickim01,PG,22,NYK,53,1135,54%,46%,,,,7.5,14.3,38,15,41,6,36,4,373,8,23
457,Jahmi'us Ramsey\ramseja01,SG,20,SAC,19,134,27%,66%,7%,,,-9.3,-5.1,0,4,4,1,6,0,16,0,3
458,Julius Randle\randlju01,PF,27,NYK,55,1952,,,2%,91%,8%,-4.8,-13.3,84,58,62,31,119,3,751,31,45
459,Austin Reaves\reaveau01,SG,23,LAL,38,803,7%,55%,37%,2%,,6.9,11.7,12,3,25,1,22,23,124,8,7
460,Cam Reddish\reddica01,SF,22,TOT,41,881,,1%,82%,17%,,-9.9,-13.7,18,20,21,3,46,5,100,8,21
460,Cam Reddish\reddica01,SF,22,ATL,34,797,,1%,80%,19%,,-9.5,-13.8,17,16,20,3,38,5,93,7,20
460,Cam Reddish\reddica01,SF,22,NYK,7,84,,,100%,,,-14.3,-13.6,1,4,1,0,8,0,7,1,1
461,Davon Reed\reedda01,SG,26,DEN,29,399,,15%,65%,20%,,4.8,3.4,2,4,20,0,2,0,77,1,2
462,Paul Reed\reedpa01,C,22,PHI,23,213,,,,31%,69%,-12.3,-16.1,1,3,15,4,4,1,26,0,6
463,Naz Reid\reidna01,C,22,MIN,54,864,,,,10%,90%,-4.6,-8.7,18,20,62,11,55,5,117,12,25
464,Nick Richards\richani01,C,24,CHO,41,344,,,,,100%,-11.3,-12.1,5,5,17,8,20,4,32,7,8
465,Josh Richardson\richajo01,SG,28,BOS,44,1087,1%,82%,16%,,,3.1,-3.1,19,9,39,3,25,6,166,3,17
466,Austin Rivers\riverau01,SG,29,DEN,42,879,2%,59%,39%,1%,,0.6,-2.0,15,14,28,2,9,3,122,1,11
467,Duncan Robinson\robindu01,SG,27,MIA,54,1474,2%,60%,38%,1%,,2.9,-4.4,21,11,66,6,13,10,196,3,19
468,Justin Robinson\robinju01,PG,24,TOT,25,304,87%,14%,,,,-18.3,-18.2,13,3,18,0,1,11,77,0,1
468,Justin Robinson\robinju01,PG,24,MIL,17,198,100%,,,,,-10.6,-15.2,9,1,12,0,0,8,51,0,0
468,Justin Robinson\robinju01,PG,24,SAC,3,15,100%,,,,,-67.5,-63.4,0,1,2,0,0,0,5,0,1
468,Justin Robinson\robinju01,PG,24,DET,5,91,55%,45%,,,,-27.1,-17.1,4,1,4,0,1,3,21,0,0
469,Mitchell Robinson\robinmi01,C,23,NYK,51,1285,,,,,100%,-1.7,-1.3,9,8,76,14,65,4,54,18,20
470,Jeremiah Robinson-Earl\robinje02,C,21,OKC,44,1014,,,,18%,82%,-11.2,-6.5,9,19,46,4,21,9,117,2,23
471,Isaiah Roby\robyis01,PF,23,OKC,20,282,,1%,7%,40%,53%,-5.2,2.3,2,10,19,4,11,1,35,3,7
472,Rajon Rondo\rondora01,PG,35,TOT,30,549,93%,8%,,,,-3.3,-5.2,45,9,17,1,3,5,294,1,9
472,Rajon Rondo\rondora01,PG,35,LAL,18,289,89%,12%,,,,-10.3,-9.9,28,6,11,0,0,5,155,0,4
472,Rajon Rondo\rondora01,PG,35,CLE,12,260,97%,3%,,,,4.4,0.2,17,3,6,1,3,0,139,1,5
473,Derrick Rose\rosede01,PG,33,NYK,26,636,100%,,,,,6.3,9.6,25,13,6,0,15,4,245,3,17
474,Terrence Ross\rosste01,SG,30,ORL,49,1197,,26%,74%,,,-12.4,-6.3,42,14,16,5,49,3,234,18,20
475,Terry Rozier\roziete01,SG,27,CHO,49,1644,29%,70%,,,,-0.7,-0.1,41,14,38,4,48,14,508,19,35
476,Ricky Rubio\rubiori01,PG,31,CLE,34,970,47%,53%,,,,8.8,7.2,61,18,20,6,30,15,527,5,26
477,D'Angelo Russell\russeda01,PG,25,MIN,43,1379,64%,36%,,,,6.0,9.3,75,26,36,7,45,9,707,6,21
478,Domantas Sabonis\sabondo01,C-PF,25,TOT,49,1698,,,,51%,50%,-0.6,5.1,52,54,75,31,119,7,606,31,39
478,Domantas Sabonis\sabondo01,C,25,IND,47,1632,,,,51%,49%,-1.1,4.7,50,53,70,30,116,7,579,30,37
478,Domantas Sabonis\sabondo01,PF,25,SAC,2,66,,,,39%,61%,11.7,16.6,2,1,5,1,3,0,27,1,2
479,Olivier Sarr\sarrol01,C,22,OKC,2,14,,,,,100%,-26.6,-19.5,0,0,1,0,1,0,0,0,1
480,Tomáš Satoranský\satorto01,SG,30,NOP,32,481,10%,57%,33%,1%,,-14.4,-12.6,13,7,6,1,15,5,182,5,6
481,Jordan Schakel\schakjo01,SG,23,WAS,2,14,9%,91%,,,,18.2,21.5,0,0,0,0,0,0,0,0,2
482,Admiral Schofield\schofad01,SF,24,ORL,22,246,,8%,53%,39%,,-4.1,5.2,6,2,19,1,3,3,37,1,2
483,Dennis Schröder\schrode01,SG,28,BOS,49,1433,48%,51%,,,,1.7,-6.7,61,26,31,14,60,18,508,16,42
484,Tre Scott\scotttr01,SF,25,CLE,2,11,,,17%,83%,,20.3,16.2,0,0,0,0,0,0,0,0,0
485,Jay Scrubb\scrubja01,SG,21,LAC,18,121,25%,60%,16%,,,6.0,7.8,4,2,4,0,3,1,17,2,0
486,Wayne Selden\seldewa01,SG,27,NYK,3,19,47%,48%,5%,,,-28.8,-27.9,0,0,0,0,2,0,2,0,1
487,Alperen Şengün\sengual01,C,19,HOU,47,878,,,,29%,71%,-11.6,-3.0,35,31,73,17,65,19,285,17,30
488,Collin Sexton\sextoco01,SG,23,CLE,11,316,8%,86%,6%,,,-6.2,-11.8,14,9,6,3,20,3,57,5,16
489,Landry Shamet\shamela01,SG,24,PHO,45,891,1%,81%,19%,,,7.5,-1.7,17,4,19,2,23,7,164,3,19
490,Day'Ron Sharpe\sharpda01,PF,20,BRK,28,370,,,,,100%,6.7,7.3,9,10,31,4,18,2,36,4,14
491,Pascal Siakam\siakapa01,PF,27,TOR,42,1590,,,,52%,48%,5.0,7.3,54,33,66,17,106,5,552,26,34
492,Chris Silva\silvach01,PF,25,TOT,10,91,,,,19%,81%,-13.3,-18.6,2,2,13,4,6,2,17,1,3
492,Chris Silva\silvach01,PF,25,MIN,1,3,,,,,100%,-75.0,-76.5,0,0,0,0,0,0,0,0,0
492,Chris Silva\silvach01,PF,25,MIA,9,88,,,,19%,81%,-11.2,-16.7,2,2,13,4,6,2,17,1,3
493,Marko Simonovic\simonma01,C,22,CHI,9,35,,,,8%,92%,9.3,7.1,0,0,3,0,3,0,0,1,3
494,Anfernee Simons\simonan01,SG,22,POR,51,1486,65%,34%,1%,,,-1.2,6.6,44,31,46,8,32,5,475,8,34
495,Jericho Sims\simsje01,PF,23,NYK,18,117,,,,4%,96%,-7.4,-6.6,0,2,8,0,2,1,2,0,0
496,Deividas Sirvydis\sirvyde01,SG,21,DET,3,27,,3%,69%,28%,,-45.5,-35.3,0,0,1,0,0,1,2,0,1
497,Javonte Smart\smartja01,PG,22,MIL,13,160,77%,24%,,,,-8.0,-12.3,5,3,6,0,3,0,33,0,7
498,Marcus Smart\smartma01,PG,27,BOS,49,1624,100%,,,,,8.8,9.2,69,21,47,11,53,25,627,16,18
499,Dennis Smith Jr.\smithde03,PG,24,POR,37,638,95%,5%,,,,-8.7,-5.9,31,13,15,2,30,3,324,11,20
500,Ish Smith\smithis01,PG,33,TOT,38,531,100%,,,,,-8.3,-9.2,21,12,22,1,8,4,237,3,10
500,Ish Smith\smithis01,PG,33,CHO,37,511,100%,,,,,-8.7,-9.8,21,11,20,1,8,4,227,3,10
500,Ish Smith\smithis01,PG,33,WAS,1,20,100%,,,,,2.6,5.8,0,1,2,0,0,0,10,0,0
501,Jalen Smith\smithja04,PF,21,TOT,31,426,,,,29%,71%,5.4,-2.3,9,3,32,7,27,6,14,7,8
501,Jalen Smith\smithja04,PF,21,PHO,29,382,,,,29%,71%,7.2,-1.7,7,3,28,7,24,6,14,6,8
501,Jalen Smith\smithja04,PF,21,IND,2,44,,,,30%,71%,-9.8,-6.9,2,0,4,0,3,0,0,1,0
502,Xavier Sneed\sneedxa01,SF,24,MEM,2,8,,88%,12%,,,-45.0,-50.1,0,0,1,0,0,0,0,0,0
503,Tony Snell\snellto01,SG,30,POR,38,546,4%,24%,67%,5%,,-12.5,-10.3,9,2,21,0,2,0,48,1,3
504,Jaden Springer\sprinja01,SG,19,PHI,2,6,,37%,63%,,,-59.8,-62.6,0,1,0,0,0,0,0,0,0
505,Cassius Stanley\stanlca01,SG,22,DET,9,155,5%,49%,46%,,,-4.4,6.6,3,2,9,1,5,2,10,2,2
506,Nik Stauskas\stausni01,SG,28,MIA,2,24,,9%,91%,,,33.7,29.0,0,0,1,0,2,1,3,0,0
507,Lance Stephenson\stephla01,SG-SF,31,TOT,28,490,12%,41%,37%,10%,,-1.3,1.4,24,8,19,7,21,2,245,2,11
507,Lance Stephenson\stephla01,SF,31,ATL,6,70,,28%,48%,24%,,6.5,6.5,2,1,4,1,1,0,27,0,1
507,Lance Stephenson\stephla01,SG,31,IND,22,420,14%,43%,35%,8%,,-2.6,0.6,22,7,15,6,20,2,218,2,10
508,Lamar Stevens\stevela01,PF,24,CLE,41,586,,33%,55%,12%,,0.7,-4.5,8,12,31,2,20,2,63,8,13
509,Isaiah Stewart\stewais01,C,20,DET,48,1242,,,,2%,98%,-12.7,-3.9,13,13,65,21,37,6,132,11,29
510,Max Strus\strusma01,SF,25,MIA,45,1085,,12%,50%,38%,,4.4,-0.9,19,10,52,1,16,13,140,4,14
511,Jalen Suggs\suggsja01,PG,20,ORL,37,1030,52%,48%,,,,-8.3,0.8,57,37,49,11,56,16,404,11,38
512,Craig Sword\swordcr01,SG,28,WAS,3,19,34%,66%,,,,14.5,17.8,0,1,4,0,0,0,3,0,0
513,Keifer Sykes\sykeske01,PG,28,IND,19,358,100%,,,,,-8.0,-5.7,10,8,11,1,4,5,96,1,5
514,Jae'Sean Tate\tateja01,SF,26,HOU,53,1458,,1%,45%,54%,,-10.1,-1.1,46,27,84,18,65,18,417,19,40
515,Jayson Tatum\tatumja01,SF,23,BOS,54,1951,,,60%,40%,,8.8,12.4,68,52,45,24,130,6,556,29,65
516,Terry Taylor\taylote01,SG,22,IND,11,179,,19%,73%,8%,,-7.6,-4.8,2,0,10,1,5,2,43,2,9
517,Garrett Temple\templga01,SG,35,NOP,52,1007,18%,81%,1%,,,-14.9,-17.3,19,10,37,7,16,6,160,4,13
518,Emanuel Terry\terryem01,PF,25,PHO,3,18,,,,8%,93%,-51.4,-60.4,2,1,2,1,0,0,4,0,0
519,Tyrell Terry\terryty01,PG,21,MEM,2,3,100%,,,,,-25.0,-30.0,0,0,0,0,0,0,0,0,0
520,Jon Teske\teskejo01,C,24,MEM,3,8,,,,,100%,-25.8,-30.9,0,0,0,0,0,0,3,0,0
521,Daniel Theis\theisda01,C,29,HOU,26,584,,,,61%,40%,-17.4,-10.0,17,6,34,6,17,6,52,4,7
522,Brodric Thomas\thomabr01,SG,25,BOS,7,28,61%,39%,,,,12.0,7.1,1,2,1,0,1,0,14,0,0
523,Cam Thomas\thomaca02,SG,20,BRK,45,854,1%,54%,42%,3%,,-4.7,-7.4,14,14,32,3,27,0,123,8,18
524,Isaiah Thomas\thomais02,PG,32,TOT,5,114,100%,,,,,-12.9,-12.4,3,1,6,0,5,1,23,0,1
524,Isaiah Thomas\thomais02,PG,32,LAL,4,101,100%,,,,,-13.3,-12.3,3,1,6,0,5,1,15,0,1
524,Isaiah Thomas\thomais02,PG,32,DAL,1,13,100%,,,,,-9.9,-13.2,0,0,0,0,0,0,8,0,0
525,Matt Thomas\thomama02,SG,27,CHI,33,431,46%,50%,3%,,,1.5,-0.9,4,1,8,0,5,1,46,1,5
526,Klay Thompson\thompkl01,SG,31,GSW,14,346,,48%,48%,5%,,11.3,4.3,9,7,15,0,12,1,99,2,6
527,Tristan Thompson\thomptr01,PF,30,TOT,32,485,,,,49%,51%,-8.0,-3.9,2,9,21,15,24,1,47,4,20
527,Tristan Thompson\thomptr01,PF,30,SAC,30,455,,,,52%,47%,-5.7,-1.5,2,9,20,14,23,0,44,4,19
527,Tristan Thompson\thomptr01,PF,30,IND,2,30,,,,,100%,-42.9,-40.2,0,0,1,1,1,1,3,0,1
528,JT Thor\thorjt01,PF,19,CHO,17,144,,4%,21%,16%,59%,5.2,6.2,3,1,9,0,7,1,27,4,2
529,Matisse Thybulle\thybuma01,SG,24,PHI,41,1096,2%,46%,50%,2%,,2.7,0.3,15,8,39,2,8,16,114,3,1
530,Killian Tillie\tilliki02,C,23,MEM,32,427,,,,29%,71%,5.5,0.6,6,2,36,1,2,2,47,0,9
531,Xavier Tillman Sr.\tillmxa01,PF,23,MEM,39,510,,,28%,63%,10%,-1.8,-8.2,7,6,30,9,23,0,97,4,6
532,Isaiah Todd\toddis01,PF,20,WAS,9,35,,,12%,49%,39%,14.1,17.5,1,0,1,0,1,0,3,0,0
533,Obi Toppin\toppiob01,PF,23,NYK,52,794,,,,97%,3%,8.4,13.3,11,9,31,10,41,1,123,8,21
534,Juan Toscano-Anderson\toscaju01,SF,28,GSW,55,805,,5%,66%,27%,2%,3.9,-5.2,32,8,45,8,21,5,261,5,17
535,Karl-Anthony Towns\townska01,C,26,MIN,50,1707,,,,,100%,4.0,6.9,66,28,73,51,138,5,500,51,66
536,Gary Trent Jr.\trentga02,SG,23,TOR,46,1607,15%,84%,1%,,,4.0,5.0,19,14,33,9,40,12,223,10,24
537,P.J. Tucker\tuckepj01,PF,36,MIA,50,1415,,,,94%,6%,6.8,3.7,20,9,45,13,12,17,270,2,13
538,Rayjon Tucker\tuckera01,SG,24,DEN,3,29,23%,71%,6%,,,2.7,0.8,0,0,0,0,1,0,11,0,0
539,Myles Turner\turnemy01,C,25,IND,42,1235,,,,,100%,-0.4,4.7,18,13,70,17,52,8,107,15,15
540,Jonas Valančiūnas\valanjo01,C,29,NOP,50,1568,,,,,100%,-2.1,4.3,37,27,75,41,92,5,291,17,30
541,Denzel Valentine\valende01,SG,28,TOT,24,222,5%,65%,31%,,,-4.9,-10.1,4,6,7,0,0,0,29,0,1
541,Denzel Valentine\valende01,SG,28,CLE,22,204,5%,71%,25%,,,-5.5,-10.5,4,4,7,0,0,0,29,0,1
541,Denzel Valentine\valende01,SG,28,UTA,2,18,,,100%,,,1.3,-5.4,0,2,0,0,0,0,0,0,0
542,Jarred Vanderbilt\vandeja01,PF,22,MIN,52,1349,,,1%,95%,4%,5.7,8.2,25,13,60,8,39,12,174,12,34
543,Fred VanVleet\vanvlfr01,PG,27,TOR,49,1889,97%,3%,,,,4.8,9.5,86,32,46,8,59,20,815,14,33
544,Devin Vassell\vassede01,SF,21,SAS,49,1254,,14%,71%,15%,,2.6,4.2,21,10,47,2,25,6,196,5,20
545,Gabe Vincent\vincega01,PG,25,MIA,48,1154,67%,33%,,,,3.9,-1.9,50,12,48,10,16,22,390,2,13
546,Nikola Vučević\vucevni01,C,31,CHI,50,1689,,,,,100%,2.5,0.4,42,30,85,15,35,1,451,9,27
547,Dean Wade\wadede01,PF,25,CLE,42,809,,,58%,38%,4%,1.5,-3.9,9,6,30,1,10,2,118,4,3
548,Franz Wagner\wagnefr01,SF,20,ORL,58,1856,,1%,70%,29%,1%,-6.6,6.6,43,30,62,4,73,6,404,15,73
549,Moritz Wagner\wagnemo01,C,24,ORL,45,564,,,,24%,76%,-6.6,2.8,10,5,28,12,34,18,127,11,11
550,Ish Wainright\wainris01,PF,27,PHO,29,215,,3%,36%,58%,4%,7.8,-0.9,3,1,17,6,3,2,26,1,4
551,Kemba Walker\walkeke02,PG,31,NYK,35,901,100%,,,,,-10.0,-13.4,29,14,21,0,27,24,306,5,16
552,Lonnie Walker IV\walkelo01,SG,23,SAS,52,1177,2%,55%,43%,1%,,-1.0,-2.3,26,14,39,3,41,1,283,6,21
553,M.J. Walker\walkemj01,SG,23,PHO,2,8,,65%,35%,,,-11.7,-20.4,0,0,0,0,0,0,2,0,1
554,Derrick Walton\waltode01,PG,26,DET,3,108,100%,,,,,-2.2,8.7,7,2,4,1,2,0,50,0,1
555,Brad Wanamaker\wanambr01,PG,32,TOT,23,320,92%,8%,,,,-4.6,-2.0,15,5,17,1,12,1,133,5,12
555,Brad Wanamaker\wanambr01,PG,32,IND,22,293,92%,9%,,,,-7.7,-5.1,15,5,16,1,10,1,117,4,12
555,Brad Wanamaker\wanambr01,PG,32,WAS,1,27,100%,,,,,28.5,32.0,0,0,1,0,2,0,16,1,0
556,Duane Washington Jr.\washidu02,PG,21,IND,26,531,61%,40%,,,,-11.5,-10.5,17,10,24,0,12,6,115,2,16
557,P.J. Washington\washipj01,PF,23,CHO,41,1011,,,1%,25%,74%,-0.4,0.5,32,16,61,5,29,4,208,5,19
558,Yuta Watanabe\watanyu01,SF,27,TOR,24,359,,5%,60%,31%,3%,-7.8,-11.4,8,6,13,2,13,3,38,2,6
559,Lindy Waters III\waterli01,SG,24,OKC,2,5,,45%,55%,,,-62.5,-55.4,0,0,0,0,0,0,0,0,0
560,Tremont Waters\watertr01,PG,24,TOT,3,50,100%,,,,,-18.1,-19.7,2,2,3,0,0,0,16,0,0
560,Tremont Waters\watertr01,PG,24,TOR,2,42,100%,,,,,-26.7,-29.2,2,2,2,0,0,0,16,0,0
560,Tremont Waters\watertr01,PG,24,WAS,1,8,100%,,,,,27.2,30.5,0,0,1,0,0,0,0,0,0
561,Trendon Watford\watfotr01,SF,21,POR,31,379,,,,43%,57%,-11.5,-8.5,10,2,29,8,17,3,75,4,4
562,Paul Watson\watsopa01,SF,27,OKC,9,156,,13%,27%,60%,,-18.3,-11.8,2,0,4,2,0,0,19,0,1
563,Quinndary Weatherspoon\weathqu01,SG,25,GSW,5,33,7%,62%,31%,,,-9.1,-16.9,2,0,1,1,1,0,5,0,0
564,Russell Westbrook\westbru01,PG,33,LAL,56,1937,91%,8%,1%,,,-3.3,-6.1,148,47,56,19,127,10,1006,26,60
565,Coby White\whiteco01,PG,21,CHI,37,1027,99%,1%,,,,-0.7,-4.8,21,12,46,10,30,4,227,6,20
566,Derrick White\whitede01,SG,27,TOT,51,1543,15%,79%,6%,,,2.0,2.6,50,28,66,5,73,38,646,17,19
566,Derrick White\whitede01,SG,27,SAS,49,1486,16%,78%,6%,,,1.4,2.2,49,27,63,4,70,37,631,16,19
566,Derrick White\whitede01,SG,27,BOS,2,57,3%,93%,4%,,,18.4,13.6,1,1,3,1,3,1,15,1,0
567,Hassan Whiteside\whiteha01,C,32,UTA,44,813,,,,,100%,9.5,4.1,7,11,84,13,53,2,45,15,25
568,Joe Wieskamp\wieskjo01,SG,22,SAS,15,92,3%,7%,90%,,,-5.6,-6.1,1,0,4,0,3,1,11,0,1
569,Aaron Wiggins\wiggiaa01,SG,23,OKC,32,698,9%,70%,20%,1%,,-1.8,7.3,17,5,27,2,21,0,78,7,9
570,Andrew Wiggins\wiggian01,SF,26,GSW,52,1649,,1%,65%,32%,2%,8.6,2.5,32,24,54,11,89,7,289,26,30
571,Lindell Wigginton\wiggili01,PG,23,MIL,7,43,100%,,,,,-37.0,-41.1,3,1,3,0,0,0,11,0,0
572,Brandon Williams\willibr03,PG,22,POR,2,12,100%,,,,,77.2,81.8,0,0,0,0,3,0,4,1,0
573,Grant Williams\willigr01,PF,23,BOS,53,1211,,,3%,93%,4%,1.2,-6.6,18,8,57,9,18,15,143,4,8
574,Kenrich Williams\willike04,SF,27,OKC,48,1045,,3%,62%,34%,1%,0.5,12.5,21,18,36,4,27,20,249,3,18
575,Lou Williams\willilo02,PG,35,ATL,38,556,81%,19%,,,,-1.5,-2.1,21,8,8,0,21,2,181,4,6
576,Patrick Williams\willipa01,PF,20,CHI,5,125,,,,80%,20%,3.8,1.6,2,0,3,0,0,1,7,0,2
577,Robert Williams\williro04,C,24,BOS,47,1408,,,,39%,61%,8.2,6.3,26,12,67,7,37,1,231,11,9
578,Ziaire Williams\willizi02,SF,20,MEM,38,821,,2%,96%,2%,,2.0,-4.3,9,7,45,1,11,5,85,3,11
579,D.J. Wilson\wilsodj01,PF,25,TOR,3,48,,,,18%,82%,-15.9,-18.3,2,0,4,0,1,0,8,0,1
580,Dylan Windler\windldy01,SF,25,CLE,37,344,,63%,36%,2%,,-1.9,-7.0,7,2,23,2,5,1,61,1,4
581,Justise Winslow\winslju01,SF,25,TOT,41,602,,,10%,74%,16%,2.5,5.6,23,15,23,5,21,2,157,2,17
581,Justise Winslow\winslju01,SF,25,LAC,37,479,,,8%,72%,20%,5.2,8.0,21,12,20,4,18,1,128,1,14
581,Justise Winslow\winslju01,SF,25,POR,4,123,,,20%,80%,,-7.9,-3.8,2,3,3,1,3,1,29,1,3
582,Cassius Winston\winstca01,PG,23,WAS,3,17,83%,17%,,,,-23.3,-20.2,1,0,1,0,0,0,10,0,0
583,Christian Wood\woodch01,C,26,HOU,52,1617,,,,,100%,-10.6,-2.8,37,34,69,22,98,5,281,22,41
584,Robert Woodard II\woodaro01,SF,22,SAC,12,42,,,48%,52%,,12.5,17.2,0,1,3,0,1,1,7,0,2
585,Delon Wright\wrighde01,SG,29,ATL,51,927,40%,59%,1%,,,1.5,2.0,21,10,16,0,16,10,321,2,12
586,McKinley Wright IV\wrighmc01,PG,23,MIN,3,9,86%,14%,,,,-50.0,-51.6,1,0,1,0,0,0,3,0,0
587,Moses Wright\wrighmo01,PF,23,LAC,1,1,,,,,100%,16.7,18.1,0,0,0,0,0,0,2,0,0
588,Thaddeus Young\youngth01,PF,33,SAS,26,370,,,2%,7%,91%,-3.6,-4.6,19,9,19,2,7,5,139,4,9
589,Trae Young\youngtr01,PG,23,ATL,51,1763,100%,,,,,0.8,2.0,160,38,33,4,95,20,1106,20,66
590,Omer Yurtseven\yurtsom01,C,23,MIA,40,564,,,,,100%,7.1,2.7,10,8,41,11,27,3,104,8,13
591,Cody Zeller\zelleco01,C,29,POR,27,355,,,,,100%,-2.8,1.7,5,3,19,8,17,4,56,1,14
592,Ivica Zubac\zubaciv01,C,24,LAC,52,1256,,,,,100%,-7.3,-10.6,27,21,77,16,68,5,165,8,28